session_id,cart_value,payment_method,device,diagnosis,duration_sec,attempt_count,events_count,sequence_entropy,mean_inter_event_time,is_returning_customer,assigned_action,realized_outcome,realized_rto,true_propensity_score,pi_0_none,pi_0_wa,pi_0_sms,pi_0_email
sess_42_000000,2693.52,upi,mobile_android,price_shock_breakdown,456,2,9,0.582,50.67,0,whatsapp,0,0,0.579300138099923,0.11695868075619749,0.579300138099923,0.17448184855563614,0.12925933258824335
sess_42_000001,1029.21,upi,desktop,otp_timeout,191,1,9,0.635,21.22,0,sms,0,0,0.5468864821310532,0.14904395356123945,0.12202686834091331,0.5468864821310532,0.18204269596679412
sess_42_000002,3246.79,upi,mobile_android,price_shock_breakdown,87,1,8,0.861,10.88,0,whatsapp,0,0,0.579300138099923,0.11695868075619749,0.579300138099923,0.17448184855563614,0.12925933258824335
sess_42_000003,1129.04,upi,mobile_ios,upi_app_switch_abort,352,1,7,0.847,50.29,0,whatsapp,1,1,0.483942482820616,0.1780324901391686,0.483942482820616,0.24031872484904457,0.0977063021911707
sess_42_000004,2997.06,upi,mobile_android,genuine_browse_abandon,578,2,7,0.858,82.57,1,none,0,0,0.39614560278704986,0.39614560278704986,0.39614560278704986,0.11931676263392972,0.0883920317919707
sess_42_000005,2241.53,card,mobile_ios,genuine_browse_abandon,571,1,8,0.86,71.38,0,email,0,0,0.07772002399982632,0.7014242657747766,0.11594465130421318,0.10491105892118391,0.07772002399982632
sess_42_000006,1527.15,cod,mobile_android,otp_timeout,89,2,8,0.853,11.12,0,sms,0,0,0.45962498828569537,0.2282430144379751,0.18686957509559202,0.45962498828569537,0.12526242218073758
sess_42_000007,1209.57,upi,mobile_android,price_shock_breakdown,484,2,12,0.685,40.33,0,whatsapp,0,0,0.2202427743860977,0.26900513210002774,0.2202427743860977,0.3631189468483686,0.14763314666550595
sess_42_000008,1997.97,netbanking,mobile_ios,upi_app_switch_abort,312,1,9,0.611,34.67,0,none,1,0,0.1996840325575982,0.1996840325575982,0.5427974771347435,0.14792956969787008,0.10958892060978828
sess_42_000009,1924.24,cod,mobile_android,genuine_browse_abandon,287,2,11,0.923,26.09,1,sms,1,0,0.10491105892118391,0.7014242657747766,0.11594465130421318,0.10491105892118391,0.07772002399982632
sess_42_000010,824.75,cod,mobile_android,otp_timeout,408,1,8,0.813,51.0,0,sms,0,0,0.6078175404546194,0.16564960413762098,0.13562242514266395,0.6078175404546194,0.09091043026509557
sess_42_000011,2839.99,cod,mobile_android,price_shock_breakdown,111,1,8,0.439,13.88,1,whatsapp,0,0,0.579300138099923,0.11695868075619749,0.579300138099923,0.17448184855563614,0.12925933258824335
sess_42_000012,4304.92,upi,mobile_ios,genuine_browse_abandon,142,2,9,0.514,15.78,0,whatsapp,0,0,0.39614560278704986,0.39614560278704986,0.39614560278704986,0.11931676263392972,0.0883920317919707
sess_42_000013,3447.6,upi,mobile_ios,upi_app_switch_abort,373,1,9,0.778,41.44,1,whatsapp,1,0,0.8204386747606477,0.049994806056778376,0.8204386747606477,0.07442851737376392,0.0551380018088101
sess_42_000014,2289.93,card,mobile_android,genuine_browse_abandon,198,2,11,0.826,18.0,0,none,0,0,0.7014242657747766,0.7014242657747766,0.11594465130421318,0.10491105892118391,0.07772002399982632
sess_42_000015,1290.19,card,mobile_android,price_shock_breakdown,382,3,11,0.499,34.73,0,whatsapp,0,0,0.2202427743860977,0.26900513210002774,0.2202427743860977,0.3631189468483686,0.14763314666550595
sess_42_000016,1991.63,card,mobile_android,price_shock_breakdown,600,1,7,0.71,85.71,0,sms,0,0,0.23833084820766,0.32171299457016933,0.2633963223194074,0.23833084820766,0.17655983490276325
sess_42_000017,1638.28,netbanking,mobile_android,otp_timeout,215,2,10,0.722,21.5,0,whatsapp,1,1,0.18686957509559202,0.2282430144379751,0.18686957509559202,0.45962498828569537,0.12526242218073758
sess_42_000018,1984.71,card,mobile_android,genuine_browse_abandon,446,1,7,0.631,63.71,1,email,0,0,0.07772002399982632,0.7014242657747766,0.11594465130421318,0.10491105892118391,0.07772002399982632
sess_42_000019,3649.45,cod,mobile_ios,price_shock_breakdown,537,1,9,0.711,59.67,0,whatsapp,0,0,0.579300138099923,0.11695868075619749,0.579300138099923,0.17448184855563614,0.12925933258824335
sess_42_000020,1667.34,netbanking,mobile_android,price_shock_breakdown,134,1,8,0.458,16.75,1,email,0,0,0.17655983490276325,0.32171299457016933,0.2633963223194074,0.23833084820766,0.17655983490276325
sess_42_000021,455.78,cod,mobile_android,price_shock_breakdown,195,1,10,0.646,19.5,0,whatsapp,0,0,0.13420819701225414,0.2986858353899521,0.13420819701225414,0.40318370559932304,0.16392226199847068
sess_42_000022,3293.35,card,mobile_android,price_shock_breakdown,249,2,10,0.526,24.9,0,none,0,0,0.11695868075619749,0.11695868075619749,0.579300138099923,0.17448184855563614,0.12925933258824335
sess_42_000023,2435.49,upi,desktop,upi_app_switch_abort,600,1,6,0.732,100.0,0,none,0,0,0.17604075447594858,0.17604075447594858,0.47852838396019126,0.13041419849833935,0.2150166630655208
sess_42_000024,2023.2,cod,mobile_android,genuine_browse_abandon,412,1,4,0.692,103.0,0,none,0,0,0.7014242657747766,0.7014242657747766,0.11594465130421318,0.10491105892118391,0.07772002399982632
sess_42_000025,749.36,upi,mobile_android,vpa_validation_failure,491,3,10,0.442,49.1,1,sms,1,0,0.40318370559932304,0.2986858353899521,0.13420819701225414,0.40318370559932304,0.16392226199847068
sess_42_000026,968.51,upi,mobile_android,genuine_browse_abandon,227,1,9,0.916,25.22,0,none,0,0,0.6457304331194986,0.6457304331194986,0.10673852268549665,0.17598207275468647,0.07154897144031824
sess_42_000027,1057.28,netbanking,mobile_android,vpa_validation_failure,377,2,7,0.629,53.86,0,none,0,0,0.26900513210002774,0.26900513210002774,0.2202427743860977,0.3631189468483686,0.14763314666550595
sess_42_000028,1167.04,cod,mobile_ios,otp_timeout,525,1,4,0.527,131.25,0,none,0,0,0.16564960413762098,0.16564960413762098,0.13562242514266395,0.6078175404546194,0.09091043026509557
sess_42_000029,1251.9,card,mobile_android,genuine_browse_abandon,467,2,12,0.696,38.92,0,none,0,0,0.6457304331194986,0.6457304331194986,0.10673852268549665,0.17598207275468647,0.07154897144031824
sess_42_000030,745.24,upi,mobile_android,genuine_browse_abandon,346,2,11,0.75,31.45,1,email,0,0,0.07516905126682347,0.6784017024227375,0.061543213951843805,0.18488603235859524,0.07516905126682347
sess_42_000031,9079.18,upi,mobile_android,genuine_browse_abandon,78,2,10,0.914,7.8,1,none,0,0,0.39614560278704986,0.39614560278704986,0.39614560278704986,0.11931676263392972,0.0883920317919707
sess_42_000032,5577.91,upi,mobile_ios,otp_timeout,468,2,11,0.918,42.55,0,whatsapp,1,0,0.4456809751737707,0.08998143702404678,0.4456809751737707,0.36489272043655063,0.09944486736563182
sess_42_000033,2225.8,upi,mobile_android,upi_app_switch_abort,321,1,7,0.789,45.86,1,none,0,0,0.1996840325575982,0.1996840325575982,0.5427974771347435,0.14792956969787008,0.10958892060978828
sess_42_000034,1762.97,card,mobile_ios,upi_app_switch_abort,249,2,7,0.804,35.57,0,sms,1,0,0.14792956969787008,0.1996840325575982,0.5427974771347435,0.14792956969787008,0.10958892060978828
sess_42_000035,7114.56,card,mobile_android,genuine_browse_abandon,596,1,5,0.597,119.2,0,whatsapp,0,0,0.39614560278704986,0.39614560278704986,0.39614560278704986,0.11931676263392972,0.0883920317919707
sess_42_000036,6110.87,upi,mobile_android,genuine_browse_abandon,187,1,6,0.585,31.17,0,none,0,0,0.39614560278704986,0.39614560278704986,0.39614560278704986,0.11931676263392972,0.0883920317919707
sess_42_000037,1038.01,netbanking,mobile_android,otp_timeout,600,1,6,0.603,100.0,0,whatsapp,0,0,0.13562242514266395,0.16564960413762098,0.13562242514266395,0.6078175404546194,0.09091043026509557
sess_42_000038,2177.12,card,mobile_android,otp_timeout,379,2,7,0.618,54.14,0,sms,0,0,0.45962498828569537,0.2282430144379751,0.18686957509559202,0.45962498828569537,0.12526242218073758
sess_42_000039,1576.87,card,mobile_android,genuine_browse_abandon,143,1,4,0.714,35.75,0,sms,0,0,0.10491105892118391,0.7014242657747766,0.11594465130421318,0.10491105892118391,0.07772002399982632
sess_42_000040,1477.32,card,mobile_android,otp_timeout,600,2,6,0.683,100.0,0,none,1,0,0.16564960413762098,0.16564960413762098,0.13562242514266395,0.6078175404546194,0.09091043026509557
sess_42_000041,1597.02,upi,mobile_android,price_shock_breakdown,600,1,6,0.601,100.0,0,whatsapp,0,0,0.2633963223194074,0.32171299457016933,0.2633963223194074,0.23833084820766,0.17655983490276325
sess_42_000042,1695.53,cod,desktop,vpa_validation_failure,600,1,8,0.815,75.0,0,email,1,1,0.32304108720794833,0.2644836726048936,0.21654091644863488,0.19593432373852326,0.32304108720794833
sess_42_000043,2117.63,netbanking,desktop,otp_timeout,313,1,10,0.93,31.3,1,email,1,0,0.24167595100157666,0.19786753336435833,0.16200023460108376,0.39845628103298136,0.24167595100157666
sess_42_000044,2126.64,upi,mobile_ios,otp_timeout,600,2,7,0.699,85.71,0,none,1,0,0.2282430144379751,0.2282430144379751,0.18686957509559202,0.45962498828569537,0.12526242218073758
sess_42_000045,5316.85,upi,mobile_android,upi_app_switch_abort,477,1,8,0.608,59.62,0,whatsapp,1,1,0.8204386747606477,0.049994806056778376,0.8204386747606477,0.07442851737376392,0.0551380018088101
sess_42_000046,987.16,cod,mobile_android,price_shock_breakdown,294,3,13,0.829,22.62,0,email,0,0,0.14763314666550595,0.26900513210002774,0.2202427743860977,0.3631189468483686,0.14763314666550595
sess_42_000047,3733.83,cod,mobile_android,price_shock_breakdown,557,2,10,0.534,55.7,1,whatsapp,1,1,0.579300138099923,0.11695868075619749,0.579300138099923,0.17448184855563614,0.12925933258824335
sess_42_000048,807.34,card,mobile_ios,otp_timeout,378,2,10,0.739,37.8,1,email,1,0,0.09091043026509557,0.16564960413762098,0.13562242514266395,0.6078175404546194,0.09091043026509557
sess_42_000049,2159.5,netbanking,mobile_android,genuine_browse_abandon,191,3,12,0.589,15.92,1,whatsapp,0,0,0.11594465130421318,0.7014242657747766,0.11594465130421318,0.10491105892118391,0.07772002399982632
sess_42_000050,3954.12,card,mobile_android,price_shock_breakdown,553,1,9,0.531,61.44,1,none,0,0,0.11695868075619749,0.11695868075619749,0.579300138099923,0.17448184855563614,0.12925933258824335
sess_42_000051,2770.47,card,mobile_android,upi_app_switch_abort,253,2,10,0.706,25.3,1,whatsapp,1,0,0.8204386747606477,0.049994806056778376,0.8204386747606477,0.07442851737376392,0.0551380018088101
sess_42_000052,1426.13,card,mobile_android,otp_timeout,237,2,12,0.507,19.75,1,sms,0,0,0.6078175404546194,0.16564960413762098,0.13562242514266395,0.6078175404546194,0.09091043026509557
sess_42_000053,2238.58,upi,mobile_android,vpa_validation_failure,361,2,12,0.718,30.08,0,sms,1,1,0.23833084820766,0.32171299457016933,0.2633963223194074,0.23833084820766,0.17655983490276325
sess_42_000054,6243.0,upi,mobile_android,otp_timeout,424,2,11,0.876,38.55,0,email,1,0,0.09944486736563182,0.08998143702404678,0.4456809751737707,0.36489272043655063,0.09944486736563182
sess_42_000055,1160.06,upi,mobile_android,price_shock_breakdown,460,1,10,0.809,46.0,0,sms,0,0,0.3631189468483686,0.26900513210002774,0.2202427743860977,0.3631189468483686,0.14763314666550595
sess_42_000056,2765.33,netbanking,mobile_ios,price_shock_breakdown,600,2,8,0.75,75.0,0,none,0,0,0.11695868075619749,0.11695868075619749,0.579300138099923,0.17448184855563614,0.12925933258824335
sess_42_000057,3728.7,upi,mobile_android,vpa_validation_failure,375,1,4,0.452,93.75,0,whatsapp,0,0,0.579300138099923,0.11695868075619749,0.579300138099923,0.17448184855563614,0.12925933258824335
sess_42_000058,1351.52,card,mobile_android,price_shock_breakdown,399,1,5,0.464,79.8,0,none,0,0,0.26900513210002774,0.26900513210002774,0.2202427743860977,0.3631189468483686,0.14763314666550595
sess_42_000059,6644.39,netbanking,mobile_android,otp_timeout,452,1,5,0.831,90.4,0,sms,1,0,0.36489272043655063,0.08998143702404678,0.4456809751737707,0.36489272043655063,0.09944486736563182
sess_42_000060,8560.55,cod,mobile_android,upi_app_switch_abort,507,2,10,0.833,50.7,0,whatsapp,0,0,0.8204386747606477,0.049994806056778376,0.8204386747606477,0.07442851737376392,0.0551380018088101
sess_42_000061,4107.31,upi,mobile_android,upi_app_switch_abort,600,1,5,0.492,120.0,1,whatsapp,1,0,0.8204386747606477,0.049994806056778376,0.8204386747606477,0.07442851737376392,0.0551380018088101
sess_42_000062,4113.85,upi,mobile_android,otp_timeout,262,2,12,0.688,21.83,0,whatsapp,0,0,0.4456809751737707,0.08998143702404678,0.4456809751737707,0.36489272043655063,0.09944486736563182
sess_42_000063,494.46,upi,mobile_android,upi_app_switch_abort,98,1,10,0.922,9.8,0,whatsapp,0,0,0.3397850697075843,0.22776474356861084,0.3397850697075843,0.30745024516137914,0.12499994156242572
sess_42_000064,671.36,cod,mobile_android,price_shock_breakdown,600,1,6,0.825,100.0,1,email,0,0,0.16392226199847068,0.2986858353899521,0.13420819701225414,0.40318370559932304,0.16392226199847068
sess_42_000065,1697.08,upi,desktop,upi_app_switch_abort,600,1,9,0.659,66.67,1,email,0,0,0.2150166630655208,0.17604075447594858,0.47852838396019126,0.13041419849833935,0.2150166630655208
sess_42_000066,1103.99,upi,mobile_android,price_shock_breakdown,194,1,7,0.639,27.71,0,none,0,0,0.26900513210002774,0.26900513210002774,0.2202427743860977,0.3631189468483686,0.14763314666550595
sess_42_000067,2891.15,upi,desktop,upi_app_switch_abort,194,2,12,0.688,16.17,0,email,0,0,0.1145819926752455,0.049837407703541635,0.766083108012708,0.06949749160850477,0.1145819926752455
sess_42_000068,213.69,netbanking,mobile_android,price_shock_breakdown,364,2,8,0.448,45.5,0,sms,0,0,0.40318370559932304,0.2986858353899521,0.13420819701225414,0.40318370559932304,0.16392226199847068
sess_42_000069,2877.15,card,mobile_android,genuine_browse_abandon,598,1,4,0.738,149.5,1,none,0,0,0.39614560278704986,0.39614560278704986,0.39614560278704986,0.11931676263392972,0.0883920317919707
sess_42_000070,1584.77,upi,mobile_android,genuine_browse_abandon,294,2,6,0.64,49.0,0,none,0,0,0.7014242657747766,0.7014242657747766,0.11594465130421318,0.10491105892118391,0.07772002399982632
sess_42_000071,1204.3,upi,mobile_android,genuine_browse_abandon,515,1,8,0.487,64.38,1,none,0,0,0.6457304331194986,0.6457304331194986,0.10673852268549665,0.17598207275468647,0.07154897144031824
sess_42_000072,7554.86,cod,mobile_android,price_shock_breakdown,409,1,8,0.439,51.12,0,none,0,0,0.11695868075619749,0.11695868075619749,0.579300138099923,0.17448184855563614,0.12925933258824335
sess_42_000073,1435.04,upi,mobile_android,upi_app_switch_abort,573,1,4,0.723,143.25,1,sms,0,0,0.24031872484904457,0.1780324901391686,0.483942482820616,0.24031872484904457,0.0977063021911707
sess_42_000074,537.77,card,mobile_android,otp_timeout,174,2,11,0.741,15.82,1,whatsapp,1,0,0.0792825650965213,0.17644659353817646,0.0792825650965213,0.647434897682398,0.09683594368290428
sess_42_000075,2547.13,upi,mobile_android,otp_timeout,580,1,5,0.805,116.0,0,whatsapp,0,0,0.4456809751737707,0.08998143702404678,0.4456809751737707,0.36489272043655063,0.09944486736563182
sess_42_000076,2408.19,card,mobile_android,price_shock_breakdown,389,1,10,0.501,38.9,0,whatsapp,0,0,0.2633963223194074,0.32171299457016933,0.2633963223194074,0.23833084820766,0.17655983490276325
sess_42_000077,1586.91,upi,mobile_ios,upi_app_switch_abort,105,2,11,0.476,9.55,0,whatsapp,0,0,0.5427974771347435,0.1996840325575982,0.5427974771347435,0.14792956969787008,0.10958892060978828
sess_42_000078,10545.65,upi,mobile_android,upi_app_switch_abort,600,2,10,0.859,60.0,1,whatsapp,1,1,0.8204386747606477,0.049994806056778376,0.8204386747606477,0.07442851737376392,0.0551380018088101
sess_42_000079,2116.62,cod,mobile_android,upi_app_switch_abort,507,1,8,0.49,63.38,1,whatsapp,0,0,0.5427974771347435,0.1996840325575982,0.5427974771347435,0.14792956969787008,0.10958892060978828
sess_42_000080,3870.32,card,mobile_android,otp_timeout,81,1,8,0.492,10.12,1,sms,0,0,0.36489272043655063,0.08998143702404678,0.4456809751737707,0.36489272043655063,0.09944486736563182
sess_42_000081,2303.77,upi,mobile_android,price_shock_breakdown,227,2,9,0.906,25.22,0,whatsapp,0,0,0.2633963223194074,0.32171299457016933,0.2633963223194074,0.23833084820766,0.17655983490276325
sess_42_000082,4688.77,cod,mobile_ios,price_shock_breakdown,600,1,4,0.478,150.0,1,none,0,0,0.11695868075619749,0.11695868075619749,0.579300138099923,0.17448184855563614,0.12925933258824335
sess_42_000083,1410.7,upi,mobile_ios,upi_app_switch_abort,259,1,4,0.646,64.75,0,email,0,0,0.0977063021911707,0.1780324901391686,0.483942482820616,0.24031872484904457,0.0977063021911707
sess_42_000084,814.39,cod,mobile_android,genuine_browse_abandon,600,3,13,0.895,46.15,1,none,1,0,0.6457304331194986,0.6457304331194986,0.10673852268549665,0.17598207275468647,0.07154897144031824
sess_42_000085,3210.89,upi,mobile_android,vpa_validation_failure,436,2,7,0.558,62.29,1,whatsapp,1,1,0.579300138099923,0.11695868075619749,0.579300138099923,0.17448184855563614,0.12925933258824335
sess_42_000086,2263.01,netbanking,mobile_android,price_shock_breakdown,182,1,10,0.664,18.2,1,email,1,0,0.17655983490276325,0.32171299457016933,0.2633963223194074,0.23833084820766,0.17655983490276325
sess_42_000087,3282.68,cod,mobile_android,genuine_browse_abandon,408,2,8,0.921,51.0,0,none,0,0,0.39614560278704986,0.39614560278704986,0.39614560278704986,0.11931676263392972,0.0883920317919707
sess_42_000088,1138.5,upi,mobile_android,price_shock_breakdown,92,2,9,0.583,10.22,0,none,0,0,0.26900513210002774,0.26900513210002774,0.2202427743860977,0.3631189468483686,0.14763314666550595
sess_42_000089,2591.89,card,mobile_ios,genuine_browse_abandon,504,2,8,0.815,63.0,0,whatsapp,1,0,0.39614560278704986,0.39614560278704986,0.39614560278704986,0.11931676263392972,0.0883920317919707
sess_42_000090,546.92,upi,mobile_android,vpa_validation_failure,94,2,9,0.754,10.44,1,none,0,0,0.2986858353899521,0.2986858353899521,0.13420819701225414,0.40318370559932304,0.16392226199847068
sess_42_000091,1261.63,cod,desktop,price_shock_breakdown,449,2,6,0.785,74.83,1,sms,0,0,0.30748546000659815,0.22779083136758763,0.1864993589098446,0.30748546000659815,0.2782243497159696
sess_42_000092,1065.83,upi,desktop,upi_app_switch_abort,227,1,4,0.603,56.75,0,sms,0,0,0.2146195237037115,0.1589940536737414,0.4321906469343732,0.2146195237037115,0.19419577568817373
sess_42_000093,2622.73,card,mobile_android,genuine_browse_abandon,198,1,5,0.778,39.6,0,whatsapp,0,0,0.39614560278704986,0.39614560278704986,0.39614560278704986,0.11931676263392972,0.0883920317919707
sess_42_000094,1257.45,card,mobile_android,genuine_browse_abandon,197,2,8,0.72,24.62,0,whatsapp,0,0,0.10673852268549665,0.6457304331194986,0.10673852268549665,0.17598207275468647,0.07154897144031824
sess_42_000095,645.73,cod,mobile_android,price_shock_breakdown,318,1,8,0.868,39.75,1,sms,1,1,0.40318370559932304,0.2986858353899521,0.13420819701225414,0.40318370559932304,0.16392226199847068
sess_42_000096,1180.65,netbanking,desktop,otp_timeout,521,2,12,0.59,43.42,0,email,1,1,0.18204269596679412,0.14904395356123945,0.12202686834091331,0.5468864821310532,0.18204269596679412
sess_42_000097,2832.36,cod,mobile_android,upi_app_switch_abort,600,2,10,0.481,60.0,0,whatsapp,1,1,0.8204386747606477,0.049994806056778376,0.8204386747606477,0.07442851737376392,0.0551380018088101
sess_42_000098,1994.83,upi,mobile_android,price_shock_breakdown,443,1,9,0.599,49.22,1,none,0,0,0.32171299457016933,0.32171299457016933,0.2633963223194074,0.23833084820766,0.17655983490276325
sess_42_000099,1034.0,card,mobile_ios,genuine_browse_abandon,564,2,8,0.806,70.5,1,none,0,0,0.6457304331194986,0.6457304331194986,0.10673852268549665,0.17598207275468647,0.07154897144031824
sess_42_000100,3392.8,card,mobile_android,otp_timeout,600,1,8,0.689,75.0,0,sms,0,0,0.36489272043655063,0.08998143702404678,0.4456809751737707,0.36489272043655063,0.09944486736563182
sess_42_000101,5849.17,upi,desktop,price_shock_breakdown,412,1,6,0.691,68.67,0,whatsapp,0,0,0.5000810046968293,0.10096461356355876,0.5000810046968293,0.1506215041019237,0.24833287763768827
sess_42_000102,3574.64,cod,mobile_ios,genuine_browse_abandon,129,2,6,0.499,21.5,0,whatsapp,0,0,0.39614560278704986,0.39614560278704986,0.39614560278704986,0.11931676263392972,0.0883920317919707
sess_42_000103,320.34,cod,mobile_android,genuine_browse_abandon,295,1,9,0.514,32.78,1,none,0,0,0.6784017024227375,0.6784017024227375,0.061543213951843805,0.18488603235859524,0.07516905126682347
sess_42_000104,2160.01,upi,mobile_ios,genuine_browse_abandon,600,1,10,0.516,60.0,1,sms,0,0,0.10491105892118391,0.7014242657747766,0.11594465130421318,0.10491105892118391,0.07772002399982632
sess_42_000105,1625.59,upi,mobile_ios,upi_app_switch_abort,545,1,5,0.645,109.0,1,whatsapp,0,0,0.5427974771347435,0.1996840325575982,0.5427974771347435,0.14792956969787008,0.10958892060978828
sess_42_000106,392.76,upi,mobile_android,upi_app_switch_abort,600,2,9,0.704,66.67,0,sms,0,0,0.30745024516137914,0.22776474356861084,0.3397850697075843,0.30745024516137914,0.12499994156242572
sess_42_000107,686.9,cod,mobile_ios,otp_timeout,234,2,6,0.896,39.0,0,sms,0,0,0.647434897682398,0.17644659353817646,0.0792825650965213,0.647434897682398,0.09683594368290428
sess_42_000108,3292.16,cod,mobile_android,price_shock_breakdown,177,2,7,0.584,25.29,1,whatsapp,1,0,0.579300138099923,0.11695868075619749,0.579300138099923,0.17448184855563614,0.12925933258824335
sess_42_000109,2078.19,card,mobile_ios,upi_app_switch_abort,580,2,8,0.483,72.5,0,sms,1,0,0.14792956969787008,0.1996840325575982,0.5427974771347435,0.14792956969787008,0.10958892060978828
sess_42_000110,1920.76,cod,mobile_ios,price_shock_breakdown,600,1,7,0.657,85.71,1,sms,0,0,0.23833084820766,0.32171299457016933,0.2633963223194074,0.23833084820766,0.17655983490276325
sess_42_000111,1110.35,cod,desktop,genuine_browse_abandon,315,2,7,0.694,45.0,0,none,0,0,0.5936734669792981,0.5936734669792981,0.09813356405833273,0.16179489443258677,0.14639807452978248
sess_42_000112,4071.28,cod,mobile_ios,genuine_browse_abandon,600,1,9,0.734,66.67,0,whatsapp,0,0,0.39614560278704986,0.39614560278704986,0.39614560278704986,0.11931676263392972,0.0883920317919707
sess_42_000113,718.85,upi,desktop,price_shock_breakdown,460,1,5,0.858,92.0,0,none,1,0,0.24871968248815027,0.24871968248815027,0.11175695728796482,0.3357364540241366,0.3037869061997484
sess_42_000114,928.95,netbanking,mobile_android,otp_timeout,529,1,9,0.652,58.78,0,whatsapp,1,0,0.13562242514266395,0.16564960413762098,0.13562242514266395,0.6078175404546194,0.09091043026509557
sess_42_000115,1424.65,cod,mobile_android,otp_timeout,258,1,6,0.448,43.0,0,sms,1,1,0.6078175404546194,0.16564960413762098,0.13562242514266395,0.6078175404546194,0.09091043026509557
sess_42_000116,575.76,upi,mobile_android,upi_app_switch_abort,542,2,9,0.882,60.22,0,whatsapp,0,0,0.3397850697075843,0.22776474356861084,0.3397850697075843,0.30745024516137914,0.12499994156242572
sess_42_000117,933.33,card,mobile_android,otp_timeout,137,2,7,0.629,19.57,0,email,0,0,0.09091043026509557,0.16564960413762098,0.13562242514266395,0.6078175404546194,0.09091043026509557
sess_42_000118,4008.52,card,mobile_ios,price_shock_breakdown,530,3,14,0.467,37.86,0,whatsapp,0,0,0.579300138099923,0.11695868075619749,0.579300138099923,0.17448184855563614,0.12925933258824335
sess_42_000119,959.86,card,mobile_android,price_shock_breakdown,277,1,6,0.568,46.17,1,whatsapp,0,0,0.2202427743860977,0.26900513210002774,0.2202427743860977,0.3631189468483686,0.14763314666550595
sess_42_000120,3247.55,cod,mobile_android,genuine_browse_abandon,600,1,4,0.644,150.0,0,none,0,0,0.39614560278704986,0.39614560278704986,0.39614560278704986,0.11931676263392972,0.0883920317919707
sess_42_000121,2910.89,upi,mobile_android,genuine_browse_abandon,395,2,10,0.908,39.5,0,sms,0,0,0.11931676263392972,0.39614560278704986,0.39614560278704986,0.11931676263392972,0.0883920317919707
sess_42_000122,1593.48,netbanking,mobile_ios,otp_timeout,416,1,6,0.446,69.33,0,whatsapp,0,0,0.18686957509559202,0.2282430144379751,0.18686957509559202,0.45962498828569537,0.12526242218073758
sess_42_000123,623.78,upi,mobile_android,otp_timeout,547,2,9,0.873,60.78,0,sms,1,1,0.647434897682398,0.17644659353817646,0.0792825650965213,0.647434897682398,0.09683594368290428
sess_42_000124,1896.11,card,desktop,otp_timeout,574,1,9,0.481,63.78,0,sms,0,0,0.39845628103298136,0.19786753336435833,0.16200023460108376,0.39845628103298136,0.24167595100157666
sess_42_000125,371.26,upi,mobile_android,upi_app_switch_abort,304,1,4,0.743,76.0,1,whatsapp,1,0,0.3397850697075843,0.22776474356861084,0.3397850697075843,0.30745024516137914,0.12499994156242572
sess_42_000126,1216.0,upi,mobile_android,upi_app_switch_abort,302,2,11,0.519,27.45,0,email,0,0,0.0977063021911707,0.1780324901391686,0.483942482820616,0.24031872484904457,0.0977063021911707
sess_42_000127,2169.91,upi,mobile_android,vpa_validation_failure,600,2,8,0.602,75.0,0,none,1,0,0.32171299457016933,0.32171299457016933,0.2633963223194074,0.23833084820766,0.17655983490276325
sess_42_000128,3470.86,card,mobile_ios,price_shock_breakdown,322,1,5,0.85,64.4,1,whatsapp,1,0,0.579300138099923,0.11695868075619749,0.579300138099923,0.17448184855563614,0.12925933258824335
sess_42_000129,1613.54,upi,mobile_android,genuine_browse_abandon,347,3,11,0.742,31.55,1,none,0,0,0.7014242657747766,0.7014242657747766,0.11594465130421318,0.10491105892118391,0.07772002399982632
sess_42_000130,1145.99,cod,mobile_android,otp_timeout,416,2,9,0.855,46.22,1,sms,1,0,0.6078175404546194,0.16564960413762098,0.13562242514266395,0.6078175404546194,0.09091043026509557
sess_42_000131,1079.21,upi,mobile_android,price_shock_breakdown,600,2,6,0.55,100.0,0,sms,0,0,0.3631189468483686,0.26900513210002774,0.2202427743860977,0.3631189468483686,0.14763314666550595
sess_42_000132,1272.55,netbanking,mobile_android,price_shock_breakdown,501,1,9,0.676,55.67,0,whatsapp,0,0,0.2202427743860977,0.26900513210002774,0.2202427743860977,0.3631189468483686,0.14763314666550595
sess_42_000133,2887.37,upi,mobile_android,price_shock_breakdown,510,2,12,0.551,42.5,0,none,0,0,0.11695868075619749,0.11695868075619749,0.579300138099923,0.17448184855563614,0.12925933258824335
sess_42_000134,2350.94,upi,mobile_android,price_shock_breakdown,268,2,8,0.858,33.5,0,none,0,0,0.32171299457016933,0.32171299457016933,0.2633963223194074,0.23833084820766,0.17655983490276325
sess_42_000135,1778.43,card,mobile_android,upi_app_switch_abort,261,2,7,0.705,37.29,0,none,0,0,0.1996840325575982,0.1996840325575982,0.5427974771347435,0.14792956969787008,0.10958892060978828
sess_42_000136,2900.18,upi,mobile_android,vpa_validation_failure,600,1,5,0.685,120.0,1,whatsapp,1,0,0.579300138099923,0.11695868075619749,0.579300138099923,0.17448184855563614,0.12925933258824335
sess_42_000137,1808.77,upi,mobile_android,upi_app_switch_abort,403,2,10,0.583,40.3,0,whatsapp,0,0,0.5427974771347435,0.1996840325575982,0.5427974771347435,0.14792956969787008,0.10958892060978828
sess_42_000138,664.39,netbanking,mobile_android,price_shock_breakdown,600,2,8,0.485,75.0,0,sms,0,0,0.40318370559932304,0.2986858353899521,0.13420819701225414,0.40318370559932304,0.16392226199847068
sess_42_000139,786.24,upi,desktop,upi_app_switch_abort,364,1,4,0.679,91.0,0,email,0,0,0.2412368058973987,0.19750799176250416,0.2946473000928323,0.2666079022472649,0.2412368058973987
sess_42_000140,2839.15,cod,mobile_ios,price_shock_breakdown,530,1,10,0.517,53.0,1,whatsapp,0,0,0.579300138099923,0.11695868075619749,0.579300138099923,0.17448184855563614,0.12925933258824335
sess_42_000141,645.17,netbanking,mobile_ios,genuine_browse_abandon,538,2,8,0.468,67.25,0,none,0,0,0.6784017024227375,0.6784017024227375,0.061543213951843805,0.18488603235859524,0.07516905126682347
sess_42_000142,1358.68,upi,mobile_android,upi_app_switch_abort,440,1,10,0.797,44.0,0,whatsapp,0,0,0.483942482820616,0.1780324901391686,0.483942482820616,0.24031872484904457,0.0977063021911707
sess_42_000143,1659.69,cod,mobile_android,price_shock_breakdown,309,2,6,0.78,51.5,0,whatsapp,0,0,0.2633963223194074,0.32171299457016933,0.2633963223194074,0.23833084820766,0.17655983490276325
sess_42_000144,832.96,cod,mobile_android,otp_timeout,505,1,8,0.452,63.12,1,sms,1,1,0.6078175404546194,0.16564960413762098,0.13562242514266395,0.6078175404546194,0.09091043026509557
sess_42_000145,517.6,upi,mobile_android,upi_app_switch_abort,417,2,6,0.834,69.5,1,email,1,0,0.12499994156242572,0.22776474356861084,0.3397850697075843,0.30745024516137914,0.12499994156242572
sess_42_000146,749.14,upi,mobile_android,otp_timeout,331,1,4,0.873,82.75,0,sms,0,0,0.647434897682398,0.17644659353817646,0.0792825650965213,0.647434897682398,0.09683594368290428
sess_42_000147,465.31,card,mobile_android,price_shock_breakdown,492,1,4,0.852,123.0,0,whatsapp,1,0,0.13420819701225414,0.2986858353899521,0.13420819701225414,0.40318370559932304,0.16392226199847068
sess_42_000148,2860.42,cod,mobile_android,price_shock_breakdown,600,1,6,0.531,100.0,0,sms,0,0,0.17448184855563614,0.11695868075619749,0.579300138099923,0.17448184855563614,0.12925933258824335
sess_42_000149,2435.98,upi,mobile_android,otp_timeout,600,2,10,0.821,60.0,1,whatsapp,0,0,0.18686957509559202,0.2282430144379751,0.18686957509559202,0.45962498828569537,0.12526242218073758
sess_42_000150,1022.78,upi,mobile_android,genuine_browse_abandon,519,1,9,0.777,57.67,0,none,0,0,0.6457304331194986,0.6457304331194986,0.10673852268549665,0.17598207275468647,0.07154897144031824
sess_42_000151,648.39,card,mobile_android,price_shock_breakdown,223,2,6,0.758,37.17,0,none,1,1,0.2986858353899521,0.2986858353899521,0.13420819701225414,0.40318370559932304,0.16392226199847068
sess_42_000152,4336.05,cod,mobile_android,price_shock_breakdown,551,1,8,0.477,68.88,1,whatsapp,0,0,0.579300138099923,0.11695868075619749,0.579300138099923,0.17448184855563614,0.12925933258824335
sess_42_000153,2515.58,upi,mobile_android,upi_app_switch_abort,442,1,6,0.637,73.67,0,whatsapp,0,0,0.8204386747606477,0.049994806056778376,0.8204386747606477,0.07442851737376392,0.0551380018088101
sess_42_000154,1134.81,card,mobile_android,genuine_browse_abandon,159,1,4,0.419,39.75,0,whatsapp,0,0,0.10673852268549665,0.6457304331194986,0.10673852268549665,0.17598207275468647,0.07154897144031824
sess_42_000155,4404.32,cod,mobile_android,genuine_browse_abandon,270,3,9,0.926,30.0,0,whatsapp,0,0,0.39614560278704986,0.39614560278704986,0.39614560278704986,0.11931676263392972,0.0883920317919707
sess_42_000156,2004.61,netbanking,mobile_android,price_shock_breakdown,79,2,12,0.568,6.58,0,sms,0,0,0.23833084820766,0.32171299457016933,0.2633963223194074,0.23833084820766,0.17655983490276325
sess_42_000157,2295.05,card,mobile_android,otp_timeout,315,1,8,0.912,39.38,0,sms,0,0,0.45962498828569537,0.2282430144379751,0.18686957509559202,0.45962498828569537,0.12526242218073758
sess_42_000158,827.59,upi,mobile_android,price_shock_breakdown,356,1,9,0.821,39.56,1,none,0,0,0.26900513210002774,0.26900513210002774,0.2202427743860977,0.3631189468483686,0.14763314666550595
sess_42_000159,579.88,netbanking,mobile_android,vpa_validation_failure,364,1,4,0.522,91.0,0,email,0,0,0.16392226199847068,0.2986858353899521,0.13420819701225414,0.40318370559932304,0.16392226199847068
sess_42_000160,556.93,card,mobile_android,upi_app_switch_abort,532,2,12,0.662,44.33,0,whatsapp,1,0,0.3397850697075843,0.22776474356861084,0.3397850697075843,0.30745024516137914,0.12499994156242572
sess_42_000161,8623.75,upi,mobile_android,upi_app_switch_abort,233,2,10,0.739,23.3,1,whatsapp,0,0,0.8204386747606477,0.049994806056778376,0.8204386747606477,0.07442851737376392,0.0551380018088101
sess_42_000162,971.97,card,mobile_android,upi_app_switch_abort,287,1,8,0.453,35.88,1,whatsapp,0,0,0.483942482820616,0.1780324901391686,0.483942482820616,0.24031872484904457,0.0977063021911707
sess_42_000163,1898.62,upi,desktop,upi_app_switch_abort,465,1,8,0.709,58.12,1,sms,1,0,0.13041419849833935,0.17604075447594858,0.47852838396019126,0.13041419849833935,0.2150166630655208
sess_42_000164,2552.2,card,mobile_android,price_shock_breakdown,119,1,8,0.607,14.88,0,sms,0,0,0.17448184855563614,0.11695868075619749,0.579300138099923,0.17448184855563614,0.12925933258824335
sess_42_000165,1780.02,upi,mobile_android,price_shock_breakdown,225,2,6,0.465,37.5,1,sms,1,0,0.23833084820766,0.32171299457016933,0.2633963223194074,0.23833084820766,0.17655983490276325
sess_42_000166,1610.52,card,mobile_ios,genuine_browse_abandon,437,2,12,0.795,36.42,1,none,1,0,0.7014242657747766,0.7014242657747766,0.11594465130421318,0.10491105892118391,0.07772002399982632
sess_42_000167,1583.81,card,mobile_android,genuine_browse_abandon,573,1,8,0.715,71.62,0,none,0,0,0.7014242657747766,0.7014242657747766,0.11594465130421318,0.10491105892118391,0.07772002399982632
sess_42_000168,2591.42,card,mobile_android,genuine_browse_abandon,532,2,7,0.834,76.0,0,whatsapp,0,0,0.39614560278704986,0.39614560278704986,0.39614560278704986,0.11931676263392972,0.0883920317919707
sess_42_000169,828.94,cod,mobile_ios,upi_app_switch_abort,600,1,5,0.871,120.0,0,whatsapp,1,1,0.483942482820616,0.1780324901391686,0.483942482820616,0.24031872484904457,0.0977063021911707
sess_42_000170,1299.32,upi,desktop,price_shock_breakdown,171,2,10,0.538,17.1,0,none,0,0,0.22779083136758763,0.22779083136758763,0.1864993589098446,0.30748546000659815,0.2782243497159696
sess_42_000171,321.24,netbanking,mobile_android,otp_timeout,96,2,6,0.752,16.0,0,none,0,0,0.17644659353817646,0.17644659353817646,0.0792825650965213,0.647434897682398,0.09683594368290428
sess_42_000172,447.07,netbanking,mobile_android,price_shock_breakdown,530,1,10,0.6,53.0,0,whatsapp,0,0,0.13420819701225414,0.2986858353899521,0.13420819701225414,0.40318370559932304,0.16392226199847068
sess_42_000173,682.98,card,mobile_android,otp_timeout,93,1,4,0.696,23.25,0,sms,0,0,0.647434897682398,0.17644659353817646,0.0792825650965213,0.647434897682398,0.09683594368290428
sess_42_000174,3429.98,upi,mobile_android,price_shock_breakdown,600,2,11,0.521,54.55,1,none,0,0,0.11695868075619749,0.11695868075619749,0.579300138099923,0.17448184855563614,0.12925933258824335
sess_42_000175,1473.61,card,mobile_ios,otp_timeout,387,1,10,0.565,38.7,1,email,1,0,0.09091043026509557,0.16564960413762098,0.13562242514266395,0.6078175404546194,0.09091043026509557
sess_42_000176,3050.48,cod,mobile_ios,genuine_browse_abandon,84,1,6,0.83,14.0,0,none,0,0,0.39614560278704986,0.39614560278704986,0.39614560278704986,0.11931676263392972,0.0883920317919707
sess_42_000177,2413.09,card,mobile_android,price_shock_breakdown,448,2,7,0.532,64.0,0,whatsapp,0,0,0.2633963223194074,0.32171299457016933,0.2633963223194074,0.23833084820766,0.17655983490276325
sess_42_000178,2197.49,upi,mobile_android,otp_timeout,600,1,10,0.634,60.0,0,whatsapp,0,0,0.18686957509559202,0.2282430144379751,0.18686957509559202,0.45962498828569537,0.12526242218073758
sess_42_000179,890.63,netbanking,mobile_android,genuine_browse_abandon,394,1,9,0.863,43.78,0,sms,0,0,0.17598207275468647,0.6457304331194986,0.10673852268549665,0.17598207275468647,0.07154897144031824
sess_42_000180,1912.57,upi,mobile_android,upi_app_switch_abort,562,2,7,0.56,80.29,0,whatsapp,0,0,0.5427974771347435,0.1996840325575982,0.5427974771347435,0.14792956969787008,0.10958892060978828
sess_42_000181,2188.26,upi,desktop,upi_app_switch_abort,235,1,7,0.691,33.57,1,none,0,0,0.17604075447594858,0.17604075447594858,0.47852838396019126,0.13041419849833935,0.2150166630655208
sess_42_000182,9419.24,card,mobile_android,price_shock_breakdown,592,1,6,0.512,98.67,0,sms,0,0,0.17448184855563614,0.11695868075619749,0.579300138099923,0.17448184855563614,0.12925933258824335
sess_42_000183,1394.78,upi,desktop,vpa_validation_failure,411,1,9,0.536,45.67,0,whatsapp,0,0,0.1864993589098446,0.22779083136758763,0.1864993589098446,0.30748546000659815,0.2782243497159696
sess_42_000184,3131.18,upi,mobile_android,price_shock_breakdown,590,1,9,0.554,65.56,1,none,0,0,0.11695868075619749,0.11695868075619749,0.579300138099923,0.17448184855563614,0.12925933258824335
sess_42_000185,1647.63,card,mobile_android,price_shock_breakdown,79,2,11,0.584,7.18,0,whatsapp,0,0,0.2633963223194074,0.32171299457016933,0.2633963223194074,0.23833084820766,0.17655983490276325
sess_42_000186,1067.75,cod,mobile_ios,price_shock_breakdown,321,1,6,0.478,53.5,1,whatsapp,0,0,0.2202427743860977,0.26900513210002774,0.2202427743860977,0.3631189468483686,0.14763314666550595
sess_42_000187,3470.84,upi,mobile_android,price_shock_breakdown,130,1,5,0.713,26.0,1,whatsapp,0,0,0.579300138099923,0.11695868075619749,0.579300138099923,0.17448184855563614,0.12925933258824335
sess_42_000188,7470.28,card,mobile_android,price_shock_breakdown,599,1,7,0.648,85.57,1,sms,0,0,0.17448184855563614,0.11695868075619749,0.579300138099923,0.17448184855563614,0.12925933258824335
sess_42_000189,2200.64,netbanking,mobile_android,otp_timeout,209,1,7,0.438,29.86,0,whatsapp,0,0,0.18686957509559202,0.2282430144379751,0.18686957509559202,0.45962498828569537,0.12526242218073758
sess_42_000190,1083.25,cod,mobile_android,otp_timeout,400,1,9,0.453,44.44,0,sms,0,0,0.6078175404546194,0.16564960413762098,0.13562242514266395,0.6078175404546194,0.09091043026509557
sess_42_000191,2567.32,upi,desktop,price_shock_breakdown,484,2,7,0.803,69.14,0,email,0,0,0.24833287763768827,0.10096461356355876,0.5000810046968293,0.1506215041019237,0.24833287763768827
sess_42_000192,2229.58,cod,mobile_ios,genuine_browse_abandon,337,2,10,0.854,33.7,1,none,0,0,0.7014242657747766,0.7014242657747766,0.11594465130421318,0.10491105892118391,0.07772002399982632
sess_42_000193,9531.7,netbanking,mobile_android,genuine_browse_abandon,545,2,8,0.924,68.12,1,sms,1,0,0.11931676263392972,0.39614560278704986,0.39614560278704986,0.11931676263392972,0.0883920317919707
sess_42_000194,3154.63,upi,mobile_android,upi_app_switch_abort,431,1,10,0.468,43.1,1,whatsapp,1,0,0.8204386747606477,0.049994806056778376,0.8204386747606477,0.07442851737376392,0.0551380018088101
sess_42_000195,897.68,cod,mobile_android,genuine_browse_abandon,136,1,10,0.687,13.6,0,none,0,0,0.6457304331194986,0.6457304331194986,0.10673852268549665,0.17598207275468647,0.07154897144031824
sess_42_000196,4703.3,netbanking,mobile_ios,otp_timeout,213,3,8,0.476,26.62,0,sms,0,0,0.36489272043655063,0.08998143702404678,0.4456809751737707,0.36489272043655063,0.09944486736563182
sess_42_000197,3234.15,upi,mobile_android,price_shock_breakdown,243,1,6,0.704,40.5,0,email,0,0,0.12925933258824335,0.11695868075619749,0.579300138099923,0.17448184855563614,0.12925933258824335
sess_42_000198,3646.59,card,mobile_android,otp_timeout,233,2,11,0.764,21.18,0,email,1,0,0.09944486736563182,0.08998143702404678,0.4456809751737707,0.36489272043655063,0.09944486736563182
sess_42_000199,2524.17,upi,mobile_android,vpa_validation_failure,199,1,4,0.683,49.75,1,email,0,0,0.12925933258824335,0.11695868075619749,0.579300138099923,0.17448184855563614,0.12925933258824335
sess_42_000200,3851.53,cod,mobile_ios,genuine_browse_abandon,468,2,7,0.542,66.86,0,email,0,0,0.0883920317919707,0.39614560278704986,0.39614560278704986,0.11931676263392972,0.0883920317919707
sess_42_000201,2516.11,cod,mobile_android,upi_app_switch_abort,490,1,7,0.652,70.0,0,whatsapp,1,1,0.8204386747606477,0.049994806056778376,0.8204386747606477,0.07442851737376392,0.0551380018088101
sess_42_000202,1494.01,upi,mobile_android,upi_app_switch_abort,536,1,7,0.658,76.57,0,whatsapp,1,1,0.483942482820616,0.1780324901391686,0.483942482820616,0.24031872484904457,0.0977063021911707
sess_42_000203,1999.52,cod,desktop,genuine_browse_abandon,254,1,8,0.892,31.75,0,none,0,0,0.6404244338089113,0.6404244338089113,0.10586144689855206,0.0957873982812367,0.15792672101129984
sess_42_000204,1657.45,upi,mobile_android,genuine_browse_abandon,520,3,14,0.58,37.14,0,none,0,0,0.7014242657747766,0.7014242657747766,0.11594465130421318,0.10491105892118391,0.07772002399982632
sess_42_000205,2335.64,netbanking,mobile_android,otp_timeout,535,1,6,0.674,89.17,1,sms,1,0,0.45962498828569537,0.2282430144379751,0.18686957509559202,0.45962498828569537,0.12526242218073758
sess_42_000206,1919.04,upi,mobile_android,price_shock_breakdown,555,2,8,0.87,69.38,1,none,1,1,0.32171299457016933,0.32171299457016933,0.2633963223194074,0.23833084820766,0.17655983490276325
sess_42_000207,1428.05,card,mobile_android,genuine_browse_abandon,529,2,9,0.627,58.78,0,none,0,0,0.6457304331194986,0.6457304331194986,0.10673852268549665,0.17598207275468647,0.07154897144031824
sess_42_000208,1577.81,card,mobile_ios,price_shock_breakdown,407,1,10,0.647,40.7,0,none,0,0,0.32171299457016933,0.32171299457016933,0.2633963223194074,0.23833084820766,0.17655983490276325
sess_42_000209,1803.17,cod,mobile_android,price_shock_breakdown,514,1,9,0.554,57.11,1,email,0,0,0.17655983490276325,0.32171299457016933,0.2633963223194074,0.23833084820766,0.17655983490276325
sess_42_000210,475.42,upi,mobile_android,price_shock_breakdown,324,1,4,0.731,81.0,0,sms,0,0,0.40318370559932304,0.2986858353899521,0.13420819701225414,0.40318370559932304,0.16392226199847068
sess_42_000211,3898.41,upi,mobile_android,upi_app_switch_abort,361,1,6,0.621,60.17,1,whatsapp,1,1,0.8204386747606477,0.049994806056778376,0.8204386747606477,0.07442851737376392,0.0551380018088101
sess_42_000212,2347.13,cod,mobile_android,upi_app_switch_abort,389,2,12,0.842,32.42,1,sms,1,0,0.14792956969787008,0.1996840325575982,0.5427974771347435,0.14792956969787008,0.10958892060978828
sess_42_000213,1142.97,upi,mobile_android,upi_app_switch_abort,359,1,10,0.749,35.9,1,whatsapp,1,1,0.483942482820616,0.1780324901391686,0.483942482820616,0.24031872484904457,0.0977063021911707
sess_42_000214,2816.91,upi,mobile_android,vpa_validation_failure,123,1,9,0.728,13.67,0,whatsapp,0,0,0.579300138099923,0.11695868075619749,0.579300138099923,0.17448184855563614,0.12925933258824335
sess_42_000215,1235.11,cod,mobile_android,price_shock_breakdown,324,1,9,0.786,36.0,0,none,0,0,0.26900513210002774,0.26900513210002774,0.2202427743860977,0.3631189468483686,0.14763314666550595
sess_42_000216,1235.08,netbanking,mobile_android,upi_app_switch_abort,264,1,5,0.443,52.8,0,whatsapp,1,0,0.483942482820616,0.1780324901391686,0.483942482820616,0.24031872484904457,0.0977063021911707
sess_42_000217,2394.61,upi,mobile_android,upi_app_switch_abort,323,1,9,0.555,35.89,1,whatsapp,1,1,0.5427974771347435,0.1996840325575982,0.5427974771347435,0.14792956969787008,0.10958892060978828
sess_42_000218,5286.8,upi,mobile_android,genuine_browse_abandon,587,1,8,0.615,73.38,1,sms,0,0,0.11931676263392972,0.39614560278704986,0.39614560278704986,0.11931676263392972,0.0883920317919707
sess_42_000219,2230.33,upi,mobile_android,upi_app_switch_abort,209,2,12,0.849,17.42,0,whatsapp,1,1,0.5427974771347435,0.1996840325575982,0.5427974771347435,0.14792956969787008,0.10958892060978828
sess_42_000220,1010.39,upi,mobile_android,genuine_browse_abandon,467,1,4,0.45,116.75,1,sms,0,0,0.17598207275468647,0.6457304331194986,0.10673852268549665,0.17598207275468647,0.07154897144031824
sess_42_000221,1388.72,netbanking,mobile_android,otp_timeout,341,1,8,0.594,42.62,0,none,0,0,0.16564960413762098,0.16564960413762098,0.13562242514266395,0.6078175404546194,0.09091043026509557
sess_42_000222,3417.91,cod,mobile_android,price_shock_breakdown,415,2,10,0.789,41.5,0,sms,0,0,0.17448184855563614,0.11695868075619749,0.579300138099923,0.17448184855563614,0.12925933258824335
sess_42_000223,2448.45,card,mobile_android,price_shock_breakdown,175,1,7,0.735,25.0,1,whatsapp,0,0,0.2633963223194074,0.32171299457016933,0.2633963223194074,0.23833084820766,0.17655983490276325
sess_42_000224,3713.03,cod,mobile_android,otp_timeout,127,1,6,0.823,21.17,0,whatsapp,0,0,0.4456809751737707,0.08998143702404678,0.4456809751737707,0.36489272043655063,0.09944486736563182
sess_42_000225,2428.65,upi,mobile_android,otp_timeout,562,1,10,0.645,56.2,1,sms,1,0,0.45962498828569537,0.2282430144379751,0.18686957509559202,0.45962498828569537,0.12526242218073758
sess_42_000226,3223.18,cod,mobile_android,price_shock_breakdown,600,3,14,0.578,42.86,1,sms,0,0,0.17448184855563614,0.11695868075619749,0.579300138099923,0.17448184855563614,0.12925933258824335
sess_42_000227,8182.45,upi,mobile_android,price_shock_breakdown,577,1,8,0.664,72.12,0,whatsapp,0,0,0.579300138099923,0.11695868075619749,0.579300138099923,0.17448184855563614,0.12925933258824335
sess_42_000228,655.74,card,mobile_android,upi_app_switch_abort,600,2,11,0.616,54.55,0,whatsapp,0,0,0.3397850697075843,0.22776474356861084,0.3397850697075843,0.30745024516137914,0.12499994156242572
sess_42_000229,10996.78,upi,mobile_ios,price_shock_breakdown,600,1,6,0.601,100.0,0,sms,0,0,0.17448184855563614,0.11695868075619749,0.579300138099923,0.17448184855563614,0.12925933258824335
sess_42_000230,3649.58,upi,mobile_android,upi_app_switch_abort,415,1,5,0.686,83.0,1,whatsapp,0,0,0.8204386747606477,0.049994806056778376,0.8204386747606477,0.07442851737376392,0.0551380018088101
sess_42_000231,12948.42,upi,mobile_android,otp_timeout,548,2,7,0.603,78.29,0,sms,0,0,0.36489272043655063,0.08998143702404678,0.4456809751737707,0.36489272043655063,0.09944486736563182
sess_42_000232,864.85,upi,mobile_android,upi_app_switch_abort,329,3,9,0.502,36.56,1,whatsapp,1,0,0.483942482820616,0.1780324901391686,0.483942482820616,0.24031872484904457,0.0977063021911707
sess_42_000233,2408.69,upi,mobile_android,price_shock_breakdown,600,1,6,0.443,100.0,1,none,1,1,0.32171299457016933,0.32171299457016933,0.2633963223194074,0.23833084820766,0.17655983490276325
sess_42_000234,2037.61,card,mobile_android,genuine_browse_abandon,244,1,10,0.705,24.4,0,none,0,0,0.7014242657747766,0.7014242657747766,0.11594465130421318,0.10491105892118391,0.07772002399982632
sess_42_000235,3507.49,card,mobile_ios,otp_timeout,252,1,9,0.581,28.0,0,whatsapp,1,0,0.4456809751737707,0.08998143702404678,0.4456809751737707,0.36489272043655063,0.09944486736563182
sess_42_000236,2571.68,upi,mobile_android,price_shock_breakdown,600,2,9,0.82,66.67,0,email,0,0,0.12925933258824335,0.11695868075619749,0.579300138099923,0.17448184855563614,0.12925933258824335
sess_42_000237,2364.45,upi,mobile_ios,genuine_browse_abandon,600,1,5,0.726,120.0,0,none,0,0,0.7014242657747766,0.7014242657747766,0.11594465130421318,0.10491105892118391,0.07772002399982632
sess_42_000238,3242.8,upi,mobile_android,vpa_validation_failure,76,2,12,0.849,6.33,0,whatsapp,0,0,0.579300138099923,0.11695868075619749,0.579300138099923,0.17448184855563614,0.12925933258824335
sess_42_000239,1668.85,cod,mobile_android,genuine_browse_abandon,210,1,8,0.589,26.25,1,none,0,0,0.7014242657747766,0.7014242657747766,0.11594465130421318,0.10491105892118391,0.07772002399982632
sess_42_000240,1227.98,upi,mobile_android,upi_app_switch_abort,600,1,10,0.74,60.0,0,sms,0,0,0.24031872484904457,0.1780324901391686,0.483942482820616,0.24031872484904457,0.0977063021911707
sess_42_000241,2540.05,cod,mobile_android,upi_app_switch_abort,390,3,10,0.92,39.0,1,whatsapp,1,0,0.8204386747606477,0.049994806056778376,0.8204386747606477,0.07442851737376392,0.0551380018088101
sess_42_000242,1226.16,cod,mobile_android,vpa_validation_failure,558,2,9,0.555,62.0,0,sms,0,0,0.3631189468483686,0.26900513210002774,0.2202427743860977,0.3631189468483686,0.14763314666550595
sess_42_000243,1645.58,netbanking,mobile_android,genuine_browse_abandon,284,1,5,0.894,56.8,1,none,0,0,0.7014242657747766,0.7014242657747766,0.11594465130421318,0.10491105892118391,0.07772002399982632
sess_42_000244,613.49,cod,mobile_ios,price_shock_breakdown,511,2,7,0.518,73.0,0,none,1,1,0.2986858353899521,0.2986858353899521,0.13420819701225414,0.40318370559932304,0.16392226199847068
sess_42_000245,1885.49,cod,mobile_android,otp_timeout,570,1,8,0.508,71.25,1,whatsapp,0,0,0.18686957509559202,0.2282430144379751,0.18686957509559202,0.45962498828569537,0.12526242218073758
sess_42_000246,901.01,upi,mobile_android,otp_timeout,381,2,10,0.807,38.1,1,sms,1,0,0.6078175404546194,0.16564960413762098,0.13562242514266395,0.6078175404546194,0.09091043026509557
sess_42_000247,1763.87,upi,mobile_ios,upi_app_switch_abort,404,2,12,0.938,33.67,0,none,0,0,0.1996840325575982,0.1996840325575982,0.5427974771347435,0.14792956969787008,0.10958892060978828
sess_42_000248,800.69,upi,mobile_ios,price_shock_breakdown,103,1,10,0.846,10.3,1,email,0,0,0.14763314666550595,0.26900513210002774,0.2202427743860977,0.3631189468483686,0.14763314666550595
sess_42_000249,1782.02,upi,mobile_android,otp_timeout,534,2,6,0.455,89.0,1,sms,1,0,0.45962498828569537,0.2282430144379751,0.18686957509559202,0.45962498828569537,0.12526242218073758
sess_42_000250,3550.27,cod,mobile_android,upi_app_switch_abort,441,2,12,0.537,36.75,1,whatsapp,1,0,0.8204386747606477,0.049994806056778376,0.8204386747606477,0.07442851737376392,0.0551380018088101
sess_42_000251,1156.46,card,desktop,upi_app_switch_abort,297,1,8,0.778,37.12,1,email,0,0,0.19419577568817373,0.1589940536737414,0.4321906469343732,0.2146195237037115,0.19419577568817373
sess_42_000252,897.88,upi,mobile_android,vpa_validation_failure,160,1,5,0.852,32.0,0,sms,1,0,0.3631189468483686,0.26900513210002774,0.2202427743860977,0.3631189468483686,0.14763314666550595
sess_42_000253,3249.42,netbanking,mobile_android,otp_timeout,594,1,5,0.646,118.8,0,whatsapp,0,0,0.4456809751737707,0.08998143702404678,0.4456809751737707,0.36489272043655063,0.09944486736563182
sess_42_000254,3586.59,upi,mobile_android,genuine_browse_abandon,341,1,10,0.77,34.1,0,whatsapp,0,0,0.39614560278704986,0.39614560278704986,0.39614560278704986,0.11931676263392972,0.0883920317919707
sess_42_000255,2484.78,upi,mobile_ios,genuine_browse_abandon,303,1,4,0.631,75.75,1,none,0,0,0.7014242657747766,0.7014242657747766,0.11594465130421318,0.10491105892118391,0.07772002399982632
sess_42_000256,1275.27,upi,mobile_ios,price_shock_breakdown,539,1,7,0.666,77.0,0,none,0,0,0.26900513210002774,0.26900513210002774,0.2202427743860977,0.3631189468483686,0.14763314666550595
sess_42_000257,1127.47,upi,desktop,price_shock_breakdown,115,3,9,0.858,12.78,1,email,0,0,0.2782243497159696,0.22779083136758763,0.1864993589098446,0.30748546000659815,0.2782243497159696
sess_42_000258,1410.06,upi,mobile_android,upi_app_switch_abort,600,2,12,0.851,50.0,1,sms,0,0,0.24031872484904457,0.1780324901391686,0.483942482820616,0.24031872484904457,0.0977063021911707
sess_42_000259,1729.57,upi,mobile_android,upi_app_switch_abort,320,1,5,0.714,64.0,1,whatsapp,0,0,0.5427974771347435,0.1996840325575982,0.5427974771347435,0.14792956969787008,0.10958892060978828
sess_42_000260,495.68,netbanking,mobile_android,upi_app_switch_abort,558,1,8,0.536,69.75,0,whatsapp,1,0,0.3397850697075843,0.22776474356861084,0.3397850697075843,0.30745024516137914,0.12499994156242572
sess_42_000261,864.92,cod,mobile_ios,price_shock_breakdown,98,1,5,0.644,19.6,1,email,1,1,0.14763314666550595,0.26900513210002774,0.2202427743860977,0.3631189468483686,0.14763314666550595
sess_42_000262,4620.01,cod,mobile_ios,otp_timeout,600,1,6,0.773,100.0,1,whatsapp,0,0,0.4456809751737707,0.08998143702404678,0.4456809751737707,0.36489272043655063,0.09944486736563182
sess_42_000263,2112.38,upi,mobile_android,price_shock_breakdown,578,2,10,0.461,57.8,0,whatsapp,1,1,0.2633963223194074,0.32171299457016933,0.2633963223194074,0.23833084820766,0.17655983490276325
sess_42_000264,4537.97,cod,mobile_android,price_shock_breakdown,540,2,7,0.733,77.14,1,whatsapp,1,1,0.579300138099923,0.11695868075619749,0.579300138099923,0.17448184855563614,0.12925933258824335
sess_42_000265,3872.89,cod,mobile_android,genuine_browse_abandon,327,2,12,0.759,27.25,1,none,0,0,0.39614560278704986,0.39614560278704986,0.39614560278704986,0.11931676263392972,0.0883920317919707
sess_42_000266,1430.33,netbanking,mobile_android,price_shock_breakdown,102,1,7,0.723,14.57,0,none,0,0,0.26900513210002774,0.26900513210002774,0.2202427743860977,0.3631189468483686,0.14763314666550595
sess_42_000267,1446.62,cod,mobile_android,price_shock_breakdown,575,1,4,0.663,143.75,1,email,1,1,0.14763314666550595,0.26900513210002774,0.2202427743860977,0.3631189468483686,0.14763314666550595
sess_42_000268,3732.83,cod,mobile_ios,price_shock_breakdown,534,2,9,0.658,59.33,0,whatsapp,0,0,0.579300138099923,0.11695868075619749,0.579300138099923,0.17448184855563614,0.12925933258824335
sess_42_000269,3193.87,cod,mobile_android,genuine_browse_abandon,582,2,7,0.759,83.14,0,whatsapp,0,0,0.39614560278704986,0.39614560278704986,0.39614560278704986,0.11931676263392972,0.0883920317919707
sess_42_000270,3791.67,upi,mobile_android,upi_app_switch_abort,537,1,10,0.62,53.7,1,whatsapp,1,0,0.8204386747606477,0.049994806056778376,0.8204386747606477,0.07442851737376392,0.0551380018088101
sess_42_000271,1789.79,card,mobile_ios,otp_timeout,447,3,8,0.883,55.88,0,none,0,0,0.2282430144379751,0.2282430144379751,0.18686957509559202,0.45962498828569537,0.12526242218073758
sess_42_000272,2012.1,upi,mobile_android,price_shock_breakdown,600,2,6,0.445,100.0,0,sms,0,0,0.23833084820766,0.32171299457016933,0.2633963223194074,0.23833084820766,0.17655983490276325
sess_42_000273,1492.68,upi,mobile_ios,genuine_browse_abandon,488,1,7,0.879,69.71,1,none,0,0,0.6457304331194986,0.6457304331194986,0.10673852268549665,0.17598207275468647,0.07154897144031824
sess_42_000274,1736.97,card,mobile_android,otp_timeout,194,1,5,0.868,38.8,1,sms,0,0,0.45962498828569537,0.2282430144379751,0.18686957509559202,0.45962498828569537,0.12526242218073758
sess_42_000275,1081.14,card,mobile_android,genuine_browse_abandon,407,2,8,0.775,50.88,0,sms,0,0,0.17598207275468647,0.6457304331194986,0.10673852268549665,0.17598207275468647,0.07154897144031824
sess_42_000276,1709.42,upi,mobile_android,otp_timeout,192,2,7,0.835,27.43,1,email,0,0,0.12526242218073758,0.2282430144379751,0.18686957509559202,0.45962498828569537,0.12526242218073758
sess_42_000277,1603.58,upi,mobile_android,price_shock_breakdown,109,2,12,0.676,9.08,0,sms,0,0,0.23833084820766,0.32171299457016933,0.2633963223194074,0.23833084820766,0.17655983490276325
sess_42_000278,1281.7,card,mobile_ios,genuine_browse_abandon,223,1,4,0.538,55.75,0,none,0,0,0.6457304331194986,0.6457304331194986,0.10673852268549665,0.17598207275468647,0.07154897144031824
sess_42_000279,3272.67,cod,mobile_android,genuine_browse_abandon,363,2,6,0.641,60.5,0,none,0,0,0.39614560278704986,0.39614560278704986,0.39614560278704986,0.11931676263392972,0.0883920317919707
sess_42_000280,627.86,card,mobile_android,genuine_browse_abandon,409,1,10,0.861,40.9,1,none,0,0,0.6784017024227375,0.6784017024227375,0.061543213951843805,0.18488603235859524,0.07516905126682347
sess_42_000281,2328.73,card,mobile_android,otp_timeout,393,2,9,0.729,43.67,0,email,0,0,0.12526242218073758,0.2282430144379751,0.18686957509559202,0.45962498828569537,0.12526242218073758
sess_42_000282,905.72,cod,mobile_ios,genuine_browse_abandon,600,3,14,0.887,42.86,0,none,0,0,0.6457304331194986,0.6457304331194986,0.10673852268549665,0.17598207275468647,0.07154897144031824
sess_42_000283,957.29,cod,mobile_android,price_shock_breakdown,377,1,9,0.826,41.89,0,sms,0,0,0.3631189468483686,0.26900513210002774,0.2202427743860977,0.3631189468483686,0.14763314666550595
sess_42_000284,1020.85,card,mobile_android,price_shock_breakdown,357,1,6,0.52,59.5,0,whatsapp,0,0,0.2202427743860977,0.26900513210002774,0.2202427743860977,0.3631189468483686,0.14763314666550595
sess_42_000285,2573.78,cod,mobile_android,price_shock_breakdown,462,2,11,0.853,42.0,0,none,1,0,0.11695868075619749,0.11695868075619749,0.579300138099923,0.17448184855563614,0.12925933258824335
sess_42_000286,332.54,upi,mobile_android,otp_timeout,197,1,5,0.424,39.4,1,none,0,0,0.17644659353817646,0.17644659353817646,0.0792825650965213,0.647434897682398,0.09683594368290428
sess_42_000287,2051.91,cod,mobile_android,upi_app_switch_abort,482,1,8,0.919,60.25,1,none,0,0,0.1996840325575982,0.1996840325575982,0.5427974771347435,0.14792956969787008,0.10958892060978828
sess_42_000288,1870.74,card,mobile_android,genuine_browse_abandon,224,2,8,0.563,28.0,0,none,0,0,0.7014242657747766,0.7014242657747766,0.11594465130421318,0.10491105892118391,0.07772002399982632
sess_42_000289,873.39,upi,mobile_android,upi_app_switch_abort,571,3,12,0.595,47.58,1,whatsapp,1,0,0.483942482820616,0.1780324901391686,0.483942482820616,0.24031872484904457,0.0977063021911707
sess_42_000290,2072.81,cod,mobile_android,otp_timeout,393,2,7,0.592,56.14,0,sms,1,0,0.45962498828569537,0.2282430144379751,0.18686957509559202,0.45962498828569537,0.12526242218073758
sess_42_000291,727.83,card,mobile_android,price_shock_breakdown,540,1,9,0.908,60.0,1,none,1,1,0.2986858353899521,0.2986858353899521,0.13420819701225414,0.40318370559932304,0.16392226199847068
sess_42_000292,1749.66,cod,mobile_android,otp_timeout,351,2,7,0.758,50.14,1,whatsapp,1,0,0.18686957509559202,0.2282430144379751,0.18686957509559202,0.45962498828569537,0.12526242218073758
sess_42_000293,707.51,card,desktop,genuine_browse_abandon,457,1,7,0.572,65.29,1,none,0,0,0.6211771553301298,0.6211771553301298,0.05635192016168885,0.16929052393388763,0.15318040057429372
sess_42_000294,8414.83,netbanking,mobile_android,otp_timeout,136,1,9,0.593,15.11,1,whatsapp,1,0,0.4456809751737707,0.08998143702404678,0.4456809751737707,0.36489272043655063,0.09944486736563182
sess_42_000295,3449.74,upi,mobile_ios,otp_timeout,600,1,7,0.844,85.71,0,sms,1,0,0.36489272043655063,0.08998143702404678,0.4456809751737707,0.36489272043655063,0.09944486736563182
sess_42_000296,2175.14,card,mobile_android,price_shock_breakdown,318,2,9,0.476,35.33,1,sms,0,0,0.23833084820766,0.32171299457016933,0.2633963223194074,0.23833084820766,0.17655983490276325
sess_42_000297,883.26,card,mobile_android,otp_timeout,397,2,6,0.821,66.17,0,none,0,0,0.16564960413762098,0.16564960413762098,0.13562242514266395,0.6078175404546194,0.09091043026509557
sess_42_000298,1470.49,upi,mobile_android,price_shock_breakdown,503,1,8,0.806,62.88,0,none,0,0,0.26900513210002774,0.26900513210002774,0.2202427743860977,0.3631189468483686,0.14763314666550595
sess_42_000299,1516.8,cod,mobile_ios,upi_app_switch_abort,600,1,10,0.614,60.0,0,none,0,0,0.1996840325575982,0.1996840325575982,0.5427974771347435,0.14792956969787008,0.10958892060978828
sess_42_000300,2167.71,cod,mobile_android,genuine_browse_abandon,366,2,11,0.753,33.27,0,none,0,0,0.7014242657747766,0.7014242657747766,0.11594465130421318,0.10491105892118391,0.07772002399982632
sess_42_000301,2437.95,cod,mobile_android,price_shock_breakdown,323,1,10,0.841,32.3,1,email,0,0,0.17655983490276325,0.32171299457016933,0.2633963223194074,0.23833084820766,0.17655983490276325
sess_42_000302,2140.2,upi,mobile_ios,genuine_browse_abandon,413,1,10,0.507,41.3,0,none,0,0,0.7014242657747766,0.7014242657747766,0.11594465130421318,0.10491105892118391,0.07772002399982632
sess_42_000303,2337.25,cod,mobile_android,upi_app_switch_abort,240,2,10,0.915,24.0,0,sms,0,0,0.14792956969787008,0.1996840325575982,0.5427974771347435,0.14792956969787008,0.10958892060978828
sess_42_000304,1591.79,upi,mobile_ios,price_shock_breakdown,306,2,12,0.564,25.5,0,none,1,1,0.32171299457016933,0.32171299457016933,0.2633963223194074,0.23833084820766,0.17655983490276325
sess_42_000305,2337.52,cod,mobile_android,price_shock_breakdown,554,1,7,0.755,79.14,0,none,0,0,0.32171299457016933,0.32171299457016933,0.2633963223194074,0.23833084820766,0.17655983490276325
sess_42_000306,1120.52,card,mobile_ios,price_shock_breakdown,453,1,6,0.758,75.5,0,none,1,0,0.26900513210002774,0.26900513210002774,0.2202427743860977,0.3631189468483686,0.14763314666550595
sess_42_000307,814.34,cod,mobile_android,otp_timeout,573,1,8,0.535,71.62,1,none,0,0,0.16564960413762098,0.16564960413762098,0.13562242514266395,0.6078175404546194,0.09091043026509557
sess_42_000308,7229.39,card,mobile_android,otp_timeout,277,2,11,0.5,25.18,1,email,1,0,0.09944486736563182,0.08998143702404678,0.4456809751737707,0.36489272043655063,0.09944486736563182
sess_42_000309,2470.08,cod,mobile_android,upi_app_switch_abort,339,2,7,0.811,48.43,0,sms,0,0,0.14792956969787008,0.1996840325575982,0.5427974771347435,0.14792956969787008,0.10958892060978828
sess_42_000310,7006.3,upi,mobile_ios,upi_app_switch_abort,107,1,8,0.638,13.38,0,whatsapp,0,0,0.8204386747606477,0.049994806056778376,0.8204386747606477,0.07442851737376392,0.0551380018088101
sess_42_000311,1471.36,cod,mobile_android,price_shock_breakdown,587,2,10,0.774,58.7,0,email,1,1,0.14763314666550595,0.26900513210002774,0.2202427743860977,0.3631189468483686,0.14763314666550595
sess_42_000312,11026.29,upi,mobile_android,genuine_browse_abandon,600,1,8,0.459,75.0,0,email,0,0,0.0883920317919707,0.39614560278704986,0.39614560278704986,0.11931676263392972,0.0883920317919707
sess_42_000313,1919.28,cod,mobile_android,otp_timeout,588,1,9,0.824,65.33,0,sms,0,0,0.45962498828569537,0.2282430144379751,0.18686957509559202,0.45962498828569537,0.12526242218073758
sess_42_000314,4270.43,upi,mobile_android,upi_app_switch_abort,549,2,10,0.832,54.9,0,whatsapp,0,0,0.8204386747606477,0.049994806056778376,0.8204386747606477,0.07442851737376392,0.0551380018088101
sess_42_000315,1853.15,upi,mobile_android,upi_app_switch_abort,34,1,8,0.653,4.25,0,email,1,0,0.10958892060978828,0.1996840325575982,0.5427974771347435,0.14792956969787008,0.10958892060978828
sess_42_000316,2046.1,card,mobile_android,otp_timeout,151,2,12,0.582,12.58,0,sms,1,0,0.45962498828569537,0.2282430144379751,0.18686957509559202,0.45962498828569537,0.12526242218073758
sess_42_000317,1658.39,cod,mobile_ios,price_shock_breakdown,501,3,8,0.455,62.62,0,none,0,0,0.32171299457016933,0.32171299457016933,0.2633963223194074,0.23833084820766,0.17655983490276325
sess_42_000318,1249.37,upi,mobile_android,upi_app_switch_abort,354,1,7,0.569,50.57,0,sms,0,0,0.24031872484904457,0.1780324901391686,0.483942482820616,0.24031872484904457,0.0977063021911707
sess_42_000319,3771.33,netbanking,mobile_ios,otp_timeout,266,3,8,0.631,33.25,1,whatsapp,0,0,0.4456809751737707,0.08998143702404678,0.4456809751737707,0.36489272043655063,0.09944486736563182
sess_42_000320,1796.07,upi,desktop,price_shock_breakdown,338,1,10,0.561,33.8,1,whatsapp,0,0,0.21654091644863488,0.2644836726048936,0.21654091644863488,0.19593432373852326,0.32304108720794833
sess_42_000321,3370.54,upi,mobile_android,upi_app_switch_abort,600,2,7,0.445,85.71,1,whatsapp,1,0,0.8204386747606477,0.049994806056778376,0.8204386747606477,0.07442851737376392,0.0551380018088101
sess_42_000322,3561.17,upi,mobile_ios,price_shock_breakdown,600,3,13,0.51,46.15,0,whatsapp,0,0,0.579300138099923,0.11695868075619749,0.579300138099923,0.17448184855563614,0.12925933258824335
sess_42_000323,5222.62,card,mobile_android,price_shock_breakdown,262,2,10,0.754,26.2,0,whatsapp,0,0,0.579300138099923,0.11695868075619749,0.579300138099923,0.17448184855563614,0.12925933258824335
sess_42_000324,2479.66,upi,mobile_android,genuine_browse_abandon,472,1,6,0.56,78.67,1,none,0,0,0.7014242657747766,0.7014242657747766,0.11594465130421318,0.10491105892118391,0.07772002399982632
sess_42_000325,582.18,card,mobile_android,otp_timeout,472,1,6,0.844,78.67,0,email,1,0,0.09683594368290428,0.17644659353817646,0.0792825650965213,0.647434897682398,0.09683594368290428
sess_42_000326,1422.04,upi,mobile_android,upi_app_switch_abort,393,2,7,0.528,56.14,0,none,0,0,0.1780324901391686,0.1780324901391686,0.483942482820616,0.24031872484904457,0.0977063021911707
sess_42_000327,1774.19,card,mobile_android,genuine_browse_abandon,599,2,11,0.521,54.45,0,email,0,0,0.07772002399982632,0.7014242657747766,0.11594465130421318,0.10491105892118391,0.07772002399982632
sess_42_000328,1824.96,upi,mobile_android,price_shock_breakdown,224,3,12,0.642,18.67,1,none,1,0,0.32171299457016933,0.32171299457016933,0.2633963223194074,0.23833084820766,0.17655983490276325
sess_42_000329,4860.01,cod,mobile_android,otp_timeout,174,2,12,0.763,14.5,1,whatsapp,1,0,0.4456809751737707,0.08998143702404678,0.4456809751737707,0.36489272043655063,0.09944486736563182
sess_42_000330,4239.37,cod,desktop,genuine_browse_abandon,276,1,8,0.862,34.5,0,none,0,0,0.3574263069649042,0.3574263069649042,0.3574263069649042,0.10765473484298313,0.17749265122720856
sess_42_000331,1621.84,upi,mobile_ios,genuine_browse_abandon,547,1,7,0.8,78.14,1,none,0,0,0.7014242657747766,0.7014242657747766,0.11594465130421318,0.10491105892118391,0.07772002399982632
sess_42_000332,11187.71,upi,mobile_android,genuine_browse_abandon,166,3,14,0.77,11.86,1,none,0,0,0.39614560278704986,0.39614560278704986,0.39614560278704986,0.11931676263392972,0.0883920317919707
sess_42_000333,1391.83,card,mobile_android,price_shock_breakdown,362,2,8,0.607,45.25,1,none,0,0,0.26900513210002774,0.26900513210002774,0.2202427743860977,0.3631189468483686,0.14763314666550595
sess_42_000334,1479.16,card,desktop,price_shock_breakdown,433,2,12,0.943,36.08,0,email,1,0,0.2782243497159696,0.22779083136758763,0.1864993589098446,0.30748546000659815,0.2782243497159696
sess_42_000335,796.88,cod,desktop,price_shock_breakdown,84,2,10,0.569,8.4,1,whatsapp,0,0,0.11175695728796482,0.24871968248815027,0.11175695728796482,0.3357364540241366,0.3037869061997484
sess_42_000336,561.51,card,mobile_ios,price_shock_breakdown,315,2,11,0.553,28.64,0,none,0,0,0.2986858353899521,0.2986858353899521,0.13420819701225414,0.40318370559932304,0.16392226199847068
sess_42_000337,746.16,card,mobile_android,upi_app_switch_abort,406,2,8,0.731,50.75,0,whatsapp,0,0,0.3397850697075843,0.22776474356861084,0.3397850697075843,0.30745024516137914,0.12499994156242572
sess_42_000338,3866.71,card,mobile_android,price_shock_breakdown,545,2,9,0.834,60.56,0,whatsapp,0,0,0.579300138099923,0.11695868075619749,0.579300138099923,0.17448184855563614,0.12925933258824335
sess_42_000339,3153.05,upi,mobile_ios,price_shock_breakdown,84,3,10,0.927,8.4,1,sms,0,0,0.17448184855563614,0.11695868075619749,0.579300138099923,0.17448184855563614,0.12925933258824335
sess_42_000340,932.0,netbanking,mobile_android,price_shock_breakdown,545,1,9,0.629,60.56,0,sms,0,0,0.3631189468483686,0.26900513210002774,0.2202427743860977,0.3631189468483686,0.14763314666550595
sess_42_000341,1948.68,netbanking,mobile_android,price_shock_breakdown,600,1,4,0.612,150.0,0,none,0,0,0.32171299457016933,0.32171299457016933,0.2633963223194074,0.23833084820766,0.17655983490276325
sess_42_000342,3310.49,upi,mobile_android,upi_app_switch_abort,339,3,14,0.865,24.21,0,whatsapp,1,1,0.8204386747606477,0.049994806056778376,0.8204386747606477,0.07442851737376392,0.0551380018088101
sess_42_000343,393.46,card,mobile_android,upi_app_switch_abort,366,2,8,0.884,45.75,1,whatsapp,1,0,0.3397850697075843,0.22776474356861084,0.3397850697075843,0.30745024516137914,0.12499994156242572
sess_42_000344,6830.54,upi,desktop,price_shock_breakdown,492,1,6,0.713,82.0,0,email,0,0,0.24833287763768827,0.10096461356355876,0.5000810046968293,0.1506215041019237,0.24833287763768827
sess_42_000345,3981.46,cod,mobile_android,price_shock_breakdown,600,2,12,0.452,50.0,0,whatsapp,0,0,0.579300138099923,0.11695868075619749,0.579300138099923,0.17448184855563614,0.12925933258824335
sess_42_000346,3320.55,cod,mobile_android,genuine_browse_abandon,240,2,6,0.678,40.0,0,none,0,0,0.39614560278704986,0.39614560278704986,0.39614560278704986,0.11931676263392972,0.0883920317919707
sess_42_000347,4454.01,upi,mobile_android,price_shock_breakdown,435,1,9,0.634,48.33,1,none,0,0,0.11695868075619749,0.11695868075619749,0.579300138099923,0.17448184855563614,0.12925933258824335
sess_42_000348,391.05,upi,mobile_android,otp_timeout,478,1,4,0.653,119.5,0,sms,0,0,0.647434897682398,0.17644659353817646,0.0792825650965213,0.647434897682398,0.09683594368290428
sess_42_000349,1534.67,upi,mobile_android,price_shock_breakdown,600,2,12,0.539,50.0,0,email,0,0,0.17655983490276325,0.32171299457016933,0.2633963223194074,0.23833084820766,0.17655983490276325
sess_42_000350,4646.07,card,mobile_ios,price_shock_breakdown,318,1,5,0.759,63.6,0,whatsapp,0,0,0.579300138099923,0.11695868075619749,0.579300138099923,0.17448184855563614,0.12925933258824335
sess_42_000351,1798.54,card,mobile_android,price_shock_breakdown,427,1,6,0.922,71.17,1,sms,1,0,0.23833084820766,0.32171299457016933,0.2633963223194074,0.23833084820766,0.17655983490276325
sess_42_000352,3155.83,upi,mobile_android,price_shock_breakdown,251,2,11,0.775,22.82,0,sms,1,0,0.17448184855563614,0.11695868075619749,0.579300138099923,0.17448184855563614,0.12925933258824335
sess_42_000353,5356.85,cod,mobile_android,genuine_browse_abandon,327,1,5,0.555,65.4,1,none,0,0,0.39614560278704986,0.39614560278704986,0.39614560278704986,0.11931676263392972,0.0883920317919707
sess_42_000354,3064.74,upi,mobile_android,price_shock_breakdown,308,1,4,0.632,77.0,1,none,0,0,0.11695868075619749,0.11695868075619749,0.579300138099923,0.17448184855563614,0.12925933258824335
sess_42_000355,1490.28,cod,mobile_android,price_shock_breakdown,188,2,6,0.74,31.33,0,whatsapp,0,0,0.2202427743860977,0.26900513210002774,0.2202427743860977,0.3631189468483686,0.14763314666550595
sess_42_000356,2784.38,netbanking,mobile_ios,genuine_browse_abandon,477,1,10,0.819,47.7,1,none,0,0,0.39614560278704986,0.39614560278704986,0.39614560278704986,0.11931676263392972,0.0883920317919707
sess_42_000357,516.33,card,mobile_ios,upi_app_switch_abort,368,2,9,0.874,40.89,0,whatsapp,1,0,0.3397850697075843,0.22776474356861084,0.3397850697075843,0.30745024516137914,0.12499994156242572
sess_42_000358,2611.72,upi,mobile_android,price_shock_breakdown,507,2,12,0.675,42.25,0,whatsapp,0,0,0.579300138099923,0.11695868075619749,0.579300138099923,0.17448184855563614,0.12925933258824335
sess_42_000359,3172.35,cod,mobile_android,price_shock_breakdown,573,1,9,0.902,63.67,0,none,0,0,0.11695868075619749,0.11695868075619749,0.579300138099923,0.17448184855563614,0.12925933258824335
sess_42_000360,2024.77,card,desktop,price_shock_breakdown,314,2,8,0.891,39.25,1,whatsapp,0,0,0.21654091644863488,0.2644836726048936,0.21654091644863488,0.19593432373852326,0.32304108720794833
sess_42_000361,4320.59,cod,mobile_android,price_shock_breakdown,600,2,12,0.817,50.0,1,sms,1,1,0.17448184855563614,0.11695868075619749,0.579300138099923,0.17448184855563614,0.12925933258824335
sess_42_000362,2228.25,upi,mobile_android,otp_timeout,77,1,9,0.878,8.56,0,sms,1,0,0.45962498828569537,0.2282430144379751,0.18686957509559202,0.45962498828569537,0.12526242218073758
sess_42_000363,2018.71,cod,mobile_android,vpa_validation_failure,213,2,7,0.718,30.43,1,none,0,0,0.32171299457016933,0.32171299457016933,0.2633963223194074,0.23833084820766,0.17655983490276325
sess_42_000364,7145.56,card,mobile_android,genuine_browse_abandon,330,1,5,0.42,66.0,1,none,0,0,0.39614560278704986,0.39614560278704986,0.39614560278704986,0.11931676263392972,0.0883920317919707
sess_42_000365,881.5,upi,mobile_android,upi_app_switch_abort,216,1,4,0.664,54.0,0,whatsapp,0,0,0.483942482820616,0.1780324901391686,0.483942482820616,0.24031872484904457,0.0977063021911707
sess_42_000366,5136.36,cod,mobile_android,price_shock_breakdown,577,1,4,0.663,144.25,1,whatsapp,0,0,0.579300138099923,0.11695868075619749,0.579300138099923,0.17448184855563614,0.12925933258824335
sess_42_000367,4840.26,upi,mobile_android,price_shock_breakdown,186,1,7,0.464,26.57,0,none,0,0,0.11695868075619749,0.11695868075619749,0.579300138099923,0.17448184855563614,0.12925933258824335
sess_42_000368,3408.31,upi,mobile_android,price_shock_breakdown,600,2,8,0.59,75.0,1,whatsapp,0,0,0.579300138099923,0.11695868075619749,0.579300138099923,0.17448184855563614,0.12925933258824335
sess_42_000369,1334.9,card,mobile_android,upi_app_switch_abort,400,2,8,0.629,50.0,1,whatsapp,0,0,0.483942482820616,0.1780324901391686,0.483942482820616,0.24031872484904457,0.0977063021911707
sess_42_000370,2337.93,cod,mobile_ios,price_shock_breakdown,247,2,6,0.756,41.17,0,whatsapp,1,1,0.2633963223194074,0.32171299457016933,0.2633963223194074,0.23833084820766,0.17655983490276325
sess_42_000371,989.09,cod,mobile_android,price_shock_breakdown,320,1,8,0.688,40.0,0,sms,0,0,0.3631189468483686,0.26900513210002774,0.2202427743860977,0.3631189468483686,0.14763314666550595
sess_42_000372,1186.09,card,mobile_android,price_shock_breakdown,452,1,4,0.425,113.0,1,sms,0,0,0.3631189468483686,0.26900513210002774,0.2202427743860977,0.3631189468483686,0.14763314666550595
sess_42_000373,1995.36,upi,mobile_android,upi_app_switch_abort,600,1,8,0.922,75.0,1,whatsapp,1,0,0.5427974771347435,0.1996840325575982,0.5427974771347435,0.14792956969787008,0.10958892060978828
sess_42_000374,931.96,card,mobile_android,price_shock_breakdown,114,1,4,0.581,28.5,0,sms,0,0,0.3631189468483686,0.26900513210002774,0.2202427743860977,0.3631189468483686,0.14763314666550595
sess_42_000375,1517.78,card,mobile_android,otp_timeout,256,1,8,0.639,32.0,0,email,0,0,0.12526242218073758,0.2282430144379751,0.18686957509559202,0.45962498828569537,0.12526242218073758
sess_42_000376,791.16,cod,mobile_android,genuine_browse_abandon,306,2,8,0.732,38.25,0,none,0,0,0.6784017024227375,0.6784017024227375,0.061543213951843805,0.18488603235859524,0.07516905126682347
sess_42_000377,2950.39,cod,mobile_ios,otp_timeout,450,2,12,0.929,37.5,1,sms,1,1,0.36489272043655063,0.08998143702404678,0.4456809751737707,0.36489272043655063,0.09944486736563182
sess_42_000378,6161.93,upi,mobile_android,price_shock_breakdown,552,2,7,0.606,78.86,0,sms,1,0,0.17448184855563614,0.11695868075619749,0.579300138099923,0.17448184855563614,0.12925933258824335
sess_42_000379,9392.71,card,mobile_android,price_shock_breakdown,500,1,9,0.628,55.56,0,email,0,0,0.12925933258824335,0.11695868075619749,0.579300138099923,0.17448184855563614,0.12925933258824335
sess_42_000380,832.86,cod,mobile_android,price_shock_breakdown,324,2,10,0.713,32.4,0,sms,0,0,0.3631189468483686,0.26900513210002774,0.2202427743860977,0.3631189468483686,0.14763314666550595
sess_42_000381,950.16,card,mobile_android,genuine_browse_abandon,112,2,9,0.545,12.44,0,email,0,0,0.07154897144031824,0.6457304331194986,0.10673852268549665,0.17598207275468647,0.07154897144031824
sess_42_000382,1741.53,card,mobile_android,price_shock_breakdown,166,1,9,0.496,18.44,1,none,0,0,0.32171299457016933,0.32171299457016933,0.2633963223194074,0.23833084820766,0.17655983490276325
sess_42_000383,3350.13,upi,desktop,genuine_browse_abandon,562,1,5,0.676,112.4,0,email,0,0,0.17749265122720856,0.3574263069649042,0.3574263069649042,0.10765473484298313,0.17749265122720856
sess_42_000384,1687.5,upi,mobile_android,price_shock_breakdown,371,1,10,0.919,37.1,1,email,1,0,0.17655983490276325,0.32171299457016933,0.2633963223194074,0.23833084820766,0.17655983490276325
sess_42_000385,4056.84,netbanking,mobile_android,genuine_browse_abandon,473,2,11,0.684,43.0,1,none,0,0,0.39614560278704986,0.39614560278704986,0.39614560278704986,0.11931676263392972,0.0883920317919707
sess_42_000386,2935.36,card,mobile_android,upi_app_switch_abort,496,1,10,0.633,49.6,1,sms,1,0,0.07442851737376392,0.049994806056778376,0.8204386747606477,0.07442851737376392,0.0551380018088101
sess_42_000387,523.03,netbanking,mobile_android,genuine_browse_abandon,600,1,4,0.46,150.0,0,none,0,0,0.6784017024227375,0.6784017024227375,0.061543213951843805,0.18488603235859524,0.07516905126682347
sess_42_000388,2053.04,card,mobile_ios,price_shock_breakdown,339,2,9,0.718,37.67,0,email,0,0,0.17655983490276325,0.32171299457016933,0.2633963223194074,0.23833084820766,0.17655983490276325
sess_42_000389,777.59,upi,mobile_android,genuine_browse_abandon,600,1,6,0.674,100.0,0,none,0,0,0.6784017024227375,0.6784017024227375,0.061543213951843805,0.18488603235859524,0.07516905126682347
sess_42_000390,1288.81,cod,mobile_android,price_shock_breakdown,522,3,9,0.641,58.0,0,sms,0,0,0.3631189468483686,0.26900513210002774,0.2202427743860977,0.3631189468483686,0.14763314666550595
sess_42_000391,1445.61,cod,mobile_ios,genuine_browse_abandon,380,1,6,0.801,63.33,1,none,0,0,0.6457304331194986,0.6457304331194986,0.10673852268549665,0.17598207275468647,0.07154897144031824
sess_42_000392,3432.55,netbanking,mobile_android,price_shock_breakdown,176,1,7,0.543,25.14,1,email,1,0,0.12925933258824335,0.11695868075619749,0.579300138099923,0.17448184855563614,0.12925933258824335
sess_42_000393,1925.41,netbanking,mobile_android,genuine_browse_abandon,513,1,4,0.823,128.25,0,none,0,0,0.7014242657747766,0.7014242657747766,0.11594465130421318,0.10491105892118391,0.07772002399982632
sess_42_000394,1387.62,cod,desktop,genuine_browse_abandon,600,1,8,0.827,75.0,0,email,0,0,0.14639807452978248,0.5936734669792981,0.09813356405833273,0.16179489443258677,0.14639807452978248
sess_42_000395,9478.0,upi,mobile_android,genuine_browse_abandon,600,2,8,0.475,75.0,0,none,0,0,0.39614560278704986,0.39614560278704986,0.39614560278704986,0.11931676263392972,0.0883920317919707
sess_42_000396,1006.64,upi,mobile_android,vpa_validation_failure,377,1,9,0.922,41.89,0,whatsapp,0,0,0.2202427743860977,0.26900513210002774,0.2202427743860977,0.3631189468483686,0.14763314666550595
sess_42_000397,2441.3,upi,mobile_android,vpa_validation_failure,566,2,7,0.539,80.86,0,sms,1,0,0.23833084820766,0.32171299457016933,0.2633963223194074,0.23833084820766,0.17655983490276325
sess_42_000398,3244.36,upi,mobile_android,genuine_browse_abandon,600,2,10,0.693,60.0,1,none,0,0,0.39614560278704986,0.39614560278704986,0.39614560278704986,0.11931676263392972,0.0883920317919707
sess_42_000399,2230.41,netbanking,mobile_android,price_shock_breakdown,362,2,10,0.62,36.2,1,sms,0,0,0.23833084820766,0.32171299457016933,0.2633963223194074,0.23833084820766,0.17655983490276325
sess_42_000400,1002.25,upi,mobile_ios,vpa_validation_failure,130,2,7,0.725,18.57,1,none,0,0,0.26900513210002774,0.26900513210002774,0.2202427743860977,0.3631189468483686,0.14763314666550595
sess_42_000401,964.61,upi,mobile_android,vpa_validation_failure,189,2,8,0.702,23.62,0,none,0,0,0.26900513210002774,0.26900513210002774,0.2202427743860977,0.3631189468483686,0.14763314666550595
sess_42_000402,3130.38,upi,mobile_ios,price_shock_breakdown,557,1,5,0.915,111.4,0,none,0,0,0.11695868075619749,0.11695868075619749,0.579300138099923,0.17448184855563614,0.12925933258824335
sess_42_000403,4304.0,upi,mobile_android,genuine_browse_abandon,328,1,10,0.9,32.8,1,whatsapp,0,0,0.39614560278704986,0.39614560278704986,0.39614560278704986,0.11931676263392972,0.0883920317919707
sess_42_000404,1889.44,upi,mobile_android,upi_app_switch_abort,490,1,8,0.563,61.25,0,whatsapp,0,0,0.5427974771347435,0.1996840325575982,0.5427974771347435,0.14792956969787008,0.10958892060978828
sess_42_000405,731.53,card,mobile_android,otp_timeout,600,2,11,0.619,54.55,1,none,0,0,0.17644659353817646,0.17644659353817646,0.0792825650965213,0.647434897682398,0.09683594368290428
sess_42_000406,1980.05,netbanking,mobile_android,otp_timeout,394,1,4,0.857,98.5,0,sms,0,0,0.45962498828569537,0.2282430144379751,0.18686957509559202,0.45962498828569537,0.12526242218073758
sess_42_000407,6119.94,netbanking,mobile_android,otp_timeout,239,2,6,0.739,39.83,1,sms,1,0,0.36489272043655063,0.08998143702404678,0.4456809751737707,0.36489272043655063,0.09944486736563182
sess_42_000408,923.88,upi,mobile_android,upi_app_switch_abort,321,1,10,0.831,32.1,0,whatsapp,0,0,0.483942482820616,0.1780324901391686,0.483942482820616,0.24031872484904457,0.0977063021911707
sess_42_000409,1548.3,cod,mobile_ios,genuine_browse_abandon,600,1,9,0.723,66.67,0,none,0,0,0.7014242657747766,0.7014242657747766,0.11594465130421318,0.10491105892118391,0.07772002399982632
sess_42_000410,2052.05,card,mobile_android,vpa_validation_failure,524,1,9,0.911,58.22,0,whatsapp,0,0,0.2633963223194074,0.32171299457016933,0.2633963223194074,0.23833084820766,0.17655983490276325
sess_42_000411,4443.8,card,mobile_android,otp_timeout,514,2,12,0.709,42.83,1,whatsapp,0,0,0.4456809751737707,0.08998143702404678,0.4456809751737707,0.36489272043655063,0.09944486736563182
sess_42_000412,1320.66,upi,mobile_ios,price_shock_breakdown,359,2,11,0.705,32.64,0,sms,1,0,0.3631189468483686,0.26900513210002774,0.2202427743860977,0.3631189468483686,0.14763314666550595
sess_42_000413,2824.75,upi,mobile_android,genuine_browse_abandon,558,1,4,0.506,139.5,1,sms,0,0,0.11931676263392972,0.39614560278704986,0.39614560278704986,0.11931676263392972,0.0883920317919707
sess_42_000414,5576.53,upi,mobile_android,vpa_validation_failure,406,2,8,0.565,50.75,0,sms,0,0,0.17448184855563614,0.11695868075619749,0.579300138099923,0.17448184855563614,0.12925933258824335
sess_42_000415,646.6,card,mobile_android,otp_timeout,369,2,8,0.909,46.12,1,none,0,0,0.17644659353817646,0.17644659353817646,0.0792825650965213,0.647434897682398,0.09683594368290428
sess_42_000416,734.88,cod,mobile_ios,genuine_browse_abandon,270,1,5,0.737,54.0,1,email,0,0,0.07516905126682347,0.6784017024227375,0.061543213951843805,0.18488603235859524,0.07516905126682347
sess_42_000417,1831.16,upi,mobile_android,genuine_browse_abandon,213,2,12,0.686,17.75,0,none,0,0,0.7014242657747766,0.7014242657747766,0.11594465130421318,0.10491105892118391,0.07772002399982632
sess_42_000418,4098.02,card,mobile_android,genuine_browse_abandon,543,2,12,0.847,45.25,0,none,0,0,0.39614560278704986,0.39614560278704986,0.39614560278704986,0.11931676263392972,0.0883920317919707
sess_42_000419,2521.48,cod,mobile_android,price_shock_breakdown,600,1,5,0.872,120.0,1,sms,0,0,0.17448184855563614,0.11695868075619749,0.579300138099923,0.17448184855563614,0.12925933258824335
sess_42_000420,4382.02,upi,mobile_android,genuine_browse_abandon,498,1,9,0.718,55.33,1,whatsapp,0,0,0.39614560278704986,0.39614560278704986,0.39614560278704986,0.11931676263392972,0.0883920317919707
sess_42_000421,548.03,upi,mobile_android,vpa_validation_failure,472,1,9,0.838,52.44,1,sms,0,0,0.40318370559932304,0.2986858353899521,0.13420819701225414,0.40318370559932304,0.16392226199847068
sess_42_000422,2546.15,upi,mobile_android,genuine_browse_abandon,496,2,6,0.541,82.67,0,whatsapp,0,0,0.39614560278704986,0.39614560278704986,0.39614560278704986,0.11931676263392972,0.0883920317919707
sess_42_000423,232.25,cod,desktop,genuine_browse_abandon,486,2,6,0.532,81.0,0,sms,0,0,0.16929052393388763,0.6211771553301298,0.05635192016168885,0.16929052393388763,0.15318040057429372
sess_42_000424,5314.25,cod,desktop,otp_timeout,494,1,10,0.45,49.4,0,sms,0,0,0.32525292510196563,0.08020638384327146,0.397264819819204,0.32525292510196563,0.19727587123555898
sess_42_000425,4791.47,upi,mobile_android,upi_app_switch_abort,600,3,9,0.539,66.67,1,whatsapp,1,0,0.8204386747606477,0.049994806056778376,0.8204386747606477,0.07442851737376392,0.0551380018088101
sess_42_000426,1535.45,upi,mobile_android,price_shock_breakdown,600,1,9,0.827,66.67,0,none,0,0,0.32171299457016933,0.32171299457016933,0.2633963223194074,0.23833084820766,0.17655983490276325
sess_42_000427,347.48,netbanking,mobile_android,price_shock_breakdown,448,1,8,0.735,56.0,0,none,0,0,0.2986858353899521,0.2986858353899521,0.13420819701225414,0.40318370559932304,0.16392226199847068
sess_42_000428,1679.47,upi,mobile_android,genuine_browse_abandon,283,2,9,0.831,31.44,1,none,0,0,0.7014242657747766,0.7014242657747766,0.11594465130421318,0.10491105892118391,0.07772002399982632
sess_42_000429,4537.91,cod,mobile_android,price_shock_breakdown,128,2,6,0.675,21.33,0,whatsapp,0,0,0.579300138099923,0.11695868075619749,0.579300138099923,0.17448184855563614,0.12925933258824335
sess_42_000430,2679.17,upi,mobile_android,genuine_browse_abandon,408,1,8,0.611,51.0,0,none,0,0,0.39614560278704986,0.39614560278704986,0.39614560278704986,0.11931676263392972,0.0883920317919707
sess_42_000431,7860.13,cod,desktop,price_shock_breakdown,203,3,13,0.509,15.62,1,whatsapp,0,0,0.5000810046968293,0.10096461356355876,0.5000810046968293,0.1506215041019237,0.24833287763768827
sess_42_000432,1572.58,cod,mobile_android,genuine_browse_abandon,183,1,5,0.616,36.6,0,none,0,0,0.7014242657747766,0.7014242657747766,0.11594465130421318,0.10491105892118391,0.07772002399982632
sess_42_000433,9003.49,upi,mobile_android,price_shock_breakdown,474,2,10,0.878,47.4,0,whatsapp,0,0,0.579300138099923,0.11695868075619749,0.579300138099923,0.17448184855563614,0.12925933258824335
sess_42_000434,430.88,upi,mobile_android,upi_app_switch_abort,600,2,8,0.634,75.0,0,whatsapp,1,0,0.3397850697075843,0.22776474356861084,0.3397850697075843,0.30745024516137914,0.12499994156242572
sess_42_000435,1110.96,upi,mobile_android,upi_app_switch_abort,503,2,12,0.73,41.92,1,email,1,0,0.0977063021911707,0.1780324901391686,0.483942482820616,0.24031872484904457,0.0977063021911707
sess_42_000436,743.03,card,mobile_ios,otp_timeout,389,1,7,0.882,55.57,0,sms,1,0,0.647434897682398,0.17644659353817646,0.0792825650965213,0.647434897682398,0.09683594368290428
sess_42_000437,3409.53,upi,mobile_android,price_shock_breakdown,362,2,6,0.746,60.33,0,whatsapp,0,0,0.579300138099923,0.11695868075619749,0.579300138099923,0.17448184855563614,0.12925933258824335
sess_42_000438,791.17,cod,mobile_android,genuine_browse_abandon,449,1,5,0.716,89.8,0,whatsapp,1,0,0.061543213951843805,0.6784017024227375,0.061543213951843805,0.18488603235859524,0.07516905126682347
sess_42_000439,4176.07,cod,mobile_android,genuine_browse_abandon,442,2,7,0.894,63.14,1,none,0,0,0.39614560278704986,0.39614560278704986,0.39614560278704986,0.11931676263392972,0.0883920317919707
sess_42_000440,3283.7,netbanking,mobile_android,price_shock_breakdown,280,1,6,0.583,46.67,0,whatsapp,0,0,0.579300138099923,0.11695868075619749,0.579300138099923,0.17448184855563614,0.12925933258824335
sess_42_000441,2246.59,upi,mobile_android,price_shock_breakdown,438,1,6,0.912,73.0,1,sms,1,0,0.23833084820766,0.32171299457016933,0.2633963223194074,0.23833084820766,0.17655983490276325
sess_42_000442,1802.1,cod,mobile_ios,genuine_browse_abandon,192,2,9,0.868,21.33,1,none,0,0,0.7014242657747766,0.7014242657747766,0.11594465130421318,0.10491105892118391,0.07772002399982632
sess_42_000443,890.25,cod,mobile_ios,price_shock_breakdown,91,2,11,0.725,8.27,0,none,0,0,0.26900513210002774,0.26900513210002774,0.2202427743860977,0.3631189468483686,0.14763314666550595
sess_42_000444,3077.07,upi,mobile_android,price_shock_breakdown,382,1,9,0.633,42.44,0,whatsapp,0,0,0.579300138099923,0.11695868075619749,0.579300138099923,0.17448184855563614,0.12925933258824335
sess_42_000445,1336.98,upi,mobile_android,upi_app_switch_abort,335,3,11,0.503,30.45,1,none,0,0,0.1780324901391686,0.1780324901391686,0.483942482820616,0.24031872484904457,0.0977063021911707
sess_42_000446,3473.32,cod,mobile_android,otp_timeout,426,1,7,0.624,60.86,0,sms,1,1,0.36489272043655063,0.08998143702404678,0.4456809751737707,0.36489272043655063,0.09944486736563182
sess_42_000447,6003.89,card,mobile_android,otp_timeout,584,2,6,0.613,97.33,1,whatsapp,1,1,0.4456809751737707,0.08998143702404678,0.4456809751737707,0.36489272043655063,0.09944486736563182
sess_42_000448,1548.15,card,mobile_android,genuine_browse_abandon,323,2,11,0.576,29.36,1,email,1,0,0.07772002399982632,0.7014242657747766,0.11594465130421318,0.10491105892118391,0.07772002399982632
sess_42_000449,5254.51,upi,mobile_android,price_shock_breakdown,163,1,4,0.658,40.75,1,email,1,0,0.12925933258824335,0.11695868075619749,0.579300138099923,0.17448184855563614,0.12925933258824335
sess_42_000450,2250.51,upi,mobile_ios,genuine_browse_abandon,286,1,10,0.928,28.6,1,none,0,0,0.7014242657747766,0.7014242657747766,0.11594465130421318,0.10491105892118391,0.07772002399982632
sess_42_000451,3053.35,netbanking,mobile_android,otp_timeout,419,2,8,0.62,52.38,0,sms,0,0,0.36489272043655063,0.08998143702404678,0.4456809751737707,0.36489272043655063,0.09944486736563182
sess_42_000452,724.04,upi,mobile_ios,upi_app_switch_abort,600,2,9,0.593,66.67,1,sms,1,0,0.30745024516137914,0.22776474356861084,0.3397850697075843,0.30745024516137914,0.12499994156242572
sess_42_000453,1166.0,upi,desktop,upi_app_switch_abort,469,3,9,0.576,52.11,0,whatsapp,1,1,0.4321906469343732,0.1589940536737414,0.4321906469343732,0.2146195237037115,0.19419577568817373
sess_42_000454,1156.53,upi,mobile_android,vpa_validation_failure,223,2,8,0.448,27.88,1,none,1,0,0.26900513210002774,0.26900513210002774,0.2202427743860977,0.3631189468483686,0.14763314666550595
sess_42_000455,5355.21,upi,mobile_android,price_shock_breakdown,561,2,7,0.502,80.14,1,whatsapp,1,0,0.579300138099923,0.11695868075619749,0.579300138099923,0.17448184855563614,0.12925933258824335
sess_42_000456,1499.85,upi,desktop,upi_app_switch_abort,208,1,6,0.539,34.67,0,none,1,0,0.1589940536737414,0.1589940536737414,0.4321906469343732,0.2146195237037115,0.19419577568817373
sess_42_000457,3126.27,card,mobile_android,genuine_browse_abandon,600,1,6,0.852,100.0,1,whatsapp,0,0,0.39614560278704986,0.39614560278704986,0.39614560278704986,0.11931676263392972,0.0883920317919707
sess_42_000458,1843.27,upi,mobile_android,upi_app_switch_abort,190,3,13,0.837,14.62,1,whatsapp,1,0,0.5427974771347435,0.1996840325575982,0.5427974771347435,0.14792956969787008,0.10958892060978828
sess_42_000459,1493.09,cod,mobile_android,upi_app_switch_abort,600,2,10,0.805,60.0,1,email,0,0,0.0977063021911707,0.1780324901391686,0.483942482820616,0.24031872484904457,0.0977063021911707
sess_42_000460,646.91,netbanking,mobile_android,otp_timeout,539,2,11,0.529,49.0,1,sms,1,1,0.647434897682398,0.17644659353817646,0.0792825650965213,0.647434897682398,0.09683594368290428
sess_42_000461,466.1,cod,desktop,otp_timeout,535,2,11,0.934,48.64,0,sms,1,1,0.5787508260162643,0.1577280003341284,0.07087175900241471,0.5787508260162643,0.19264941464719262
sess_42_000462,1513.5,cod,mobile_android,genuine_browse_abandon,513,1,10,0.919,51.3,0,whatsapp,0,0,0.11594465130421318,0.7014242657747766,0.11594465130421318,0.10491105892118391,0.07772002399982632
sess_42_000463,1581.07,netbanking,mobile_android,genuine_browse_abandon,353,2,7,0.756,50.43,1,none,0,0,0.7014242657747766,0.7014242657747766,0.11594465130421318,0.10491105892118391,0.07772002399982632
sess_42_000464,1009.45,card,mobile_android,genuine_browse_abandon,600,1,6,0.898,100.0,1,none,0,0,0.6457304331194986,0.6457304331194986,0.10673852268549665,0.17598207275468647,0.07154897144031824
sess_42_000465,2175.61,netbanking,mobile_android,upi_app_switch_abort,174,2,9,0.827,19.33,0,none,1,0,0.1996840325575982,0.1996840325575982,0.5427974771347435,0.14792956969787008,0.10958892060978828
sess_42_000466,8509.9,cod,mobile_ios,price_shock_breakdown,339,1,7,0.491,48.43,0,none,0,0,0.11695868075619749,0.11695868075619749,0.579300138099923,0.17448184855563614,0.12925933258824335
sess_42_000467,5978.51,cod,mobile_android,price_shock_breakdown,600,1,9,0.721,66.67,0,whatsapp,0,0,0.579300138099923,0.11695868075619749,0.579300138099923,0.17448184855563614,0.12925933258824335
sess_42_000468,1926.82,upi,mobile_ios,upi_app_switch_abort,66,1,4,0.567,16.5,1,whatsapp,1,0,0.5427974771347435,0.1996840325575982,0.5427974771347435,0.14792956969787008,0.10958892060978828
sess_42_000469,1977.65,cod,mobile_android,price_shock_breakdown,510,2,12,0.608,42.5,0,whatsapp,0,0,0.2633963223194074,0.32171299457016933,0.2633963223194074,0.23833084820766,0.17655983490276325
sess_42_000470,3060.56,card,mobile_ios,otp_timeout,199,2,9,0.801,22.11,0,email,0,0,0.09944486736563182,0.08998143702404678,0.4456809751737707,0.36489272043655063,0.09944486736563182
sess_42_000471,2276.78,cod,desktop,vpa_validation_failure,205,2,7,0.741,29.29,0,whatsapp,0,0,0.21654091644863488,0.2644836726048936,0.21654091644863488,0.19593432373852326,0.32304108720794833
sess_42_000472,3064.55,cod,desktop,genuine_browse_abandon,141,1,6,0.703,23.5,0,none,0,0,0.3574263069649042,0.3574263069649042,0.3574263069649042,0.10765473484298313,0.17749265122720856
sess_42_000473,2325.78,upi,desktop,genuine_browse_abandon,538,1,9,0.933,59.78,1,sms,0,0,0.0957873982812367,0.6404244338089113,0.10586144689855206,0.0957873982812367,0.15792672101129984
sess_42_000474,2029.48,cod,mobile_android,price_shock_breakdown,87,2,10,0.571,8.7,1,whatsapp,0,0,0.2633963223194074,0.32171299457016933,0.2633963223194074,0.23833084820766,0.17655983490276325
sess_42_000475,1159.73,upi,mobile_android,vpa_validation_failure,516,2,9,0.873,57.33,0,sms,0,0,0.3631189468483686,0.26900513210002774,0.2202427743860977,0.3631189468483686,0.14763314666550595
sess_42_000476,2457.93,upi,mobile_android,otp_timeout,551,2,12,0.793,45.92,0,sms,1,1,0.45962498828569537,0.2282430144379751,0.18686957509559202,0.45962498828569537,0.12526242218073758
sess_42_000477,343.35,upi,mobile_android,otp_timeout,443,1,8,0.446,55.38,1,sms,0,0,0.647434897682398,0.17644659353817646,0.0792825650965213,0.647434897682398,0.09683594368290428
sess_42_000478,2284.48,upi,mobile_ios,upi_app_switch_abort,127,2,7,0.664,18.14,1,whatsapp,0,0,0.5427974771347435,0.1996840325575982,0.5427974771347435,0.14792956969787008,0.10958892060978828
sess_42_000479,397.42,upi,mobile_android,price_shock_breakdown,541,2,9,0.512,60.11,1,none,1,1,0.2986858353899521,0.2986858353899521,0.13420819701225414,0.40318370559932304,0.16392226199847068
sess_42_000480,2285.86,upi,mobile_android,vpa_validation_failure,225,2,12,0.508,18.75,0,none,1,0,0.32171299457016933,0.32171299457016933,0.2633963223194074,0.23833084820766,0.17655983490276325
sess_42_000481,899.01,upi,mobile_android,vpa_validation_failure,600,1,9,0.783,66.67,1,sms,1,0,0.3631189468483686,0.26900513210002774,0.2202427743860977,0.3631189468483686,0.14763314666550595
sess_42_000482,4884.21,cod,mobile_android,genuine_browse_abandon,411,1,8,0.876,51.38,0,none,0,0,0.39614560278704986,0.39614560278704986,0.39614560278704986,0.11931676263392972,0.0883920317919707
sess_42_000483,2002.86,cod,mobile_android,genuine_browse_abandon,204,2,11,0.784,18.55,0,none,1,0,0.7014242657747766,0.7014242657747766,0.11594465130421318,0.10491105892118391,0.07772002399982632
sess_42_000484,1875.53,netbanking,mobile_ios,otp_timeout,99,1,7,0.599,14.14,0,whatsapp,1,1,0.18686957509559202,0.2282430144379751,0.18686957509559202,0.45962498828569537,0.12526242218073758
sess_42_000485,2539.61,cod,mobile_android,genuine_browse_abandon,159,2,9,0.458,17.67,0,none,0,0,0.39614560278704986,0.39614560278704986,0.39614560278704986,0.11931676263392972,0.0883920317919707
sess_42_000486,979.82,card,mobile_ios,otp_timeout,399,1,4,0.65,99.75,1,sms,0,0,0.6078175404546194,0.16564960413762098,0.13562242514266395,0.6078175404546194,0.09091043026509557
sess_42_000487,4345.4,cod,mobile_android,upi_app_switch_abort,175,2,12,0.545,14.58,1,whatsapp,1,0,0.8204386747606477,0.049994806056778376,0.8204386747606477,0.07442851737376392,0.0551380018088101
sess_42_000488,3151.48,card,mobile_ios,genuine_browse_abandon,315,1,5,0.833,63.0,1,none,0,0,0.39614560278704986,0.39614560278704986,0.39614560278704986,0.11931676263392972,0.0883920317919707
sess_42_000489,1239.47,upi,mobile_ios,upi_app_switch_abort,600,1,10,0.614,60.0,0,whatsapp,0,0,0.483942482820616,0.1780324901391686,0.483942482820616,0.24031872484904457,0.0977063021911707
sess_42_000490,846.93,cod,desktop,genuine_browse_abandon,600,1,10,0.891,60.0,0,whatsapp,0,0,0.09813356405833273,0.5936734669792981,0.09813356405833273,0.16179489443258677,0.14639807452978248
sess_42_000491,1366.27,cod,mobile_android,price_shock_breakdown,153,1,6,0.485,25.5,0,sms,0,0,0.3631189468483686,0.26900513210002774,0.2202427743860977,0.3631189468483686,0.14763314666550595
sess_42_000492,1667.78,card,mobile_ios,otp_timeout,486,1,10,0.471,48.6,1,whatsapp,0,0,0.18686957509559202,0.2282430144379751,0.18686957509559202,0.45962498828569537,0.12526242218073758
sess_42_000493,801.48,upi,mobile_android,genuine_browse_abandon,422,2,6,0.426,70.33,1,none,0,0,0.6457304331194986,0.6457304331194986,0.10673852268549665,0.17598207275468647,0.07154897144031824
sess_42_000494,1283.51,upi,mobile_android,otp_timeout,382,2,6,0.914,63.67,0,email,1,1,0.09091043026509557,0.16564960413762098,0.13562242514266395,0.6078175404546194,0.09091043026509557
sess_42_000495,1160.19,netbanking,mobile_android,otp_timeout,220,2,7,0.665,31.43,0,whatsapp,0,0,0.13562242514266395,0.16564960413762098,0.13562242514266395,0.6078175404546194,0.09091043026509557
sess_42_000496,1553.58,cod,mobile_android,vpa_validation_failure,300,2,12,0.81,25.0,0,whatsapp,0,0,0.2633963223194074,0.32171299457016933,0.2633963223194074,0.23833084820766,0.17655983490276325
sess_42_000497,1562.91,card,desktop,genuine_browse_abandon,448,2,7,0.48,64.0,0,none,0,0,0.6404244338089113,0.6404244338089113,0.10586144689855206,0.0957873982812367,0.15792672101129984
sess_42_000498,2607.31,netbanking,mobile_android,genuine_browse_abandon,499,1,10,0.493,49.9,1,none,0,0,0.39614560278704986,0.39614560278704986,0.39614560278704986,0.11931676263392972,0.0883920317919707
sess_42_000499,1850.91,netbanking,mobile_android,otp_timeout,277,2,10,0.574,27.7,0,sms,0,0,0.45962498828569537,0.2282430144379751,0.18686957509559202,0.45962498828569537,0.12526242218073758
sess_42_000500,2444.39,upi,mobile_android,otp_timeout,600,1,5,0.474,120.0,1,sms,1,0,0.45962498828569537,0.2282430144379751,0.18686957509559202,0.45962498828569537,0.12526242218073758
sess_42_000501,2179.03,card,mobile_android,price_shock_breakdown,344,3,9,0.458,38.22,0,email,0,0,0.17655983490276325,0.32171299457016933,0.2633963223194074,0.23833084820766,0.17655983490276325
sess_42_000502,1562.15,cod,mobile_android,genuine_browse_abandon,350,2,11,0.477,31.82,0,none,0,0,0.7014242657747766,0.7014242657747766,0.11594465130421318,0.10491105892118391,0.07772002399982632
sess_42_000503,3019.34,card,mobile_ios,price_shock_breakdown,503,3,11,0.657,45.73,0,whatsapp,0,0,0.579300138099923,0.11695868075619749,0.579300138099923,0.17448184855563614,0.12925933258824335
sess_42_000504,230.9,card,mobile_android,price_shock_breakdown,202,3,8,0.646,25.25,1,whatsapp,0,0,0.13420819701225414,0.2986858353899521,0.13420819701225414,0.40318370559932304,0.16392226199847068
sess_42_000505,1381.48,upi,mobile_android,upi_app_switch_abort,385,1,9,0.685,42.78,1,sms,1,0,0.24031872484904457,0.1780324901391686,0.483942482820616,0.24031872484904457,0.0977063021911707
sess_42_000506,1178.51,cod,mobile_android,price_shock_breakdown,194,2,12,0.757,16.17,0,none,1,1,0.26900513210002774,0.26900513210002774,0.2202427743860977,0.3631189468483686,0.14763314666550595
sess_42_000507,1977.38,cod,mobile_android,price_shock_breakdown,350,1,5,0.558,70.0,0,email,1,1,0.17655983490276325,0.32171299457016933,0.2633963223194074,0.23833084820766,0.17655983490276325
sess_42_000508,1123.55,cod,mobile_android,upi_app_switch_abort,495,2,9,0.7,55.0,0,whatsapp,0,0,0.483942482820616,0.1780324901391686,0.483942482820616,0.24031872484904457,0.0977063021911707
sess_42_000509,2728.96,cod,mobile_android,price_shock_breakdown,600,1,6,0.918,100.0,1,whatsapp,0,0,0.579300138099923,0.11695868075619749,0.579300138099923,0.17448184855563614,0.12925933258824335
sess_42_000510,3115.05,upi,mobile_android,genuine_browse_abandon,160,1,5,0.744,32.0,1,none,0,0,0.39614560278704986,0.39614560278704986,0.39614560278704986,0.11931676263392972,0.0883920317919707
sess_42_000511,640.34,upi,mobile_android,genuine_browse_abandon,311,2,6,0.832,51.83,0,sms,0,0,0.18488603235859524,0.6784017024227375,0.061543213951843805,0.18488603235859524,0.07516905126682347
sess_42_000512,2137.99,upi,mobile_ios,upi_app_switch_abort,256,2,12,0.888,21.33,0,whatsapp,0,0,0.5427974771347435,0.1996840325575982,0.5427974771347435,0.14792956969787008,0.10958892060978828
sess_42_000513,691.82,upi,mobile_android,vpa_validation_failure,600,1,4,0.527,150.0,1,sms,1,0,0.40318370559932304,0.2986858353899521,0.13420819701225414,0.40318370559932304,0.16392226199847068
sess_42_000514,2590.86,upi,mobile_android,otp_timeout,600,2,8,0.539,75.0,1,sms,0,0,0.36489272043655063,0.08998143702404678,0.4456809751737707,0.36489272043655063,0.09944486736563182
sess_42_000515,1274.23,cod,mobile_android,upi_app_switch_abort,598,2,8,0.539,74.75,1,whatsapp,0,0,0.483942482820616,0.1780324901391686,0.483942482820616,0.24031872484904457,0.0977063021911707
sess_42_000516,989.14,card,mobile_ios,otp_timeout,600,2,11,0.645,54.55,1,none,0,0,0.16564960413762098,0.16564960413762098,0.13562242514266395,0.6078175404546194,0.09091043026509557
sess_42_000517,501.28,upi,mobile_android,upi_app_switch_abort,196,2,7,0.894,28.0,1,none,1,0,0.22776474356861084,0.22776474356861084,0.3397850697075843,0.30745024516137914,0.12499994156242572
sess_42_000518,1687.26,upi,desktop,genuine_browse_abandon,250,1,10,0.873,25.0,0,email,0,0,0.15792672101129984,0.6404244338089113,0.10586144689855206,0.0957873982812367,0.15792672101129984
sess_42_000519,758.62,upi,mobile_android,vpa_validation_failure,242,2,7,0.642,34.57,0,email,0,0,0.16392226199847068,0.2986858353899521,0.13420819701225414,0.40318370559932304,0.16392226199847068
sess_42_000520,594.27,card,mobile_android,otp_timeout,522,1,9,0.67,58.0,0,sms,0,0,0.647434897682398,0.17644659353817646,0.0792825650965213,0.647434897682398,0.09683594368290428
sess_42_000521,2078.65,upi,mobile_android,otp_timeout,311,2,8,0.866,38.88,0,sms,0,0,0.45962498828569537,0.2282430144379751,0.18686957509559202,0.45962498828569537,0.12526242218073758
sess_42_000522,3740.35,cod,mobile_android,otp_timeout,600,2,6,0.702,100.0,0,email,0,0,0.09944486736563182,0.08998143702404678,0.4456809751737707,0.36489272043655063,0.09944486736563182
sess_42_000523,2430.5,netbanking,mobile_android,price_shock_breakdown,461,2,6,0.612,76.83,0,none,0,0,0.32171299457016933,0.32171299457016933,0.2633963223194074,0.23833084820766,0.17655983490276325
sess_42_000524,618.17,upi,mobile_android,price_shock_breakdown,600,1,8,0.46,75.0,0,none,1,0,0.2986858353899521,0.2986858353899521,0.13420819701225414,0.40318370559932304,0.16392226199847068
sess_42_000525,1631.76,upi,mobile_android,price_shock_breakdown,241,1,9,0.655,26.78,0,email,0,0,0.17655983490276325,0.32171299457016933,0.2633963223194074,0.23833084820766,0.17655983490276325
sess_42_000526,3012.19,upi,mobile_android,price_shock_breakdown,381,1,8,0.528,47.62,1,none,0,0,0.11695868075619749,0.11695868075619749,0.579300138099923,0.17448184855563614,0.12925933258824335
sess_42_000527,1632.24,cod,mobile_ios,price_shock_breakdown,301,1,8,0.458,37.62,1,none,0,0,0.32171299457016933,0.32171299457016933,0.2633963223194074,0.23833084820766,0.17655983490276325
sess_42_000528,2308.03,upi,mobile_android,vpa_validation_failure,441,2,9,0.468,49.0,1,none,0,0,0.32171299457016933,0.32171299457016933,0.2633963223194074,0.23833084820766,0.17655983490276325
sess_42_000529,1302.52,cod,mobile_ios,otp_timeout,457,1,5,0.713,91.4,1,whatsapp,0,0,0.13562242514266395,0.16564960413762098,0.13562242514266395,0.6078175404546194,0.09091043026509557
sess_42_000530,1354.89,netbanking,mobile_android,otp_timeout,378,1,9,0.649,42.0,0,sms,1,0,0.6078175404546194,0.16564960413762098,0.13562242514266395,0.6078175404546194,0.09091043026509557
sess_42_000531,1102.45,cod,mobile_android,upi_app_switch_abort,572,1,4,0.833,143.0,0,sms,1,1,0.24031872484904457,0.1780324901391686,0.483942482820616,0.24031872484904457,0.0977063021911707
sess_42_000532,2861.24,cod,mobile_android,otp_timeout,449,1,5,0.733,89.8,0,whatsapp,0,0,0.4456809751737707,0.08998143702404678,0.4456809751737707,0.36489272043655063,0.09944486736563182
sess_42_000533,2999.83,upi,mobile_android,price_shock_breakdown,600,1,4,0.45,150.0,0,none,0,0,0.11695868075619749,0.11695868075619749,0.579300138099923,0.17448184855563614,0.12925933258824335
sess_42_000534,1192.28,upi,mobile_android,upi_app_switch_abort,277,1,8,0.673,34.62,0,sms,0,0,0.24031872484904457,0.1780324901391686,0.483942482820616,0.24031872484904457,0.0977063021911707
sess_42_000535,3184.81,upi,mobile_android,upi_app_switch_abort,352,1,8,0.728,44.0,0,whatsapp,0,0,0.8204386747606477,0.049994806056778376,0.8204386747606477,0.07442851737376392,0.0551380018088101
sess_42_000536,620.03,cod,mobile_android,price_shock_breakdown,600,1,9,0.855,66.67,1,whatsapp,0,0,0.13420819701225414,0.2986858353899521,0.13420819701225414,0.40318370559932304,0.16392226199847068
sess_42_000537,1590.27,cod,mobile_android,vpa_validation_failure,489,2,7,0.91,69.86,0,none,0,0,0.32171299457016933,0.32171299457016933,0.2633963223194074,0.23833084820766,0.17655983490276325
sess_42_000538,655.07,card,mobile_android,otp_timeout,374,2,9,0.654,41.56,0,sms,1,0,0.647434897682398,0.17644659353817646,0.0792825650965213,0.647434897682398,0.09683594368290428
sess_42_000539,773.64,card,mobile_android,otp_timeout,426,2,9,0.557,47.33,1,sms,1,1,0.647434897682398,0.17644659353817646,0.0792825650965213,0.647434897682398,0.09683594368290428
sess_42_000540,649.21,upi,mobile_android,price_shock_breakdown,592,1,10,0.688,59.2,1,whatsapp,0,0,0.13420819701225414,0.2986858353899521,0.13420819701225414,0.40318370559932304,0.16392226199847068
sess_42_000541,1105.67,upi,mobile_android,upi_app_switch_abort,589,2,10,0.546,58.9,0,sms,0,0,0.24031872484904457,0.1780324901391686,0.483942482820616,0.24031872484904457,0.0977063021911707
sess_42_000542,2877.89,card,mobile_android,price_shock_breakdown,326,1,8,0.569,40.75,1,whatsapp,0,0,0.579300138099923,0.11695868075619749,0.579300138099923,0.17448184855563614,0.12925933258824335
sess_42_000543,1704.84,cod,mobile_android,genuine_browse_abandon,515,2,8,0.505,64.38,0,none,0,0,0.7014242657747766,0.7014242657747766,0.11594465130421318,0.10491105892118391,0.07772002399982632
sess_42_000544,1166.86,card,desktop,genuine_browse_abandon,600,1,9,0.758,66.67,0,email,0,0,0.14639807452978248,0.5936734669792981,0.09813356405833273,0.16179489443258677,0.14639807452978248
sess_42_000545,1587.43,cod,mobile_android,price_shock_breakdown,388,2,6,0.772,64.67,1,sms,0,0,0.23833084820766,0.32171299457016933,0.2633963223194074,0.23833084820766,0.17655983490276325
sess_42_000546,386.75,netbanking,mobile_android,otp_timeout,510,2,12,0.632,42.5,0,whatsapp,0,0,0.0792825650965213,0.17644659353817646,0.0792825650965213,0.647434897682398,0.09683594368290428
sess_42_000547,2776.26,upi,mobile_android,otp_timeout,511,2,9,0.44,56.78,0,email,0,0,0.09944486736563182,0.08998143702404678,0.4456809751737707,0.36489272043655063,0.09944486736563182
sess_42_000548,335.05,upi,mobile_android,price_shock_breakdown,600,1,8,0.734,75.0,1,sms,0,0,0.40318370559932304,0.2986858353899521,0.13420819701225414,0.40318370559932304,0.16392226199847068
sess_42_000549,1063.77,upi,mobile_ios,otp_timeout,302,2,12,0.566,25.17,0,email,0,0,0.09091043026509557,0.16564960413762098,0.13562242514266395,0.6078175404546194,0.09091043026509557
sess_42_000550,1704.18,upi,mobile_android,otp_timeout,600,1,5,0.477,120.0,0,none,0,0,0.2282430144379751,0.2282430144379751,0.18686957509559202,0.45962498828569537,0.12526242218073758
sess_42_000551,2525.4,card,mobile_android,genuine_browse_abandon,480,2,6,0.671,80.0,0,none,0,0,0.39614560278704986,0.39614560278704986,0.39614560278704986,0.11931676263392972,0.0883920317919707
sess_42_000552,2162.97,cod,mobile_android,price_shock_breakdown,481,1,8,0.596,60.12,0,none,0,0,0.32171299457016933,0.32171299457016933,0.2633963223194074,0.23833084820766,0.17655983490276325
sess_42_000553,1742.16,upi,mobile_android,upi_app_switch_abort,600,1,6,0.614,100.0,0,whatsapp,0,0,0.5427974771347435,0.1996840325575982,0.5427974771347435,0.14792956969787008,0.10958892060978828
sess_42_000554,5394.4,cod,desktop,genuine_browse_abandon,178,1,8,0.817,22.25,0,sms,0,0,0.10765473484298313,0.3574263069649042,0.3574263069649042,0.10765473484298313,0.17749265122720856
sess_42_000555,8193.87,card,desktop,price_shock_breakdown,600,2,8,0.873,75.0,0,none,0,0,0.10096461356355876,0.10096461356355876,0.5000810046968293,0.1506215041019237,0.24833287763768827
sess_42_000556,1817.63,cod,mobile_android,genuine_browse_abandon,600,2,8,0.851,75.0,1,none,0,0,0.7014242657747766,0.7014242657747766,0.11594465130421318,0.10491105892118391,0.07772002399982632
sess_42_000557,1677.29,upi,mobile_ios,otp_timeout,110,3,9,0.728,12.22,1,none,0,0,0.2282430144379751,0.2282430144379751,0.18686957509559202,0.45962498828569537,0.12526242218073758
sess_42_000558,1603.92,card,mobile_android,otp_timeout,418,2,10,0.512,41.8,0,none,1,0,0.2282430144379751,0.2282430144379751,0.18686957509559202,0.45962498828569537,0.12526242218073758
sess_42_000559,1143.5,upi,mobile_android,upi_app_switch_abort,291,2,10,0.62,29.1,1,sms,0,0,0.24031872484904457,0.1780324901391686,0.483942482820616,0.24031872484904457,0.0977063021911707
sess_42_000560,2396.81,upi,mobile_android,price_shock_breakdown,329,1,8,0.662,41.12,0,email,0,0,0.17655983490276325,0.32171299457016933,0.2633963223194074,0.23833084820766,0.17655983490276325
sess_42_000561,4692.2,upi,mobile_ios,genuine_browse_abandon,279,2,8,0.707,34.88,0,none,0,0,0.39614560278704986,0.39614560278704986,0.39614560278704986,0.11931676263392972,0.0883920317919707
sess_42_000562,279.32,upi,mobile_android,genuine_browse_abandon,65,2,9,0.511,7.22,0,none,0,0,0.6784017024227375,0.6784017024227375,0.061543213951843805,0.18488603235859524,0.07516905126682347
sess_42_000563,1592.01,cod,desktop,genuine_browse_abandon,535,2,8,0.582,66.88,0,none,0,0,0.6404244338089113,0.6404244338089113,0.10586144689855206,0.0957873982812367,0.15792672101129984
sess_42_000564,5521.73,card,mobile_ios,price_shock_breakdown,238,1,8,0.852,29.75,0,none,1,0,0.11695868075619749,0.11695868075619749,0.579300138099923,0.17448184855563614,0.12925933258824335
sess_42_000565,2428.13,netbanking,mobile_android,otp_timeout,451,2,7,0.922,64.43,0,sms,1,0,0.45962498828569537,0.2282430144379751,0.18686957509559202,0.45962498828569537,0.12526242218073758
sess_42_000566,2465.98,upi,mobile_ios,otp_timeout,301,2,6,0.538,50.17,0,whatsapp,1,0,0.18686957509559202,0.2282430144379751,0.18686957509559202,0.45962498828569537,0.12526242218073758
sess_42_000567,544.2,card,mobile_android,upi_app_switch_abort,600,2,8,0.809,75.0,1,none,0,0,0.22776474356861084,0.22776474356861084,0.3397850697075843,0.30745024516137914,0.12499994156242572
sess_42_000568,3061.3,card,mobile_ios,price_shock_breakdown,306,1,8,0.568,38.25,1,whatsapp,0,0,0.579300138099923,0.11695868075619749,0.579300138099923,0.17448184855563614,0.12925933258824335
sess_42_000569,3853.92,upi,mobile_android,genuine_browse_abandon,185,3,14,0.528,13.21,0,none,0,0,0.39614560278704986,0.39614560278704986,0.39614560278704986,0.11931676263392972,0.0883920317919707
sess_42_000570,2100.55,upi,mobile_android,price_shock_breakdown,503,3,9,0.508,55.89,0,whatsapp,0,0,0.2633963223194074,0.32171299457016933,0.2633963223194074,0.23833084820766,0.17655983490276325
sess_42_000571,1105.81,upi,mobile_ios,vpa_validation_failure,538,2,12,0.868,44.83,0,email,1,0,0.14763314666550595,0.26900513210002774,0.2202427743860977,0.3631189468483686,0.14763314666550595
sess_42_000572,2520.25,cod,mobile_android,price_shock_breakdown,477,2,7,0.658,68.14,1,none,0,0,0.11695868075619749,0.11695868075619749,0.579300138099923,0.17448184855563614,0.12925933258824335
sess_42_000573,830.15,cod,mobile_ios,genuine_browse_abandon,338,2,6,0.74,56.33,1,none,0,0,0.6457304331194986,0.6457304331194986,0.10673852268549665,0.17598207275468647,0.07154897144031824
sess_42_000574,751.71,cod,mobile_android,price_shock_breakdown,407,2,7,0.871,58.14,1,whatsapp,1,0,0.13420819701225414,0.2986858353899521,0.13420819701225414,0.40318370559932304,0.16392226199847068
sess_42_000575,3299.75,upi,mobile_android,price_shock_breakdown,435,1,8,0.73,54.38,0,email,0,0,0.12925933258824335,0.11695868075619749,0.579300138099923,0.17448184855563614,0.12925933258824335
sess_42_000576,4112.8,upi,mobile_android,price_shock_breakdown,575,1,6,0.425,95.83,0,sms,0,0,0.17448184855563614,0.11695868075619749,0.579300138099923,0.17448184855563614,0.12925933258824335
sess_42_000577,1035.91,cod,mobile_android,price_shock_breakdown,600,1,7,0.735,85.71,0,whatsapp,0,0,0.2202427743860977,0.26900513210002774,0.2202427743860977,0.3631189468483686,0.14763314666550595
sess_42_000578,754.46,cod,mobile_ios,price_shock_breakdown,600,2,7,0.462,85.71,1,email,0,0,0.16392226199847068,0.2986858353899521,0.13420819701225414,0.40318370559932304,0.16392226199847068
sess_42_000579,936.0,upi,mobile_android,upi_app_switch_abort,600,2,10,0.667,60.0,1,whatsapp,0,0,0.483942482820616,0.1780324901391686,0.483942482820616,0.24031872484904457,0.0977063021911707
sess_42_000580,2096.95,upi,mobile_ios,upi_app_switch_abort,296,1,7,0.815,42.29,1,whatsapp,0,0,0.5427974771347435,0.1996840325575982,0.5427974771347435,0.14792956969787008,0.10958892060978828
sess_42_000581,755.1,card,desktop,vpa_validation_failure,99,1,10,0.859,9.9,1,whatsapp,0,0,0.11175695728796482,0.24871968248815027,0.11175695728796482,0.3357364540241366,0.3037869061997484
sess_42_000582,4735.66,cod,mobile_android,price_shock_breakdown,464,2,9,0.646,51.56,0,sms,0,0,0.17448184855563614,0.11695868075619749,0.579300138099923,0.17448184855563614,0.12925933258824335
sess_42_000583,1275.8,upi,desktop,upi_app_switch_abort,592,1,4,0.71,148.0,1,email,0,0,0.19419577568817373,0.1589940536737414,0.4321906469343732,0.2146195237037115,0.19419577568817373
sess_42_000584,2379.67,upi,mobile_android,otp_timeout,283,2,11,0.835,25.73,1,sms,0,0,0.45962498828569537,0.2282430144379751,0.18686957509559202,0.45962498828569537,0.12526242218073758
sess_42_000585,1035.46,netbanking,desktop,otp_timeout,600,1,7,0.576,85.71,0,sms,0,0,0.5468864821310532,0.14904395356123945,0.12202686834091331,0.5468864821310532,0.18204269596679412
sess_42_000586,2801.8,netbanking,mobile_ios,otp_timeout,345,2,7,0.716,49.29,0,none,1,0,0.08998143702404678,0.08998143702404678,0.4456809751737707,0.36489272043655063,0.09944486736563182
sess_42_000587,2979.21,upi,mobile_android,upi_app_switch_abort,503,1,4,0.526,125.75,0,whatsapp,0,0,0.8204386747606477,0.049994806056778376,0.8204386747606477,0.07442851737376392,0.0551380018088101
sess_42_000588,513.7,cod,desktop,genuine_browse_abandon,295,1,6,0.532,49.17,1,none,0,0,0.6211771553301298,0.6211771553301298,0.05635192016168885,0.16929052393388763,0.15318040057429372
sess_42_000589,1086.0,cod,mobile_android,price_shock_breakdown,196,1,6,0.55,32.67,1,sms,1,0,0.3631189468483686,0.26900513210002774,0.2202427743860977,0.3631189468483686,0.14763314666550595
sess_42_000590,1607.66,upi,mobile_android,otp_timeout,600,1,5,0.657,120.0,1,sms,0,0,0.45962498828569537,0.2282430144379751,0.18686957509559202,0.45962498828569537,0.12526242218073758
sess_42_000591,1219.41,upi,mobile_ios,genuine_browse_abandon,308,1,7,0.475,44.0,1,email,0,0,0.07154897144031824,0.6457304331194986,0.10673852268549665,0.17598207275468647,0.07154897144031824
sess_42_000592,3476.17,upi,mobile_android,vpa_validation_failure,600,2,10,0.819,60.0,0,none,0,0,0.11695868075619749,0.11695868075619749,0.579300138099923,0.17448184855563614,0.12925933258824335
sess_42_000593,1155.29,cod,mobile_android,genuine_browse_abandon,89,2,6,0.583,14.83,0,none,0,0,0.6457304331194986,0.6457304331194986,0.10673852268549665,0.17598207275468647,0.07154897144031824
sess_42_000594,3090.65,upi,mobile_android,otp_timeout,600,2,6,0.828,100.0,1,whatsapp,1,0,0.4456809751737707,0.08998143702404678,0.4456809751737707,0.36489272043655063,0.09944486736563182
sess_42_000595,2600.6,card,mobile_android,genuine_browse_abandon,600,2,7,0.486,85.71,0,email,0,0,0.0883920317919707,0.39614560278704986,0.39614560278704986,0.11931676263392972,0.0883920317919707
sess_42_000596,1667.44,cod,mobile_android,price_shock_breakdown,600,1,10,0.783,60.0,0,whatsapp,0,0,0.2633963223194074,0.32171299457016933,0.2633963223194074,0.23833084820766,0.17655983490276325
sess_42_000597,3188.36,cod,mobile_android,price_shock_breakdown,372,1,8,0.903,46.5,0,email,0,0,0.12925933258824335,0.11695868075619749,0.579300138099923,0.17448184855563614,0.12925933258824335
sess_42_000598,570.52,cod,mobile_android,price_shock_breakdown,375,1,7,0.877,53.57,1,email,0,0,0.16392226199847068,0.2986858353899521,0.13420819701225414,0.40318370559932304,0.16392226199847068
sess_42_000599,1726.29,cod,mobile_android,price_shock_breakdown,600,1,5,0.871,120.0,0,whatsapp,0,0,0.2633963223194074,0.32171299457016933,0.2633963223194074,0.23833084820766,0.17655983490276325
sess_42_000600,1011.64,upi,mobile_ios,price_shock_breakdown,265,1,8,0.551,33.12,1,email,0,0,0.14763314666550595,0.26900513210002774,0.2202427743860977,0.3631189468483686,0.14763314666550595
sess_42_000601,1668.72,card,mobile_android,genuine_browse_abandon,524,1,9,0.69,58.22,1,none,0,0,0.7014242657747766,0.7014242657747766,0.11594465130421318,0.10491105892118391,0.07772002399982632
sess_42_000602,1271.49,netbanking,mobile_ios,otp_timeout,137,1,5,0.906,27.4,1,sms,1,1,0.6078175404546194,0.16564960413762098,0.13562242514266395,0.6078175404546194,0.09091043026509557
sess_42_000603,1891.24,cod,mobile_android,price_shock_breakdown,260,2,10,0.494,26.0,0,none,0,0,0.32171299457016933,0.32171299457016933,0.2633963223194074,0.23833084820766,0.17655983490276325
sess_42_000604,1820.95,cod,desktop,price_shock_breakdown,600,2,6,0.851,100.0,0,none,0,0,0.2644836726048936,0.2644836726048936,0.21654091644863488,0.19593432373852326,0.32304108720794833
sess_42_000605,2006.34,cod,mobile_ios,price_shock_breakdown,308,1,7,0.752,44.0,1,email,0,0,0.17655983490276325,0.32171299457016933,0.2633963223194074,0.23833084820766,0.17655983490276325
sess_42_000606,2066.86,cod,mobile_android,otp_timeout,122,2,10,0.585,12.2,1,none,1,0,0.2282430144379751,0.2282430144379751,0.18686957509559202,0.45962498828569537,0.12526242218073758
sess_42_000607,2779.48,card,mobile_android,genuine_browse_abandon,414,2,9,0.554,46.0,0,sms,0,0,0.11931676263392972,0.39614560278704986,0.39614560278704986,0.11931676263392972,0.0883920317919707
sess_42_000608,703.42,upi,mobile_ios,upi_app_switch_abort,444,1,10,0.927,44.4,0,sms,0,0,0.30745024516137914,0.22776474356861084,0.3397850697075843,0.30745024516137914,0.12499994156242572
sess_42_000609,2649.23,upi,mobile_android,price_shock_breakdown,309,1,6,0.447,51.5,0,whatsapp,1,0,0.579300138099923,0.11695868075619749,0.579300138099923,0.17448184855563614,0.12925933258824335
sess_42_000610,581.45,cod,mobile_android,price_shock_breakdown,506,2,6,0.727,84.33,0,email,0,0,0.16392226199847068,0.2986858353899521,0.13420819701225414,0.40318370559932304,0.16392226199847068
sess_42_000611,222.34,cod,desktop,price_shock_breakdown,436,2,9,0.599,48.44,0,sms,0,0,0.3357364540241366,0.24871968248815027,0.11175695728796482,0.3357364540241366,0.3037869061997484
sess_42_000612,7937.45,cod,mobile_android,genuine_browse_abandon,450,1,10,0.803,45.0,0,whatsapp,0,0,0.39614560278704986,0.39614560278704986,0.39614560278704986,0.11931676263392972,0.0883920317919707
sess_42_000613,894.15,upi,mobile_android,genuine_browse_abandon,155,1,6,0.856,25.83,1,none,0,0,0.6457304331194986,0.6457304331194986,0.10673852268549665,0.17598207275468647,0.07154897144031824
sess_42_000614,1292.03,upi,mobile_android,price_shock_breakdown,173,2,11,0.855,15.73,0,sms,0,0,0.3631189468483686,0.26900513210002774,0.2202427743860977,0.3631189468483686,0.14763314666550595
sess_42_000615,446.84,cod,mobile_ios,otp_timeout,412,1,10,0.859,41.2,1,sms,0,0,0.647434897682398,0.17644659353817646,0.0792825650965213,0.647434897682398,0.09683594368290428
sess_42_000616,1285.83,cod,mobile_android,otp_timeout,374,1,5,0.891,74.8,0,none,0,0,0.16564960413762098,0.16564960413762098,0.13562242514266395,0.6078175404546194,0.09091043026509557
sess_42_000617,2111.38,card,mobile_ios,otp_timeout,600,1,4,0.813,150.0,1,sms,0,0,0.45962498828569537,0.2282430144379751,0.18686957509559202,0.45962498828569537,0.12526242218073758
sess_42_000618,2169.14,upi,mobile_android,vpa_validation_failure,204,2,8,0.729,25.5,1,none,0,0,0.32171299457016933,0.32171299457016933,0.2633963223194074,0.23833084820766,0.17655983490276325
sess_42_000619,731.37,cod,mobile_android,otp_timeout,156,2,7,0.543,22.29,0,sms,0,0,0.647434897682398,0.17644659353817646,0.0792825650965213,0.647434897682398,0.09683594368290428
sess_42_000620,1296.29,upi,mobile_android,vpa_validation_failure,89,1,10,0.583,8.9,0,sms,0,0,0.3631189468483686,0.26900513210002774,0.2202427743860977,0.3631189468483686,0.14763314666550595
sess_42_000621,2384.08,card,mobile_ios,otp_timeout,315,3,9,0.524,35.0,0,none,1,0,0.2282430144379751,0.2282430144379751,0.18686957509559202,0.45962498828569537,0.12526242218073758
sess_42_000622,2162.26,upi,mobile_android,upi_app_switch_abort,99,1,10,0.776,9.9,1,whatsapp,1,0,0.5427974771347435,0.1996840325575982,0.5427974771347435,0.14792956969787008,0.10958892060978828
sess_42_000623,1990.6,card,desktop,genuine_browse_abandon,600,1,9,0.472,66.67,0,none,0,0,0.6404244338089113,0.6404244338089113,0.10586144689855206,0.0957873982812367,0.15792672101129984
sess_42_000624,3198.12,card,mobile_android,genuine_browse_abandon,364,1,10,0.492,36.4,1,none,0,0,0.39614560278704986,0.39614560278704986,0.39614560278704986,0.11931676263392972,0.0883920317919707
sess_42_000625,1666.13,cod,desktop,price_shock_breakdown,460,3,11,0.699,41.82,1,email,0,0,0.32304108720794833,0.2644836726048936,0.21654091644863488,0.19593432373852326,0.32304108720794833
sess_42_000626,5136.81,netbanking,mobile_android,otp_timeout,384,2,10,0.607,38.4,1,whatsapp,0,0,0.4456809751737707,0.08998143702404678,0.4456809751737707,0.36489272043655063,0.09944486736563182
sess_42_000627,1451.19,cod,mobile_android,upi_app_switch_abort,178,2,9,0.896,19.78,0,whatsapp,0,0,0.483942482820616,0.1780324901391686,0.483942482820616,0.24031872484904457,0.0977063021911707
sess_42_000628,3043.88,cod,mobile_android,upi_app_switch_abort,459,1,7,0.841,65.57,0,whatsapp,0,0,0.8204386747606477,0.049994806056778376,0.8204386747606477,0.07442851737376392,0.0551380018088101
sess_42_000629,3126.25,card,mobile_android,price_shock_breakdown,378,2,8,0.631,47.25,1,whatsapp,0,0,0.579300138099923,0.11695868075619749,0.579300138099923,0.17448184855563614,0.12925933258824335
sess_42_000630,528.81,cod,mobile_ios,price_shock_breakdown,498,2,7,0.876,71.14,0,email,1,1,0.16392226199847068,0.2986858353899521,0.13420819701225414,0.40318370559932304,0.16392226199847068
sess_42_000631,2516.64,cod,mobile_android,genuine_browse_abandon,151,1,5,0.712,30.2,1,email,0,0,0.0883920317919707,0.39614560278704986,0.39614560278704986,0.11931676263392972,0.0883920317919707
sess_42_000632,1118.67,card,mobile_ios,price_shock_breakdown,442,1,6,0.657,73.67,0,sms,0,0,0.3631189468483686,0.26900513210002774,0.2202427743860977,0.3631189468483686,0.14763314666550595
sess_42_000633,848.41,upi,mobile_android,upi_app_switch_abort,426,2,10,0.848,42.6,0,whatsapp,1,0,0.483942482820616,0.1780324901391686,0.483942482820616,0.24031872484904457,0.0977063021911707
sess_42_000634,1315.12,cod,mobile_ios,genuine_browse_abandon,363,2,6,0.916,60.5,1,none,0,0,0.6457304331194986,0.6457304331194986,0.10673852268549665,0.17598207275468647,0.07154897144031824
sess_42_000635,2041.15,card,mobile_android,price_shock_breakdown,547,2,10,0.805,54.7,1,sms,1,0,0.23833084820766,0.32171299457016933,0.2633963223194074,0.23833084820766,0.17655983490276325
sess_42_000636,559.1,cod,desktop,price_shock_breakdown,117,1,8,0.781,14.62,1,whatsapp,1,0,0.11175695728796482,0.24871968248815027,0.11175695728796482,0.3357364540241366,0.3037869061997484
sess_42_000637,1844.87,cod,mobile_ios,genuine_browse_abandon,169,1,7,0.817,24.14,1,none,1,0,0.7014242657747766,0.7014242657747766,0.11594465130421318,0.10491105892118391,0.07772002399982632
sess_42_000638,1535.82,upi,desktop,genuine_browse_abandon,496,1,10,0.657,49.6,1,none,1,0,0.6404244338089113,0.6404244338089113,0.10586144689855206,0.0957873982812367,0.15792672101129984
sess_42_000639,3938.81,card,mobile_android,price_shock_breakdown,247,1,8,0.811,30.88,0,whatsapp,0,0,0.579300138099923,0.11695868075619749,0.579300138099923,0.17448184855563614,0.12925933258824335
sess_42_000640,1124.22,upi,mobile_android,genuine_browse_abandon,115,1,8,0.686,14.38,1,none,0,0,0.6457304331194986,0.6457304331194986,0.10673852268549665,0.17598207275468647,0.07154897144031824
sess_42_000641,4413.25,upi,mobile_ios,price_shock_breakdown,244,1,9,0.886,27.11,0,whatsapp,0,0,0.579300138099923,0.11695868075619749,0.579300138099923,0.17448184855563614,0.12925933258824335
sess_42_000642,2416.56,netbanking,mobile_android,price_shock_breakdown,151,1,7,0.858,21.57,0,whatsapp,0,0,0.2633963223194074,0.32171299457016933,0.2633963223194074,0.23833084820766,0.17655983490276325
sess_42_000643,1763.19,upi,mobile_android,otp_timeout,584,2,6,0.477,97.33,1,whatsapp,0,0,0.18686957509559202,0.2282430144379751,0.18686957509559202,0.45962498828569537,0.12526242218073758
sess_42_000644,4699.66,upi,mobile_android,genuine_browse_abandon,581,1,8,0.653,72.62,0,none,0,0,0.39614560278704986,0.39614560278704986,0.39614560278704986,0.11931676263392972,0.0883920317919707
sess_42_000645,7645.71,card,mobile_android,otp_timeout,301,1,5,0.77,60.2,0,sms,0,0,0.36489272043655063,0.08998143702404678,0.4456809751737707,0.36489272043655063,0.09944486736563182
sess_42_000646,1543.93,netbanking,mobile_android,price_shock_breakdown,340,2,6,0.477,56.67,1,sms,0,0,0.23833084820766,0.32171299457016933,0.2633963223194074,0.23833084820766,0.17655983490276325
sess_42_000647,1037.88,card,mobile_android,price_shock_breakdown,346,2,10,0.605,34.6,0,none,1,0,0.26900513210002774,0.26900513210002774,0.2202427743860977,0.3631189468483686,0.14763314666550595
sess_42_000648,2494.24,cod,mobile_android,price_shock_breakdown,346,1,6,0.602,57.67,0,email,0,0,0.17655983490276325,0.32171299457016933,0.2633963223194074,0.23833084820766,0.17655983490276325
sess_42_000649,621.87,card,mobile_android,price_shock_breakdown,142,1,10,0.771,14.2,0,none,0,0,0.2986858353899521,0.2986858353899521,0.13420819701225414,0.40318370559932304,0.16392226199847068
sess_42_000650,681.45,upi,mobile_android,genuine_browse_abandon,180,1,6,0.467,30.0,0,email,0,0,0.07516905126682347,0.6784017024227375,0.061543213951843805,0.18488603235859524,0.07516905126682347
sess_42_000651,4818.19,card,mobile_android,genuine_browse_abandon,600,2,11,0.869,54.55,0,whatsapp,0,0,0.39614560278704986,0.39614560278704986,0.39614560278704986,0.11931676263392972,0.0883920317919707
sess_42_000652,2776.36,cod,mobile_android,genuine_browse_abandon,171,1,9,0.641,19.0,1,none,0,0,0.39614560278704986,0.39614560278704986,0.39614560278704986,0.11931676263392972,0.0883920317919707
sess_42_000653,949.92,netbanking,mobile_android,price_shock_breakdown,600,2,10,0.444,60.0,0,whatsapp,0,0,0.2202427743860977,0.26900513210002774,0.2202427743860977,0.3631189468483686,0.14763314666550595
sess_42_000654,18982.74,card,desktop,genuine_browse_abandon,479,2,7,0.894,68.43,1,email,0,0,0.17749265122720856,0.3574263069649042,0.3574263069649042,0.10765473484298313,0.17749265122720856
sess_42_000655,641.24,card,mobile_android,otp_timeout,583,2,9,0.743,64.78,0,whatsapp,0,0,0.0792825650965213,0.17644659353817646,0.0792825650965213,0.647434897682398,0.09683594368290428
sess_42_000656,2877.83,card,desktop,price_shock_breakdown,265,1,4,0.505,66.25,0,none,0,0,0.10096461356355876,0.10096461356355876,0.5000810046968293,0.1506215041019237,0.24833287763768827
sess_42_000657,994.88,cod,mobile_android,price_shock_breakdown,555,2,6,0.843,92.5,1,whatsapp,1,0,0.2202427743860977,0.26900513210002774,0.2202427743860977,0.3631189468483686,0.14763314666550595
sess_42_000658,6876.07,card,desktop,otp_timeout,478,2,6,0.831,79.67,0,sms,0,0,0.32525292510196563,0.08020638384327146,0.397264819819204,0.32525292510196563,0.19727587123555898
sess_42_000659,1214.16,upi,mobile_android,price_shock_breakdown,600,1,10,0.872,60.0,0,email,0,0,0.14763314666550595,0.26900513210002774,0.2202427743860977,0.3631189468483686,0.14763314666550595
sess_42_000660,1460.51,upi,mobile_android,upi_app_switch_abort,600,2,6,0.717,100.0,0,whatsapp,1,1,0.483942482820616,0.1780324901391686,0.483942482820616,0.24031872484904457,0.0977063021911707
sess_42_000661,465.65,cod,mobile_android,genuine_browse_abandon,388,2,11,0.74,35.27,0,sms,0,0,0.18488603235859524,0.6784017024227375,0.061543213951843805,0.18488603235859524,0.07516905126682347
sess_42_000662,8621.24,upi,desktop,genuine_browse_abandon,380,2,12,0.872,31.67,1,email,1,0,0.17749265122720856,0.3574263069649042,0.3574263069649042,0.10765473484298313,0.17749265122720856
sess_42_000663,1137.44,upi,mobile_android,otp_timeout,552,1,5,0.733,110.4,0,sms,0,0,0.6078175404546194,0.16564960413762098,0.13562242514266395,0.6078175404546194,0.09091043026509557
sess_42_000664,2591.89,upi,mobile_android,upi_app_switch_abort,600,3,9,0.437,66.67,0,whatsapp,0,0,0.8204386747606477,0.049994806056778376,0.8204386747606477,0.07442851737376392,0.0551380018088101
sess_42_000665,1814.46,card,mobile_ios,genuine_browse_abandon,600,1,7,0.762,85.71,0,none,0,0,0.7014242657747766,0.7014242657747766,0.11594465130421318,0.10491105892118391,0.07772002399982632
sess_42_000666,1195.61,upi,mobile_android,price_shock_breakdown,549,1,8,0.905,68.62,0,none,1,0,0.26900513210002774,0.26900513210002774,0.2202427743860977,0.3631189468483686,0.14763314666550595
sess_42_000667,340.1,cod,desktop,genuine_browse_abandon,414,1,5,0.684,82.8,0,none,0,0,0.6211771553301298,0.6211771553301298,0.05635192016168885,0.16929052393388763,0.15318040057429372
sess_42_000668,1523.51,cod,mobile_android,genuine_browse_abandon,600,2,9,0.513,66.67,0,email,0,0,0.07772002399982632,0.7014242657747766,0.11594465130421318,0.10491105892118391,0.07772002399982632
sess_42_000669,1474.74,upi,mobile_android,price_shock_breakdown,177,2,12,0.946,14.75,0,sms,0,0,0.3631189468483686,0.26900513210002774,0.2202427743860977,0.3631189468483686,0.14763314666550595
sess_42_000670,2296.35,cod,mobile_android,genuine_browse_abandon,311,1,7,0.663,44.43,0,none,0,0,0.7014242657747766,0.7014242657747766,0.11594465130421318,0.10491105892118391,0.07772002399982632
sess_42_000671,9037.17,cod,mobile_ios,upi_app_switch_abort,369,2,9,0.606,41.0,0,whatsapp,0,0,0.8204386747606477,0.049994806056778376,0.8204386747606477,0.07442851737376392,0.0551380018088101
sess_42_000672,2931.79,upi,mobile_android,genuine_browse_abandon,600,2,8,0.881,75.0,0,whatsapp,0,0,0.39614560278704986,0.39614560278704986,0.39614560278704986,0.11931676263392972,0.0883920317919707
sess_42_000673,3445.75,card,desktop,price_shock_breakdown,525,1,9,0.776,58.33,0,email,1,0,0.24833287763768827,0.10096461356355876,0.5000810046968293,0.1506215041019237,0.24833287763768827
sess_42_000674,1438.16,card,mobile_android,price_shock_breakdown,93,1,10,0.662,9.3,0,email,0,0,0.14763314666550595,0.26900513210002774,0.2202427743860977,0.3631189468483686,0.14763314666550595
sess_42_000675,675.22,upi,mobile_android,upi_app_switch_abort,522,2,10,0.626,52.2,0,sms,1,0,0.30745024516137914,0.22776474356861084,0.3397850697075843,0.30745024516137914,0.12499994156242572
sess_42_000676,1466.38,upi,mobile_android,genuine_browse_abandon,170,1,5,0.866,34.0,1,none,0,0,0.6457304331194986,0.6457304331194986,0.10673852268549665,0.17598207275468647,0.07154897144031824
sess_42_000677,1042.25,upi,mobile_android,upi_app_switch_abort,534,1,7,0.586,76.29,0,whatsapp,0,0,0.483942482820616,0.1780324901391686,0.483942482820616,0.24031872484904457,0.0977063021911707
sess_42_000678,1741.4,netbanking,mobile_android,price_shock_breakdown,538,2,7,0.652,76.86,0,email,0,0,0.17655983490276325,0.32171299457016933,0.2633963223194074,0.23833084820766,0.17655983490276325
sess_42_000679,1248.1,upi,desktop,upi_app_switch_abort,245,1,10,0.642,24.5,0,none,0,0,0.1589940536737414,0.1589940536737414,0.4321906469343732,0.2146195237037115,0.19419577568817373
sess_42_000680,513.75,upi,desktop,price_shock_breakdown,255,1,10,0.926,25.5,0,none,0,0,0.24871968248815027,0.24871968248815027,0.11175695728796482,0.3357364540241366,0.3037869061997484
sess_42_000681,4676.17,card,mobile_android,price_shock_breakdown,126,1,4,0.855,31.5,0,sms,0,0,0.17448184855563614,0.11695868075619749,0.579300138099923,0.17448184855563614,0.12925933258824335
sess_42_000682,1626.86,cod,mobile_android,otp_timeout,176,1,7,0.777,25.14,1,none,1,0,0.2282430144379751,0.2282430144379751,0.18686957509559202,0.45962498828569537,0.12526242218073758
sess_42_000683,1411.59,upi,mobile_android,upi_app_switch_abort,251,2,6,0.717,41.83,0,whatsapp,1,0,0.483942482820616,0.1780324901391686,0.483942482820616,0.24031872484904457,0.0977063021911707
sess_42_000684,789.51,netbanking,mobile_android,otp_timeout,390,2,9,0.686,43.33,1,none,1,0,0.17644659353817646,0.17644659353817646,0.0792825650965213,0.647434897682398,0.09683594368290428
sess_42_000685,1265.79,card,mobile_android,otp_timeout,373,1,8,0.484,46.62,0,whatsapp,1,0,0.13562242514266395,0.16564960413762098,0.13562242514266395,0.6078175404546194,0.09091043026509557
sess_42_000686,946.26,cod,desktop,price_shock_breakdown,177,2,11,0.893,16.09,0,none,0,0,0.22779083136758763,0.22779083136758763,0.1864993589098446,0.30748546000659815,0.2782243497159696
sess_42_000687,738.42,upi,mobile_android,otp_timeout,340,1,10,0.928,34.0,0,sms,1,0,0.647434897682398,0.17644659353817646,0.0792825650965213,0.647434897682398,0.09683594368290428
sess_42_000688,2042.73,cod,mobile_android,price_shock_breakdown,600,2,12,0.819,50.0,0,whatsapp,1,0,0.2633963223194074,0.32171299457016933,0.2633963223194074,0.23833084820766,0.17655983490276325
sess_42_000689,1272.05,upi,mobile_ios,price_shock_breakdown,241,1,4,0.559,60.25,0,none,0,0,0.26900513210002774,0.26900513210002774,0.2202427743860977,0.3631189468483686,0.14763314666550595
sess_42_000690,3169.89,card,mobile_android,otp_timeout,453,1,9,0.632,50.33,1,whatsapp,1,0,0.4456809751737707,0.08998143702404678,0.4456809751737707,0.36489272043655063,0.09944486736563182
sess_42_000691,1379.85,upi,desktop,price_shock_breakdown,600,1,5,0.826,120.0,1,sms,1,0,0.30748546000659815,0.22779083136758763,0.1864993589098446,0.30748546000659815,0.2782243497159696
sess_42_000692,1970.6,upi,mobile_android,price_shock_breakdown,600,1,9,0.854,66.67,0,none,0,0,0.32171299457016933,0.32171299457016933,0.2633963223194074,0.23833084820766,0.17655983490276325
sess_42_000693,1928.92,upi,mobile_android,vpa_validation_failure,550,2,8,0.585,68.75,0,whatsapp,0,0,0.2633963223194074,0.32171299457016933,0.2633963223194074,0.23833084820766,0.17655983490276325
sess_42_000694,2412.96,upi,desktop,genuine_browse_abandon,600,3,12,0.788,50.0,0,none,0,0,0.6404244338089113,0.6404244338089113,0.10586144689855206,0.0957873982812367,0.15792672101129984
sess_42_000695,962.11,cod,mobile_android,genuine_browse_abandon,253,1,10,0.912,25.3,0,email,0,0,0.07154897144031824,0.6457304331194986,0.10673852268549665,0.17598207275468647,0.07154897144031824
sess_42_000696,3548.7,cod,mobile_android,genuine_browse_abandon,600,1,10,0.808,60.0,1,whatsapp,0,0,0.39614560278704986,0.39614560278704986,0.39614560278704986,0.11931676263392972,0.0883920317919707
sess_42_000697,746.2,cod,mobile_ios,genuine_browse_abandon,98,2,11,0.648,8.91,1,none,0,0,0.6784017024227375,0.6784017024227375,0.061543213951843805,0.18488603235859524,0.07516905126682347
sess_42_000698,1866.51,card,desktop,vpa_validation_failure,315,1,7,0.679,45.0,0,email,1,0,0.32304108720794833,0.2644836726048936,0.21654091644863488,0.19593432373852326,0.32304108720794833
sess_42_000699,732.38,cod,desktop,otp_timeout,242,2,12,0.832,20.17,0,sms,0,0,0.5787508260162643,0.1577280003341284,0.07087175900241471,0.5787508260162643,0.19264941464719262
sess_42_000700,1651.52,upi,desktop,price_shock_breakdown,600,1,4,0.431,150.0,0,none,0,0,0.2644836726048936,0.2644836726048936,0.21654091644863488,0.19593432373852326,0.32304108720794833
sess_42_000701,3526.75,card,mobile_android,price_shock_breakdown,349,1,9,0.872,38.78,1,sms,1,0,0.17448184855563614,0.11695868075619749,0.579300138099923,0.17448184855563614,0.12925933258824335
sess_42_000702,2742.46,cod,mobile_ios,price_shock_breakdown,600,1,5,0.494,120.0,1,whatsapp,0,0,0.579300138099923,0.11695868075619749,0.579300138099923,0.17448184855563614,0.12925933258824335
sess_42_000703,3999.47,card,mobile_android,price_shock_breakdown,194,1,6,0.868,32.33,0,sms,0,0,0.17448184855563614,0.11695868075619749,0.579300138099923,0.17448184855563614,0.12925933258824335
sess_42_000704,1440.26,upi,mobile_android,price_shock_breakdown,230,1,10,0.937,23.0,0,email,0,0,0.14763314666550595,0.26900513210002774,0.2202427743860977,0.3631189468483686,0.14763314666550595
sess_42_000705,3574.9,upi,mobile_android,upi_app_switch_abort,105,1,4,0.442,26.25,0,whatsapp,0,0,0.8204386747606477,0.049994806056778376,0.8204386747606477,0.07442851737376392,0.0551380018088101
sess_42_000706,1075.81,cod,mobile_android,genuine_browse_abandon,209,1,5,0.901,41.8,0,sms,0,0,0.17598207275468647,0.6457304331194986,0.10673852268549665,0.17598207275468647,0.07154897144031824
sess_42_000707,1281.99,cod,mobile_android,genuine_browse_abandon,583,1,8,0.546,72.88,0,sms,0,0,0.17598207275468647,0.6457304331194986,0.10673852268549665,0.17598207275468647,0.07154897144031824
sess_42_000708,1993.26,card,mobile_ios,otp_timeout,183,1,10,0.673,18.3,1,sms,1,0,0.45962498828569537,0.2282430144379751,0.18686957509559202,0.45962498828569537,0.12526242218073758
sess_42_000709,3420.36,upi,desktop,price_shock_breakdown,346,2,12,0.489,28.83,1,email,0,0,0.24833287763768827,0.10096461356355876,0.5000810046968293,0.1506215041019237,0.24833287763768827
sess_42_000710,1199.3,upi,mobile_android,genuine_browse_abandon,166,2,9,0.552,18.44,0,none,0,0,0.6457304331194986,0.6457304331194986,0.10673852268549665,0.17598207275468647,0.07154897144031824
sess_42_000711,3045.3,upi,mobile_android,price_shock_breakdown,600,2,9,0.558,66.67,0,whatsapp,0,0,0.579300138099923,0.11695868075619749,0.579300138099923,0.17448184855563614,0.12925933258824335
sess_42_000712,2150.36,cod,mobile_android,price_shock_breakdown,443,2,8,0.525,55.38,1,whatsapp,0,0,0.2633963223194074,0.32171299457016933,0.2633963223194074,0.23833084820766,0.17655983490276325
sess_42_000713,2327.76,upi,mobile_android,genuine_browse_abandon,600,2,8,0.855,75.0,1,none,1,1,0.7014242657747766,0.7014242657747766,0.11594465130421318,0.10491105892118391,0.07772002399982632
sess_42_000714,952.44,upi,mobile_ios,price_shock_breakdown,284,1,9,0.924,31.56,0,none,0,0,0.26900513210002774,0.26900513210002774,0.2202427743860977,0.3631189468483686,0.14763314666550595
sess_42_000715,1354.88,netbanking,mobile_ios,price_shock_breakdown,403,1,9,0.589,44.78,0,sms,0,0,0.3631189468483686,0.26900513210002774,0.2202427743860977,0.3631189468483686,0.14763314666550595
sess_42_000716,1685.43,cod,mobile_android,price_shock_breakdown,536,2,8,0.802,67.0,0,sms,0,0,0.23833084820766,0.32171299457016933,0.2633963223194074,0.23833084820766,0.17655983490276325
sess_42_000717,2328.83,cod,desktop,genuine_browse_abandon,236,1,6,0.5,39.33,0,none,0,0,0.6404244338089113,0.6404244338089113,0.10586144689855206,0.0957873982812367,0.15792672101129984
sess_42_000718,986.77,upi,mobile_android,genuine_browse_abandon,600,2,11,0.917,54.55,0,none,0,0,0.6457304331194986,0.6457304331194986,0.10673852268549665,0.17598207275468647,0.07154897144031824
sess_42_000719,686.1,cod,mobile_ios,otp_timeout,561,1,9,0.785,62.33,1,sms,1,1,0.647434897682398,0.17644659353817646,0.0792825650965213,0.647434897682398,0.09683594368290428
sess_42_000720,365.19,netbanking,mobile_android,price_shock_breakdown,521,1,7,0.778,74.43,0,none,1,0,0.2986858353899521,0.2986858353899521,0.13420819701225414,0.40318370559932304,0.16392226199847068
sess_42_000721,3163.26,upi,mobile_android,price_shock_breakdown,600,1,5,0.543,120.0,1,whatsapp,0,0,0.579300138099923,0.11695868075619749,0.579300138099923,0.17448184855563614,0.12925933258824335
sess_42_000722,3670.44,upi,mobile_android,upi_app_switch_abort,580,2,7,0.691,82.86,1,whatsapp,0,0,0.8204386747606477,0.049994806056778376,0.8204386747606477,0.07442851737376392,0.0551380018088101
sess_42_000723,400.51,cod,mobile_android,genuine_browse_abandon,532,1,8,0.636,66.5,0,none,0,0,0.6784017024227375,0.6784017024227375,0.061543213951843805,0.18488603235859524,0.07516905126682347
sess_42_000724,1913.62,upi,mobile_android,price_shock_breakdown,451,2,10,0.874,45.1,1,whatsapp,0,0,0.2633963223194074,0.32171299457016933,0.2633963223194074,0.23833084820766,0.17655983490276325
sess_42_000725,1362.6,cod,mobile_android,otp_timeout,274,2,9,0.764,30.44,0,none,0,0,0.16564960413762098,0.16564960413762098,0.13562242514266395,0.6078175404546194,0.09091043026509557
sess_42_000726,4504.23,cod,mobile_android,price_shock_breakdown,221,2,9,0.576,24.56,0,none,1,1,0.11695868075619749,0.11695868075619749,0.579300138099923,0.17448184855563614,0.12925933258824335
sess_42_000727,1544.26,upi,mobile_android,otp_timeout,551,1,7,0.48,78.71,0,sms,1,0,0.45962498828569537,0.2282430144379751,0.18686957509559202,0.45962498828569537,0.12526242218073758
sess_42_000728,2722.03,upi,mobile_android,upi_app_switch_abort,154,1,9,0.84,17.11,1,whatsapp,1,0,0.8204386747606477,0.049994806056778376,0.8204386747606477,0.07442851737376392,0.0551380018088101
sess_42_000729,1314.32,cod,mobile_android,otp_timeout,443,1,6,0.457,73.83,1,sms,1,0,0.6078175404546194,0.16564960413762098,0.13562242514266395,0.6078175404546194,0.09091043026509557
sess_42_000730,1079.96,upi,mobile_ios,price_shock_breakdown,576,2,10,0.671,57.6,1,sms,1,0,0.3631189468483686,0.26900513210002774,0.2202427743860977,0.3631189468483686,0.14763314666550595
sess_42_000731,3214.5,upi,mobile_android,genuine_browse_abandon,322,2,10,0.764,32.2,0,none,0,0,0.39614560278704986,0.39614560278704986,0.39614560278704986,0.11931676263392972,0.0883920317919707
sess_42_000732,4059.32,card,mobile_android,price_shock_breakdown,400,2,7,0.728,57.14,0,email,0,0,0.12925933258824335,0.11695868075619749,0.579300138099923,0.17448184855563614,0.12925933258824335
sess_42_000733,698.07,cod,mobile_android,price_shock_breakdown,271,1,10,0.5,27.1,1,sms,0,0,0.40318370559932304,0.2986858353899521,0.13420819701225414,0.40318370559932304,0.16392226199847068
sess_42_000734,4259.18,card,mobile_android,otp_timeout,552,1,9,0.76,61.33,0,none,0,0,0.08998143702404678,0.08998143702404678,0.4456809751737707,0.36489272043655063,0.09944486736563182
sess_42_000735,870.36,upi,mobile_android,upi_app_switch_abort,402,1,6,0.544,67.0,0,whatsapp,0,0,0.483942482820616,0.1780324901391686,0.483942482820616,0.24031872484904457,0.0977063021911707
sess_42_000736,314.49,upi,mobile_ios,upi_app_switch_abort,297,1,5,0.698,59.4,0,whatsapp,1,0,0.3397850697075843,0.22776474356861084,0.3397850697075843,0.30745024516137914,0.12499994156242572
sess_42_000737,1822.77,upi,mobile_ios,vpa_validation_failure,537,1,4,0.54,134.25,1,none,1,0,0.32171299457016933,0.32171299457016933,0.2633963223194074,0.23833084820766,0.17655983490276325
sess_42_000738,2644.87,upi,mobile_android,genuine_browse_abandon,565,2,9,0.629,62.78,0,none,0,0,0.39614560278704986,0.39614560278704986,0.39614560278704986,0.11931676263392972,0.0883920317919707
sess_42_000739,580.1,card,mobile_android,genuine_browse_abandon,274,1,10,0.813,27.4,1,email,0,0,0.07516905126682347,0.6784017024227375,0.061543213951843805,0.18488603235859524,0.07516905126682347
sess_42_000740,408.68,upi,desktop,upi_app_switch_abort,490,1,5,0.547,98.0,0,whatsapp,0,0,0.2946473000928323,0.19750799176250416,0.2946473000928323,0.2666079022472649,0.2412368058973987
sess_42_000741,1247.51,upi,mobile_ios,upi_app_switch_abort,600,1,4,0.842,150.0,0,sms,1,0,0.24031872484904457,0.1780324901391686,0.483942482820616,0.24031872484904457,0.0977063021911707
sess_42_000742,1128.42,cod,mobile_android,price_shock_breakdown,551,1,7,0.655,78.71,0,whatsapp,0,0,0.2202427743860977,0.26900513210002774,0.2202427743860977,0.3631189468483686,0.14763314666550595
sess_42_000743,5050.35,upi,mobile_android,price_shock_breakdown,158,2,6,0.92,26.33,0,whatsapp,0,0,0.579300138099923,0.11695868075619749,0.579300138099923,0.17448184855563614,0.12925933258824335
sess_42_000744,1824.51,upi,desktop,upi_app_switch_abort,262,2,11,0.749,23.82,0,email,1,0,0.2150166630655208,0.17604075447594858,0.47852838396019126,0.13041419849833935,0.2150166630655208
sess_42_000745,3136.64,card,desktop,genuine_browse_abandon,100,2,7,0.508,14.29,0,whatsapp,0,0,0.3574263069649042,0.3574263069649042,0.3574263069649042,0.10765473484298313,0.17749265122720856
sess_42_000746,2115.97,upi,mobile_android,otp_timeout,600,2,8,0.806,75.0,1,whatsapp,0,0,0.18686957509559202,0.2282430144379751,0.18686957509559202,0.45962498828569537,0.12526242218073758
sess_42_000747,5863.61,upi,mobile_android,otp_timeout,332,2,11,0.749,30.18,0,whatsapp,1,0,0.4456809751737707,0.08998143702404678,0.4456809751737707,0.36489272043655063,0.09944486736563182
sess_42_000748,926.33,card,mobile_android,genuine_browse_abandon,158,2,7,0.487,22.57,0,sms,0,0,0.17598207275468647,0.6457304331194986,0.10673852268549665,0.17598207275468647,0.07154897144031824
sess_42_000749,1692.62,netbanking,mobile_ios,price_shock_breakdown,229,1,4,0.45,57.25,0,whatsapp,0,0,0.2633963223194074,0.32171299457016933,0.2633963223194074,0.23833084820766,0.17655983490276325
sess_42_000750,557.35,upi,desktop,price_shock_breakdown,114,1,9,0.848,12.67,1,sms,1,0,0.3357364540241366,0.24871968248815027,0.11175695728796482,0.3357364540241366,0.3037869061997484
sess_42_000751,3322.74,upi,mobile_android,genuine_browse_abandon,490,1,7,0.672,70.0,0,none,0,0,0.39614560278704986,0.39614560278704986,0.39614560278704986,0.11931676263392972,0.0883920317919707
sess_42_000752,4169.36,cod,mobile_android,genuine_browse_abandon,310,1,4,0.763,77.5,0,sms,0,0,0.11931676263392972,0.39614560278704986,0.39614560278704986,0.11931676263392972,0.0883920317919707
sess_42_000753,3479.28,card,mobile_ios,upi_app_switch_abort,398,1,4,0.666,99.5,1,whatsapp,0,0,0.8204386747606477,0.049994806056778376,0.8204386747606477,0.07442851737376392,0.0551380018088101
sess_42_000754,1646.64,cod,desktop,upi_app_switch_abort,216,1,10,0.854,21.6,1,whatsapp,1,1,0.47852838396019126,0.17604075447594858,0.47852838396019126,0.13041419849833935,0.2150166630655208
sess_42_000755,591.65,upi,mobile_ios,genuine_browse_abandon,332,1,7,0.509,47.43,1,none,0,0,0.6784017024227375,0.6784017024227375,0.061543213951843805,0.18488603235859524,0.07516905126682347
sess_42_000756,1694.6,upi,mobile_android,upi_app_switch_abort,283,1,5,0.476,56.6,0,none,1,1,0.1996840325575982,0.1996840325575982,0.5427974771347435,0.14792956969787008,0.10958892060978828
sess_42_000757,1087.58,upi,mobile_ios,price_shock_breakdown,354,1,7,0.623,50.57,1,whatsapp,0,0,0.2202427743860977,0.26900513210002774,0.2202427743860977,0.3631189468483686,0.14763314666550595
sess_42_000758,3611.9,cod,mobile_android,genuine_browse_abandon,358,1,10,0.7,35.8,0,whatsapp,0,0,0.39614560278704986,0.39614560278704986,0.39614560278704986,0.11931676263392972,0.0883920317919707
sess_42_000759,1312.86,upi,desktop,upi_app_switch_abort,149,1,6,0.734,24.83,0,sms,1,1,0.2146195237037115,0.1589940536737414,0.4321906469343732,0.2146195237037115,0.19419577568817373
sess_42_000760,1292.01,upi,mobile_ios,upi_app_switch_abort,585,2,7,0.546,83.57,1,whatsapp,1,0,0.483942482820616,0.1780324901391686,0.483942482820616,0.24031872484904457,0.0977063021911707
sess_42_000761,9232.52,cod,mobile_android,price_shock_breakdown,212,1,8,0.811,26.5,1,whatsapp,0,0,0.579300138099923,0.11695868075619749,0.579300138099923,0.17448184855563614,0.12925933258824335
sess_42_000762,3292.79,netbanking,mobile_android,genuine_browse_abandon,72,2,11,0.812,6.55,0,none,0,0,0.39614560278704986,0.39614560278704986,0.39614560278704986,0.11931676263392972,0.0883920317919707
sess_42_000763,4051.94,upi,mobile_android,price_shock_breakdown,350,1,6,0.669,58.33,0,sms,1,1,0.17448184855563614,0.11695868075619749,0.579300138099923,0.17448184855563614,0.12925933258824335
sess_42_000764,1231.42,upi,mobile_android,genuine_browse_abandon,316,3,8,0.668,39.5,0,email,0,0,0.07154897144031824,0.6457304331194986,0.10673852268549665,0.17598207275468647,0.07154897144031824
sess_42_000765,792.13,cod,mobile_android,price_shock_breakdown,511,1,9,0.795,56.78,0,none,1,1,0.2986858353899521,0.2986858353899521,0.13420819701225414,0.40318370559932304,0.16392226199847068
sess_42_000766,4024.27,cod,mobile_ios,price_shock_breakdown,278,2,11,0.943,25.27,0,email,0,0,0.12925933258824335,0.11695868075619749,0.579300138099923,0.17448184855563614,0.12925933258824335
sess_42_000767,5536.27,cod,mobile_android,vpa_validation_failure,600,1,10,0.629,60.0,1,whatsapp,0,0,0.579300138099923,0.11695868075619749,0.579300138099923,0.17448184855563614,0.12925933258824335
sess_42_000768,688.92,cod,desktop,price_shock_breakdown,200,1,6,0.561,33.33,1,email,0,0,0.3037869061997484,0.24871968248815027,0.11175695728796482,0.3357364540241366,0.3037869061997484
sess_42_000769,1226.45,cod,mobile_android,price_shock_breakdown,305,3,11,0.684,27.73,0,sms,1,1,0.3631189468483686,0.26900513210002774,0.2202427743860977,0.3631189468483686,0.14763314666550595
sess_42_000770,910.78,netbanking,mobile_android,otp_timeout,127,2,9,0.559,14.11,1,sms,1,0,0.6078175404546194,0.16564960413762098,0.13562242514266395,0.6078175404546194,0.09091043026509557
sess_42_000771,2594.28,cod,mobile_android,vpa_validation_failure,161,1,4,0.446,40.25,1,whatsapp,1,1,0.579300138099923,0.11695868075619749,0.579300138099923,0.17448184855563614,0.12925933258824335
sess_42_000772,4083.7,cod,mobile_android,price_shock_breakdown,321,1,8,0.909,40.12,0,email,0,0,0.12925933258824335,0.11695868075619749,0.579300138099923,0.17448184855563614,0.12925933258824335
sess_42_000773,1371.65,card,mobile_android,genuine_browse_abandon,316,2,8,0.608,39.5,0,none,0,0,0.6457304331194986,0.6457304331194986,0.10673852268549665,0.17598207275468647,0.07154897144031824
sess_42_000774,1368.67,card,mobile_ios,genuine_browse_abandon,241,2,12,0.703,20.08,0,sms,0,0,0.17598207275468647,0.6457304331194986,0.10673852268549665,0.17598207275468647,0.07154897144031824
sess_42_000775,416.73,netbanking,mobile_android,price_shock_breakdown,289,1,9,0.488,32.11,0,sms,1,0,0.40318370559932304,0.2986858353899521,0.13420819701225414,0.40318370559932304,0.16392226199847068
sess_42_000776,883.88,cod,mobile_android,otp_timeout,73,2,7,0.796,10.43,0,sms,1,1,0.6078175404546194,0.16564960413762098,0.13562242514266395,0.6078175404546194,0.09091043026509557
sess_42_000777,5599.8,cod,mobile_ios,price_shock_breakdown,322,1,5,0.66,64.4,1,whatsapp,0,0,0.579300138099923,0.11695868075619749,0.579300138099923,0.17448184855563614,0.12925933258824335
sess_42_000778,2616.25,upi,mobile_android,upi_app_switch_abort,194,1,4,0.505,48.5,1,whatsapp,1,1,0.8204386747606477,0.049994806056778376,0.8204386747606477,0.07442851737376392,0.0551380018088101
sess_42_000779,3621.77,card,mobile_android,vpa_validation_failure,471,2,6,0.556,78.5,0,whatsapp,0,0,0.579300138099923,0.11695868075619749,0.579300138099923,0.17448184855563614,0.12925933258824335
sess_42_000780,1374.89,upi,mobile_android,price_shock_breakdown,182,2,9,0.744,20.22,1,whatsapp,0,0,0.2202427743860977,0.26900513210002774,0.2202427743860977,0.3631189468483686,0.14763314666550595
sess_42_000781,1473.22,netbanking,mobile_android,price_shock_breakdown,405,1,10,0.871,40.5,0,whatsapp,0,0,0.2202427743860977,0.26900513210002774,0.2202427743860977,0.3631189468483686,0.14763314666550595
sess_42_000782,1833.47,card,desktop,otp_timeout,314,2,9,0.49,34.89,0,whatsapp,0,0,0.16200023460108376,0.19786753336435833,0.16200023460108376,0.39845628103298136,0.24167595100157666
sess_42_000783,2305.79,upi,mobile_android,genuine_browse_abandon,208,1,7,0.522,29.71,0,none,0,0,0.7014242657747766,0.7014242657747766,0.11594465130421318,0.10491105892118391,0.07772002399982632
sess_42_000784,5074.75,card,mobile_android,upi_app_switch_abort,147,1,6,0.856,24.5,0,none,0,0,0.049994806056778376,0.049994806056778376,0.8204386747606477,0.07442851737376392,0.0551380018088101
sess_42_000785,1091.64,cod,mobile_android,genuine_browse_abandon,79,1,7,0.794,11.29,0,none,0,0,0.6457304331194986,0.6457304331194986,0.10673852268549665,0.17598207275468647,0.07154897144031824
sess_42_000786,1630.16,cod,desktop,genuine_browse_abandon,600,2,9,0.899,66.67,1,whatsapp,0,0,0.10586144689855206,0.6404244338089113,0.10586144689855206,0.0957873982812367,0.15792672101129984
sess_42_000787,997.31,cod,desktop,genuine_browse_abandon,542,1,10,0.519,54.2,0,none,0,0,0.5936734669792981,0.5936734669792981,0.09813356405833273,0.16179489443258677,0.14639807452978248
sess_42_000788,413.18,cod,mobile_android,otp_timeout,96,3,8,0.76,12.0,0,email,0,0,0.09683594368290428,0.17644659353817646,0.0792825650965213,0.647434897682398,0.09683594368290428
sess_42_000789,3605.1,upi,mobile_android,price_shock_breakdown,545,2,9,0.552,60.56,0,whatsapp,0,0,0.579300138099923,0.11695868075619749,0.579300138099923,0.17448184855563614,0.12925933258824335
sess_42_000790,6704.87,card,mobile_android,price_shock_breakdown,307,1,8,0.583,38.38,0,sms,0,0,0.17448184855563614,0.11695868075619749,0.579300138099923,0.17448184855563614,0.12925933258824335
sess_42_000791,3210.22,card,mobile_android,price_shock_breakdown,600,2,9,0.705,66.67,1,whatsapp,0,0,0.579300138099923,0.11695868075619749,0.579300138099923,0.17448184855563614,0.12925933258824335
sess_42_000792,2148.91,cod,mobile_android,price_shock_breakdown,455,1,6,0.615,75.83,0,whatsapp,0,0,0.2633963223194074,0.32171299457016933,0.2633963223194074,0.23833084820766,0.17655983490276325
sess_42_000793,7259.59,upi,mobile_android,upi_app_switch_abort,174,2,8,0.716,21.75,0,whatsapp,0,0,0.8204386747606477,0.049994806056778376,0.8204386747606477,0.07442851737376392,0.0551380018088101
sess_42_000794,2550.79,upi,mobile_android,vpa_validation_failure,600,2,9,0.628,66.67,0,whatsapp,0,0,0.579300138099923,0.11695868075619749,0.579300138099923,0.17448184855563614,0.12925933258824335
sess_42_000795,3301.27,cod,mobile_android,genuine_browse_abandon,600,3,12,0.824,50.0,0,none,0,0,0.39614560278704986,0.39614560278704986,0.39614560278704986,0.11931676263392972,0.0883920317919707
sess_42_000796,2009.68,upi,mobile_ios,otp_timeout,146,1,6,0.542,24.33,1,sms,0,0,0.45962498828569537,0.2282430144379751,0.18686957509559202,0.45962498828569537,0.12526242218073758
sess_42_000797,2253.58,cod,mobile_android,price_shock_breakdown,600,1,8,0.468,75.0,0,whatsapp,1,0,0.2633963223194074,0.32171299457016933,0.2633963223194074,0.23833084820766,0.17655983490276325
sess_42_000798,1636.45,upi,mobile_android,otp_timeout,262,1,9,0.828,29.11,0,sms,1,0,0.45962498828569537,0.2282430144379751,0.18686957509559202,0.45962498828569537,0.12526242218073758
sess_42_000799,3375.96,netbanking,desktop,price_shock_breakdown,576,3,8,0.879,72.0,0,whatsapp,1,0,0.5000810046968293,0.10096461356355876,0.5000810046968293,0.1506215041019237,0.24833287763768827
sess_42_000800,797.54,upi,mobile_ios,genuine_browse_abandon,475,2,10,0.852,47.5,0,none,0,0,0.6784017024227375,0.6784017024227375,0.061543213951843805,0.18488603235859524,0.07516905126682347
sess_42_000801,2476.11,upi,mobile_ios,genuine_browse_abandon,77,2,11,0.668,7.0,0,none,0,0,0.7014242657747766,0.7014242657747766,0.11594465130421318,0.10491105892118391,0.07772002399982632
sess_42_000802,953.57,card,mobile_android,price_shock_breakdown,600,1,9,0.658,66.67,0,email,0,0,0.14763314666550595,0.26900513210002774,0.2202427743860977,0.3631189468483686,0.14763314666550595
sess_42_000803,2650.21,netbanking,mobile_android,price_shock_breakdown,353,2,9,0.59,39.22,0,whatsapp,0,0,0.579300138099923,0.11695868075619749,0.579300138099923,0.17448184855563614,0.12925933258824335
sess_42_000804,10889.94,upi,mobile_android,genuine_browse_abandon,138,1,6,0.658,23.0,0,none,0,0,0.39614560278704986,0.39614560278704986,0.39614560278704986,0.11931676263392972,0.0883920317919707
sess_42_000805,3056.08,cod,mobile_android,price_shock_breakdown,600,1,6,0.441,100.0,1,whatsapp,0,0,0.579300138099923,0.11695868075619749,0.579300138099923,0.17448184855563614,0.12925933258824335
sess_42_000806,4360.94,cod,mobile_ios,genuine_browse_abandon,263,2,11,0.779,23.91,0,email,0,0,0.0883920317919707,0.39614560278704986,0.39614560278704986,0.11931676263392972,0.0883920317919707
sess_42_000807,3557.66,upi,mobile_android,price_shock_breakdown,515,3,14,0.808,36.79,1,whatsapp,1,0,0.579300138099923,0.11695868075619749,0.579300138099923,0.17448184855563614,0.12925933258824335
sess_42_000808,315.98,upi,mobile_android,upi_app_switch_abort,412,2,9,0.845,45.78,1,whatsapp,1,1,0.3397850697075843,0.22776474356861084,0.3397850697075843,0.30745024516137914,0.12499994156242572
sess_42_000809,1638.0,upi,mobile_android,upi_app_switch_abort,549,2,7,0.751,78.43,0,whatsapp,1,0,0.5427974771347435,0.1996840325575982,0.5427974771347435,0.14792956969787008,0.10958892060978828
sess_42_000810,2529.82,upi,mobile_android,genuine_browse_abandon,340,2,6,0.513,56.67,0,whatsapp,0,0,0.39614560278704986,0.39614560278704986,0.39614560278704986,0.11931676263392972,0.0883920317919707
sess_42_000811,377.41,upi,mobile_android,upi_app_switch_abort,314,1,7,0.857,44.86,1,whatsapp,1,1,0.3397850697075843,0.22776474356861084,0.3397850697075843,0.30745024516137914,0.12499994156242572
sess_42_000812,1461.33,cod,mobile_android,upi_app_switch_abort,600,2,9,0.624,66.67,0,sms,0,0,0.24031872484904457,0.1780324901391686,0.483942482820616,0.24031872484904457,0.0977063021911707
sess_42_000813,1703.72,card,mobile_ios,otp_timeout,322,1,7,0.748,46.0,1,sms,1,0,0.45962498828569537,0.2282430144379751,0.18686957509559202,0.45962498828569537,0.12526242218073758
sess_42_000814,717.88,cod,desktop,genuine_browse_abandon,198,1,9,0.543,22.0,0,sms,0,0,0.16929052393388763,0.6211771553301298,0.05635192016168885,0.16929052393388763,0.15318040057429372
sess_42_000815,873.7,upi,mobile_android,otp_timeout,337,1,8,0.637,42.12,1,sms,1,0,0.6078175404546194,0.16564960413762098,0.13562242514266395,0.6078175404546194,0.09091043026509557
sess_42_000816,4929.61,card,mobile_android,otp_timeout,380,1,7,0.743,54.29,1,sms,0,0,0.36489272043655063,0.08998143702404678,0.4456809751737707,0.36489272043655063,0.09944486736563182
sess_42_000817,150.0,upi,mobile_android,upi_app_switch_abort,540,2,7,0.756,77.14,1,none,1,1,0.22776474356861084,0.22776474356861084,0.3397850697075843,0.30745024516137914,0.12499994156242572
sess_42_000818,2216.32,cod,mobile_ios,price_shock_breakdown,133,1,8,0.584,16.62,1,sms,0,0,0.23833084820766,0.32171299457016933,0.2633963223194074,0.23833084820766,0.17655983490276325
sess_42_000819,4327.21,upi,mobile_android,vpa_validation_failure,155,1,5,0.719,31.0,0,whatsapp,0,0,0.579300138099923,0.11695868075619749,0.579300138099923,0.17448184855563614,0.12925933258824335
sess_42_000820,1771.62,netbanking,mobile_ios,otp_timeout,486,2,12,0.45,40.5,0,sms,0,0,0.45962498828569537,0.2282430144379751,0.18686957509559202,0.45962498828569537,0.12526242218073758
sess_42_000821,5200.29,card,mobile_android,price_shock_breakdown,338,2,6,0.721,56.33,0,sms,0,0,0.17448184855563614,0.11695868075619749,0.579300138099923,0.17448184855563614,0.12925933258824335
sess_42_000822,1312.21,cod,mobile_ios,genuine_browse_abandon,166,1,5,0.874,33.2,0,email,0,0,0.07154897144031824,0.6457304331194986,0.10673852268549665,0.17598207275468647,0.07154897144031824
sess_42_000823,917.08,upi,mobile_android,otp_timeout,600,2,11,0.71,54.55,1,sms,0,0,0.6078175404546194,0.16564960413762098,0.13562242514266395,0.6078175404546194,0.09091043026509557
sess_42_000824,1795.29,card,mobile_android,price_shock_breakdown,123,2,12,0.668,10.25,0,email,0,0,0.17655983490276325,0.32171299457016933,0.2633963223194074,0.23833084820766,0.17655983490276325
sess_42_000825,1358.09,cod,mobile_android,price_shock_breakdown,600,1,4,0.651,150.0,0,whatsapp,0,0,0.2202427743860977,0.26900513210002774,0.2202427743860977,0.3631189468483686,0.14763314666550595
sess_42_000826,1177.48,card,desktop,price_shock_breakdown,508,1,5,0.463,101.6,1,whatsapp,0,0,0.1864993589098446,0.22779083136758763,0.1864993589098446,0.30748546000659815,0.2782243497159696
sess_42_000827,1579.16,netbanking,mobile_android,otp_timeout,600,1,8,0.643,75.0,0,sms,1,0,0.45962498828569537,0.2282430144379751,0.18686957509559202,0.45962498828569537,0.12526242218073758
sess_42_000828,998.25,cod,mobile_android,price_shock_breakdown,583,1,10,0.855,58.3,0,none,1,1,0.26900513210002774,0.26900513210002774,0.2202427743860977,0.3631189468483686,0.14763314666550595
sess_42_000829,964.48,cod,mobile_android,genuine_browse_abandon,110,1,4,0.887,27.5,1,none,0,0,0.6457304331194986,0.6457304331194986,0.10673852268549665,0.17598207275468647,0.07154897144031824
sess_42_000830,779.39,upi,mobile_android,upi_app_switch_abort,409,2,8,0.522,51.12,0,none,0,0,0.22776474356861084,0.22776474356861084,0.3397850697075843,0.30745024516137914,0.12499994156242572
sess_42_000831,2471.05,cod,mobile_android,genuine_browse_abandon,390,1,8,0.78,48.75,1,whatsapp,0,0,0.11594465130421318,0.7014242657747766,0.11594465130421318,0.10491105892118391,0.07772002399982632
sess_42_000832,854.71,upi,mobile_android,otp_timeout,312,1,8,0.687,39.0,1,sms,1,0,0.6078175404546194,0.16564960413762098,0.13562242514266395,0.6078175404546194,0.09091043026509557
sess_42_000833,712.27,cod,mobile_android,genuine_browse_abandon,273,2,7,0.898,39.0,0,none,0,0,0.6784017024227375,0.6784017024227375,0.061543213951843805,0.18488603235859524,0.07516905126682347
sess_42_000834,808.12,upi,mobile_android,upi_app_switch_abort,454,2,6,0.651,75.67,0,whatsapp,1,0,0.483942482820616,0.1780324901391686,0.483942482820616,0.24031872484904457,0.0977063021911707
sess_42_000835,2109.54,cod,mobile_ios,price_shock_breakdown,600,1,8,0.542,75.0,0,email,0,0,0.17655983490276325,0.32171299457016933,0.2633963223194074,0.23833084820766,0.17655983490276325
sess_42_000836,2987.03,upi,mobile_android,upi_app_switch_abort,600,1,10,0.463,60.0,1,whatsapp,1,0,0.8204386747606477,0.049994806056778376,0.8204386747606477,0.07442851737376392,0.0551380018088101
sess_42_000837,3175.67,cod,mobile_ios,genuine_browse_abandon,412,1,9,0.812,45.78,1,none,0,0,0.39614560278704986,0.39614560278704986,0.39614560278704986,0.11931676263392972,0.0883920317919707
sess_42_000838,2123.3,cod,mobile_android,otp_timeout,401,2,12,0.808,33.42,0,sms,1,1,0.45962498828569537,0.2282430144379751,0.18686957509559202,0.45962498828569537,0.12526242218073758
sess_42_000839,2701.75,netbanking,mobile_android,otp_timeout,600,1,10,0.903,60.0,0,sms,0,0,0.36489272043655063,0.08998143702404678,0.4456809751737707,0.36489272043655063,0.09944486736563182
sess_42_000840,1735.25,cod,mobile_android,upi_app_switch_abort,179,1,8,0.462,22.38,0,whatsapp,1,1,0.5427974771347435,0.1996840325575982,0.5427974771347435,0.14792956969787008,0.10958892060978828
sess_42_000841,2544.52,cod,desktop,genuine_browse_abandon,294,1,9,0.927,32.67,0,email,1,1,0.17749265122720856,0.3574263069649042,0.3574263069649042,0.10765473484298313,0.17749265122720856
sess_42_000842,2515.34,upi,mobile_android,genuine_browse_abandon,299,1,5,0.512,59.8,1,sms,0,0,0.11931676263392972,0.39614560278704986,0.39614560278704986,0.11931676263392972,0.0883920317919707
sess_42_000843,1046.04,upi,mobile_android,vpa_validation_failure,600,2,12,0.729,50.0,0,whatsapp,0,0,0.2202427743860977,0.26900513210002774,0.2202427743860977,0.3631189468483686,0.14763314666550595
sess_42_000844,806.95,netbanking,mobile_ios,upi_app_switch_abort,331,2,10,0.723,33.1,0,sms,1,0,0.24031872484904457,0.1780324901391686,0.483942482820616,0.24031872484904457,0.0977063021911707
sess_42_000845,4984.64,cod,mobile_ios,genuine_browse_abandon,282,2,12,0.468,23.5,0,sms,0,0,0.11931676263392972,0.39614560278704986,0.39614560278704986,0.11931676263392972,0.0883920317919707
sess_42_000846,1986.27,upi,desktop,upi_app_switch_abort,203,2,12,0.76,16.92,0,whatsapp,0,0,0.47852838396019126,0.17604075447594858,0.47852838396019126,0.13041419849833935,0.2150166630655208
sess_42_000847,3979.22,cod,mobile_android,otp_timeout,371,1,5,0.59,74.2,0,email,0,0,0.09944486736563182,0.08998143702404678,0.4456809751737707,0.36489272043655063,0.09944486736563182
sess_42_000848,792.35,card,mobile_ios,otp_timeout,382,1,9,0.854,42.44,0,email,0,0,0.09683594368290428,0.17644659353817646,0.0792825650965213,0.647434897682398,0.09683594368290428
sess_42_000849,1333.86,upi,desktop,otp_timeout,600,1,6,0.69,100.0,0,sms,0,0,0.5468864821310532,0.14904395356123945,0.12202686834091331,0.5468864821310532,0.18204269596679412
sess_42_000850,643.89,upi,mobile_android,price_shock_breakdown,171,2,6,0.461,28.5,1,sms,1,0,0.40318370559932304,0.2986858353899521,0.13420819701225414,0.40318370559932304,0.16392226199847068
sess_42_000851,2935.83,upi,mobile_android,price_shock_breakdown,210,1,6,0.706,35.0,0,whatsapp,0,0,0.579300138099923,0.11695868075619749,0.579300138099923,0.17448184855563614,0.12925933258824335
sess_42_000852,1140.4,card,mobile_android,price_shock_breakdown,519,1,7,0.908,74.14,0,whatsapp,0,0,0.2202427743860977,0.26900513210002774,0.2202427743860977,0.3631189468483686,0.14763314666550595
sess_42_000853,1193.08,netbanking,mobile_android,genuine_browse_abandon,254,2,8,0.841,31.75,1,none,0,0,0.6457304331194986,0.6457304331194986,0.10673852268549665,0.17598207275468647,0.07154897144031824
sess_42_000854,7838.89,cod,mobile_android,price_shock_breakdown,373,2,8,0.805,46.62,0,sms,0,0,0.17448184855563614,0.11695868075619749,0.579300138099923,0.17448184855563614,0.12925933258824335
sess_42_000855,2980.09,cod,mobile_android,price_shock_breakdown,113,1,9,0.888,12.56,0,whatsapp,0,0,0.579300138099923,0.11695868075619749,0.579300138099923,0.17448184855563614,0.12925933258824335
sess_42_000856,2952.96,upi,mobile_android,upi_app_switch_abort,411,2,11,0.796,37.36,0,whatsapp,1,1,0.8204386747606477,0.049994806056778376,0.8204386747606477,0.07442851737376392,0.0551380018088101
sess_42_000857,733.93,upi,mobile_ios,upi_app_switch_abort,418,3,10,0.522,41.8,0,none,1,0,0.22776474356861084,0.22776474356861084,0.3397850697075843,0.30745024516137914,0.12499994156242572
sess_42_000858,448.92,card,mobile_android,otp_timeout,374,2,10,0.628,37.4,0,email,0,0,0.09683594368290428,0.17644659353817646,0.0792825650965213,0.647434897682398,0.09683594368290428
sess_42_000859,3744.25,card,mobile_android,upi_app_switch_abort,473,1,10,0.488,47.3,1,whatsapp,0,0,0.8204386747606477,0.049994806056778376,0.8204386747606477,0.07442851737376392,0.0551380018088101
sess_42_000860,336.88,cod,mobile_android,price_shock_breakdown,227,1,10,0.687,22.7,0,whatsapp,0,0,0.13420819701225414,0.2986858353899521,0.13420819701225414,0.40318370559932304,0.16392226199847068
sess_42_000861,1241.18,upi,mobile_ios,upi_app_switch_abort,600,1,7,0.554,85.71,1,whatsapp,1,0,0.483942482820616,0.1780324901391686,0.483942482820616,0.24031872484904457,0.0977063021911707
sess_42_000862,983.65,cod,mobile_android,price_shock_breakdown,600,1,9,0.792,66.67,0,none,0,0,0.26900513210002774,0.26900513210002774,0.2202427743860977,0.3631189468483686,0.14763314666550595
sess_42_000863,903.38,card,mobile_ios,otp_timeout,532,2,8,0.471,66.5,1,sms,1,0,0.6078175404546194,0.16564960413762098,0.13562242514266395,0.6078175404546194,0.09091043026509557
sess_42_000864,1298.92,upi,mobile_android,price_shock_breakdown,600,1,5,0.458,120.0,0,sms,0,0,0.3631189468483686,0.26900513210002774,0.2202427743860977,0.3631189468483686,0.14763314666550595
sess_42_000865,819.1,netbanking,mobile_android,price_shock_breakdown,466,1,9,0.912,51.78,0,whatsapp,0,0,0.2202427743860977,0.26900513210002774,0.2202427743860977,0.3631189468483686,0.14763314666550595
sess_42_000866,726.32,cod,mobile_ios,genuine_browse_abandon,600,1,9,0.861,66.67,0,sms,0,0,0.18488603235859524,0.6784017024227375,0.061543213951843805,0.18488603235859524,0.07516905126682347
sess_42_000867,2189.25,card,mobile_ios,price_shock_breakdown,412,2,10,0.617,41.2,0,none,0,0,0.32171299457016933,0.32171299457016933,0.2633963223194074,0.23833084820766,0.17655983490276325
sess_42_000868,4022.82,upi,mobile_android,otp_timeout,585,3,13,0.455,45.0,0,email,1,1,0.09944486736563182,0.08998143702404678,0.4456809751737707,0.36489272043655063,0.09944486736563182
sess_42_000869,491.67,upi,desktop,upi_app_switch_abort,460,2,8,0.575,57.5,0,whatsapp,0,0,0.2946473000928323,0.19750799176250416,0.2946473000928323,0.2666079022472649,0.2412368058973987
sess_42_000870,2093.65,cod,mobile_android,upi_app_switch_abort,482,1,5,0.546,96.4,0,whatsapp,1,0,0.5427974771347435,0.1996840325575982,0.5427974771347435,0.14792956969787008,0.10958892060978828
sess_42_000871,2713.68,upi,mobile_android,upi_app_switch_abort,368,1,10,0.812,36.8,0,whatsapp,1,0,0.8204386747606477,0.049994806056778376,0.8204386747606477,0.07442851737376392,0.0551380018088101
sess_42_000872,2527.24,cod,mobile_android,otp_timeout,280,2,11,0.68,25.45,1,email,1,0,0.09944486736563182,0.08998143702404678,0.4456809751737707,0.36489272043655063,0.09944486736563182
sess_42_000873,1531.62,upi,desktop,price_shock_breakdown,552,2,9,0.721,61.33,1,sms,0,0,0.19593432373852326,0.2644836726048936,0.21654091644863488,0.19593432373852326,0.32304108720794833
sess_42_000874,1155.39,card,mobile_android,price_shock_breakdown,115,1,6,0.869,19.17,0,sms,0,0,0.3631189468483686,0.26900513210002774,0.2202427743860977,0.3631189468483686,0.14763314666550595
sess_42_000875,3193.71,upi,mobile_android,vpa_validation_failure,272,2,6,0.632,45.33,1,email,1,1,0.12925933258824335,0.11695868075619749,0.579300138099923,0.17448184855563614,0.12925933258824335
sess_42_000876,2324.99,netbanking,desktop,price_shock_breakdown,600,2,6,0.428,100.0,0,sms,1,0,0.19593432373852326,0.2644836726048936,0.21654091644863488,0.19593432373852326,0.32304108720794833
sess_42_000877,436.71,upi,mobile_android,upi_app_switch_abort,249,2,11,0.921,22.64,1,sms,1,0,0.30745024516137914,0.22776474356861084,0.3397850697075843,0.30745024516137914,0.12499994156242572
sess_42_000878,1531.81,cod,mobile_android,genuine_browse_abandon,433,1,6,0.69,72.17,0,none,0,0,0.7014242657747766,0.7014242657747766,0.11594465130421318,0.10491105892118391,0.07772002399982632
sess_42_000879,1884.87,cod,mobile_android,price_shock_breakdown,544,1,8,0.488,68.0,0,none,1,1,0.32171299457016933,0.32171299457016933,0.2633963223194074,0.23833084820766,0.17655983490276325
sess_42_000880,796.09,cod,mobile_android,otp_timeout,600,2,12,0.867,50.0,0,sms,0,0,0.647434897682398,0.17644659353817646,0.0792825650965213,0.647434897682398,0.09683594368290428
sess_42_000881,1506.31,cod,mobile_android,price_shock_breakdown,600,2,6,0.52,100.0,0,none,0,0,0.32171299457016933,0.32171299457016933,0.2633963223194074,0.23833084820766,0.17655983490276325
sess_42_000882,2614.04,cod,mobile_android,genuine_browse_abandon,175,2,7,0.781,25.0,0,email,0,0,0.0883920317919707,0.39614560278704986,0.39614560278704986,0.11931676263392972,0.0883920317919707
sess_42_000883,972.14,netbanking,mobile_android,otp_timeout,514,1,4,0.585,128.5,0,sms,1,0,0.6078175404546194,0.16564960413762098,0.13562242514266395,0.6078175404546194,0.09091043026509557
sess_42_000884,2153.27,cod,mobile_android,price_shock_breakdown,556,1,7,0.896,79.43,1,none,1,1,0.32171299457016933,0.32171299457016933,0.2633963223194074,0.23833084820766,0.17655983490276325
sess_42_000885,860.79,netbanking,mobile_android,otp_timeout,458,2,12,0.734,38.17,0,none,1,1,0.16564960413762098,0.16564960413762098,0.13562242514266395,0.6078175404546194,0.09091043026509557
sess_42_000886,715.15,upi,mobile_android,genuine_browse_abandon,591,1,5,0.56,118.2,0,email,0,0,0.07516905126682347,0.6784017024227375,0.061543213951843805,0.18488603235859524,0.07516905126682347
sess_42_000887,2868.92,upi,mobile_android,upi_app_switch_abort,281,2,6,0.605,46.83,0,email,0,0,0.0551380018088101,0.049994806056778376,0.8204386747606477,0.07442851737376392,0.0551380018088101
sess_42_000888,4361.18,upi,mobile_android,price_shock_breakdown,593,1,8,0.667,74.12,0,whatsapp,0,0,0.579300138099923,0.11695868075619749,0.579300138099923,0.17448184855563614,0.12925933258824335
sess_42_000889,744.12,cod,desktop,price_shock_breakdown,491,1,7,0.875,70.14,0,email,0,0,0.3037869061997484,0.24871968248815027,0.11175695728796482,0.3357364540241366,0.3037869061997484
sess_42_000890,3695.12,upi,mobile_android,upi_app_switch_abort,589,2,11,0.66,53.55,0,whatsapp,0,0,0.8204386747606477,0.049994806056778376,0.8204386747606477,0.07442851737376392,0.0551380018088101
sess_42_000891,1790.47,upi,mobile_android,upi_app_switch_abort,581,2,6,0.716,96.83,1,whatsapp,1,0,0.5427974771347435,0.1996840325575982,0.5427974771347435,0.14792956969787008,0.10958892060978828
sess_42_000892,343.75,netbanking,mobile_android,otp_timeout,430,2,7,0.52,61.43,1,sms,0,0,0.647434897682398,0.17644659353817646,0.0792825650965213,0.647434897682398,0.09683594368290428
sess_42_000893,616.33,card,mobile_android,price_shock_breakdown,435,2,11,0.539,39.55,1,whatsapp,1,0,0.13420819701225414,0.2986858353899521,0.13420819701225414,0.40318370559932304,0.16392226199847068
sess_42_000894,2853.21,upi,desktop,upi_app_switch_abort,423,1,6,0.486,70.5,0,whatsapp,1,0,0.766083108012708,0.049837407703541635,0.766083108012708,0.06949749160850477,0.1145819926752455
sess_42_000895,534.88,card,mobile_android,genuine_browse_abandon,306,1,5,0.51,61.2,0,none,0,0,0.6784017024227375,0.6784017024227375,0.061543213951843805,0.18488603235859524,0.07516905126682347
sess_42_000896,1136.92,card,mobile_android,price_shock_breakdown,600,2,12,0.618,50.0,0,email,0,0,0.14763314666550595,0.26900513210002774,0.2202427743860977,0.3631189468483686,0.14763314666550595
sess_42_000897,1701.02,upi,desktop,upi_app_switch_abort,204,2,10,0.6,20.4,0,whatsapp,0,0,0.47852838396019126,0.17604075447594858,0.47852838396019126,0.13041419849833935,0.2150166630655208
sess_42_000898,2530.1,card,mobile_android,otp_timeout,600,1,10,0.813,60.0,0,sms,0,0,0.36489272043655063,0.08998143702404678,0.4456809751737707,0.36489272043655063,0.09944486736563182
sess_42_000899,2076.65,upi,mobile_ios,genuine_browse_abandon,483,1,10,0.76,48.3,0,none,0,0,0.7014242657747766,0.7014242657747766,0.11594465130421318,0.10491105892118391,0.07772002399982632
sess_42_000900,5863.01,upi,mobile_android,upi_app_switch_abort,234,1,5,0.55,46.8,0,whatsapp,1,1,0.8204386747606477,0.049994806056778376,0.8204386747606477,0.07442851737376392,0.0551380018088101
sess_42_000901,980.58,card,mobile_android,otp_timeout,345,1,8,0.56,43.12,0,sms,0,0,0.6078175404546194,0.16564960413762098,0.13562242514266395,0.6078175404546194,0.09091043026509557
sess_42_000902,1946.82,upi,mobile_android,price_shock_breakdown,273,2,10,0.581,27.3,0,none,1,0,0.32171299457016933,0.32171299457016933,0.2633963223194074,0.23833084820766,0.17655983490276325
sess_42_000903,2538.85,cod,mobile_android,upi_app_switch_abort,461,1,6,0.619,76.83,1,whatsapp,0,0,0.8204386747606477,0.049994806056778376,0.8204386747606477,0.07442851737376392,0.0551380018088101
sess_42_000904,3085.06,upi,desktop,genuine_browse_abandon,600,1,9,0.697,66.67,0,none,0,0,0.3574263069649042,0.3574263069649042,0.3574263069649042,0.10765473484298313,0.17749265122720856
sess_42_000905,3977.67,netbanking,mobile_android,otp_timeout,179,3,10,0.783,17.9,0,none,0,0,0.08998143702404678,0.08998143702404678,0.4456809751737707,0.36489272043655063,0.09944486736563182
sess_42_000906,1305.64,upi,mobile_android,upi_app_switch_abort,323,2,6,0.712,53.83,1,email,1,0,0.0977063021911707,0.1780324901391686,0.483942482820616,0.24031872484904457,0.0977063021911707
sess_42_000907,2947.2,netbanking,mobile_android,genuine_browse_abandon,563,1,10,0.596,56.3,0,email,0,0,0.0883920317919707,0.39614560278704986,0.39614560278704986,0.11931676263392972,0.0883920317919707
sess_42_000908,902.9,card,mobile_android,price_shock_breakdown,393,2,9,0.69,43.67,0,none,0,0,0.26900513210002774,0.26900513210002774,0.2202427743860977,0.3631189468483686,0.14763314666550595
sess_42_000909,1705.69,upi,mobile_android,upi_app_switch_abort,569,2,10,0.876,56.9,1,whatsapp,0,0,0.5427974771347435,0.1996840325575982,0.5427974771347435,0.14792956969787008,0.10958892060978828
sess_42_000910,2633.15,upi,mobile_android,price_shock_breakdown,504,1,9,0.721,56.0,0,whatsapp,0,0,0.579300138099923,0.11695868075619749,0.579300138099923,0.17448184855563614,0.12925933258824335
sess_42_000911,3757.63,upi,mobile_android,price_shock_breakdown,450,1,10,0.493,45.0,0,email,0,0,0.12925933258824335,0.11695868075619749,0.579300138099923,0.17448184855563614,0.12925933258824335
sess_42_000912,2772.95,netbanking,mobile_android,price_shock_breakdown,600,1,8,0.687,75.0,1,whatsapp,0,0,0.579300138099923,0.11695868075619749,0.579300138099923,0.17448184855563614,0.12925933258824335
sess_42_000913,1935.09,upi,mobile_ios,price_shock_breakdown,333,2,6,0.904,55.5,1,sms,0,0,0.23833084820766,0.32171299457016933,0.2633963223194074,0.23833084820766,0.17655983490276325
sess_42_000914,1703.41,cod,mobile_android,otp_timeout,214,2,8,0.708,26.75,1,email,1,1,0.12526242218073758,0.2282430144379751,0.18686957509559202,0.45962498828569537,0.12526242218073758
sess_42_000915,2728.74,cod,mobile_ios,upi_app_switch_abort,600,3,13,0.519,46.15,0,whatsapp,1,0,0.8204386747606477,0.049994806056778376,0.8204386747606477,0.07442851737376392,0.0551380018088101
sess_42_000916,9338.6,upi,mobile_android,upi_app_switch_abort,596,2,11,0.853,54.18,1,whatsapp,1,0,0.8204386747606477,0.049994806056778376,0.8204386747606477,0.07442851737376392,0.0551380018088101
sess_42_000917,3432.15,upi,desktop,genuine_browse_abandon,473,1,5,0.564,94.6,0,whatsapp,0,0,0.3574263069649042,0.3574263069649042,0.3574263069649042,0.10765473484298313,0.17749265122720856
sess_42_000918,2407.06,upi,desktop,upi_app_switch_abort,357,1,5,0.607,71.4,0,sms,0,0,0.13041419849833935,0.17604075447594858,0.47852838396019126,0.13041419849833935,0.2150166630655208
sess_42_000919,647.6,upi,mobile_android,genuine_browse_abandon,544,1,6,0.909,90.67,1,none,0,0,0.6784017024227375,0.6784017024227375,0.061543213951843805,0.18488603235859524,0.07516905126682347
sess_42_000920,959.72,upi,mobile_ios,otp_timeout,125,1,9,0.536,13.89,1,none,0,0,0.16564960413762098,0.16564960413762098,0.13562242514266395,0.6078175404546194,0.09091043026509557
sess_42_000921,1417.91,upi,mobile_android,price_shock_breakdown,175,1,8,0.612,21.88,0,none,0,0,0.26900513210002774,0.26900513210002774,0.2202427743860977,0.3631189468483686,0.14763314666550595
sess_42_000922,3577.84,upi,mobile_android,price_shock_breakdown,600,1,8,0.913,75.0,0,none,0,0,0.11695868075619749,0.11695868075619749,0.579300138099923,0.17448184855563614,0.12925933258824335
sess_42_000923,895.54,upi,mobile_android,upi_app_switch_abort,208,1,9,0.885,23.11,0,whatsapp,0,0,0.483942482820616,0.1780324901391686,0.483942482820616,0.24031872484904457,0.0977063021911707
sess_42_000924,2927.31,upi,mobile_android,upi_app_switch_abort,103,1,6,0.432,17.17,0,whatsapp,1,0,0.8204386747606477,0.049994806056778376,0.8204386747606477,0.07442851737376392,0.0551380018088101
sess_42_000925,1977.87,cod,mobile_android,otp_timeout,600,1,7,0.816,85.71,1,sms,1,0,0.45962498828569537,0.2282430144379751,0.18686957509559202,0.45962498828569537,0.12526242218073758
sess_42_000926,2359.48,upi,mobile_android,vpa_validation_failure,280,1,7,0.482,40.0,0,none,0,0,0.32171299457016933,0.32171299457016933,0.2633963223194074,0.23833084820766,0.17655983490276325
sess_42_000927,1537.69,card,mobile_android,price_shock_breakdown,600,1,4,0.707,150.0,1,email,0,0,0.17655983490276325,0.32171299457016933,0.2633963223194074,0.23833084820766,0.17655983490276325
sess_42_000928,1155.78,upi,mobile_android,upi_app_switch_abort,129,1,6,0.778,21.5,0,sms,0,0,0.24031872484904457,0.1780324901391686,0.483942482820616,0.24031872484904457,0.0977063021911707
sess_42_000929,871.03,card,desktop,otp_timeout,136,1,4,0.663,34.0,1,sms,1,1,0.5468864821310532,0.14904395356123945,0.12202686834091331,0.5468864821310532,0.18204269596679412
sess_42_000930,2860.34,netbanking,mobile_android,genuine_browse_abandon,444,1,6,0.923,74.0,0,email,0,0,0.0883920317919707,0.39614560278704986,0.39614560278704986,0.11931676263392972,0.0883920317919707
sess_42_000931,1706.94,upi,mobile_ios,vpa_validation_failure,600,1,10,0.69,60.0,1,sms,0,0,0.23833084820766,0.32171299457016933,0.2633963223194074,0.23833084820766,0.17655983490276325
sess_42_000932,805.99,card,mobile_ios,genuine_browse_abandon,373,1,4,0.483,93.25,1,sms,0,0,0.17598207275468647,0.6457304331194986,0.10673852268549665,0.17598207275468647,0.07154897144031824
sess_42_000933,2137.64,card,mobile_ios,otp_timeout,510,1,5,0.438,102.0,0,whatsapp,1,0,0.18686957509559202,0.2282430144379751,0.18686957509559202,0.45962498828569537,0.12526242218073758
sess_42_000934,23563.97,upi,mobile_android,upi_app_switch_abort,78,2,9,0.771,8.67,0,whatsapp,0,0,0.8204386747606477,0.049994806056778376,0.8204386747606477,0.07442851737376392,0.0551380018088101
sess_42_000935,1554.48,netbanking,desktop,otp_timeout,256,2,10,0.647,25.6,0,whatsapp,1,0,0.16200023460108376,0.19786753336435833,0.16200023460108376,0.39845628103298136,0.24167595100157666
sess_42_000936,6251.51,upi,mobile_android,upi_app_switch_abort,346,1,4,0.754,86.5,0,whatsapp,0,0,0.8204386747606477,0.049994806056778376,0.8204386747606477,0.07442851737376392,0.0551380018088101
sess_42_000937,260.09,cod,mobile_android,price_shock_breakdown,199,1,9,0.759,22.11,1,whatsapp,1,0,0.13420819701225414,0.2986858353899521,0.13420819701225414,0.40318370559932304,0.16392226199847068
sess_42_000938,1476.08,cod,mobile_ios,price_shock_breakdown,145,1,7,0.621,20.71,0,sms,0,0,0.3631189468483686,0.26900513210002774,0.2202427743860977,0.3631189468483686,0.14763314666550595
sess_42_000939,3700.01,upi,mobile_ios,price_shock_breakdown,514,1,8,0.62,64.25,0,whatsapp,1,0,0.579300138099923,0.11695868075619749,0.579300138099923,0.17448184855563614,0.12925933258824335
sess_42_000940,1829.26,card,mobile_android,otp_timeout,185,1,8,0.673,23.12,1,sms,0,0,0.45962498828569537,0.2282430144379751,0.18686957509559202,0.45962498828569537,0.12526242218073758
sess_42_000941,1116.58,cod,mobile_android,genuine_browse_abandon,174,2,6,0.652,29.0,1,none,0,0,0.6457304331194986,0.6457304331194986,0.10673852268549665,0.17598207275468647,0.07154897144031824
sess_42_000942,1772.56,netbanking,mobile_android,price_shock_breakdown,175,1,6,0.532,29.17,1,email,0,0,0.17655983490276325,0.32171299457016933,0.2633963223194074,0.23833084820766,0.17655983490276325
sess_42_000943,3785.12,card,mobile_android,price_shock_breakdown,588,1,9,0.443,65.33,0,whatsapp,1,1,0.579300138099923,0.11695868075619749,0.579300138099923,0.17448184855563614,0.12925933258824335
sess_42_000944,9023.45,netbanking,mobile_android,price_shock_breakdown,383,1,7,0.843,54.71,1,none,0,0,0.11695868075619749,0.11695868075619749,0.579300138099923,0.17448184855563614,0.12925933258824335
sess_42_000945,4020.37,upi,mobile_android,price_shock_breakdown,568,1,10,0.858,56.8,0,whatsapp,0,0,0.579300138099923,0.11695868075619749,0.579300138099923,0.17448184855563614,0.12925933258824335
sess_42_000946,1238.25,upi,mobile_android,upi_app_switch_abort,196,1,8,0.799,24.5,0,whatsapp,0,0,0.483942482820616,0.1780324901391686,0.483942482820616,0.24031872484904457,0.0977063021911707
sess_42_000947,1518.3,netbanking,mobile_android,price_shock_breakdown,419,2,11,0.64,38.09,0,email,0,0,0.17655983490276325,0.32171299457016933,0.2633963223194074,0.23833084820766,0.17655983490276325
sess_42_000948,1526.79,netbanking,mobile_android,otp_timeout,600,1,7,0.686,85.71,1,sms,1,0,0.45962498828569537,0.2282430144379751,0.18686957509559202,0.45962498828569537,0.12526242218073758
sess_42_000949,943.47,upi,mobile_android,price_shock_breakdown,600,2,9,0.456,66.67,1,whatsapp,1,0,0.2202427743860977,0.26900513210002774,0.2202427743860977,0.3631189468483686,0.14763314666550595
sess_42_000950,1609.54,cod,mobile_android,price_shock_breakdown,439,1,7,0.905,62.71,1,whatsapp,0,0,0.2633963223194074,0.32171299457016933,0.2633963223194074,0.23833084820766,0.17655983490276325
sess_42_000951,1472.4,cod,mobile_ios,price_shock_breakdown,478,2,7,0.586,68.29,0,none,0,0,0.26900513210002774,0.26900513210002774,0.2202427743860977,0.3631189468483686,0.14763314666550595
sess_42_000952,734.79,cod,mobile_android,genuine_browse_abandon,192,2,10,0.779,19.2,0,none,1,1,0.6784017024227375,0.6784017024227375,0.061543213951843805,0.18488603235859524,0.07516905126682347
sess_42_000953,3390.04,cod,desktop,price_shock_breakdown,418,2,10,0.664,41.8,0,sms,1,1,0.1506215041019237,0.10096461356355876,0.5000810046968293,0.1506215041019237,0.24833287763768827
sess_42_000954,2479.21,upi,mobile_android,upi_app_switch_abort,137,2,6,0.461,22.83,0,whatsapp,0,0,0.5427974771347435,0.1996840325575982,0.5427974771347435,0.14792956969787008,0.10958892060978828
sess_42_000955,1117.99,upi,mobile_android,price_shock_breakdown,316,1,8,0.778,39.5,0,sms,0,0,0.3631189468483686,0.26900513210002774,0.2202427743860977,0.3631189468483686,0.14763314666550595
sess_42_000956,2019.99,upi,mobile_android,genuine_browse_abandon,301,3,10,0.561,30.1,0,whatsapp,0,0,0.11594465130421318,0.7014242657747766,0.11594465130421318,0.10491105892118391,0.07772002399982632
sess_42_000957,877.07,card,mobile_android,otp_timeout,507,3,9,0.751,56.33,0,none,0,0,0.16564960413762098,0.16564960413762098,0.13562242514266395,0.6078175404546194,0.09091043026509557
sess_42_000958,1194.89,cod,mobile_ios,otp_timeout,524,2,10,0.86,52.4,1,sms,1,1,0.6078175404546194,0.16564960413762098,0.13562242514266395,0.6078175404546194,0.09091043026509557
sess_42_000959,3028.3,card,mobile_android,genuine_browse_abandon,600,1,8,0.61,75.0,0,sms,0,0,0.11931676263392972,0.39614560278704986,0.39614560278704986,0.11931676263392972,0.0883920317919707
sess_42_000960,2574.18,card,mobile_android,genuine_browse_abandon,600,1,5,0.851,120.0,0,none,1,1,0.39614560278704986,0.39614560278704986,0.39614560278704986,0.11931676263392972,0.0883920317919707
sess_42_000961,1230.42,upi,mobile_ios,upi_app_switch_abort,125,2,12,0.631,10.42,0,whatsapp,1,1,0.483942482820616,0.1780324901391686,0.483942482820616,0.24031872484904457,0.0977063021911707
sess_42_000962,2283.8,card,mobile_android,otp_timeout,70,2,11,0.629,6.36,0,sms,0,0,0.45962498828569537,0.2282430144379751,0.18686957509559202,0.45962498828569537,0.12526242218073758
sess_42_000963,1709.95,netbanking,mobile_android,otp_timeout,249,1,6,0.873,41.5,0,sms,0,0,0.45962498828569537,0.2282430144379751,0.18686957509559202,0.45962498828569537,0.12526242218073758
sess_42_000964,855.81,upi,mobile_android,price_shock_breakdown,527,2,6,0.78,87.83,1,whatsapp,1,0,0.2202427743860977,0.26900513210002774,0.2202427743860977,0.3631189468483686,0.14763314666550595
sess_42_000965,1594.91,upi,mobile_ios,genuine_browse_abandon,595,2,9,0.734,66.11,0,whatsapp,0,0,0.11594465130421318,0.7014242657747766,0.11594465130421318,0.10491105892118391,0.07772002399982632
sess_42_000966,2499.95,upi,desktop,price_shock_breakdown,405,3,14,0.526,28.93,0,none,0,0,0.2644836726048936,0.2644836726048936,0.21654091644863488,0.19593432373852326,0.32304108720794833
sess_42_000967,2274.74,upi,desktop,genuine_browse_abandon,600,1,9,0.459,66.67,0,none,0,0,0.6404244338089113,0.6404244338089113,0.10586144689855206,0.0957873982812367,0.15792672101129984
sess_42_000968,508.03,netbanking,mobile_android,upi_app_switch_abort,330,1,6,0.781,55.0,1,none,1,0,0.22776474356861084,0.22776474356861084,0.3397850697075843,0.30745024516137914,0.12499994156242572
sess_42_000969,2047.91,cod,mobile_android,price_shock_breakdown,362,1,9,0.644,40.22,0,none,0,0,0.32171299457016933,0.32171299457016933,0.2633963223194074,0.23833084820766,0.17655983490276325
sess_42_000970,1842.85,cod,mobile_android,otp_timeout,501,2,11,0.478,45.55,0,sms,0,0,0.45962498828569537,0.2282430144379751,0.18686957509559202,0.45962498828569537,0.12526242218073758
sess_42_000971,435.41,card,desktop,genuine_browse_abandon,432,2,10,0.478,43.2,0,sms,0,0,0.16929052393388763,0.6211771553301298,0.05635192016168885,0.16929052393388763,0.15318040057429372
sess_42_000972,986.31,card,mobile_android,otp_timeout,236,1,5,0.43,47.2,1,sms,0,0,0.6078175404546194,0.16564960413762098,0.13562242514266395,0.6078175404546194,0.09091043026509557
sess_42_000973,2614.23,upi,mobile_android,genuine_browse_abandon,592,1,7,0.683,84.57,0,none,0,0,0.39614560278704986,0.39614560278704986,0.39614560278704986,0.11931676263392972,0.0883920317919707
sess_42_000974,5108.2,card,mobile_android,genuine_browse_abandon,600,3,9,0.829,66.67,0,sms,0,0,0.11931676263392972,0.39614560278704986,0.39614560278704986,0.11931676263392972,0.0883920317919707
sess_42_000975,528.27,cod,mobile_ios,genuine_browse_abandon,250,1,8,0.805,31.25,0,none,0,0,0.6784017024227375,0.6784017024227375,0.061543213951843805,0.18488603235859524,0.07516905126682347
sess_42_000976,3768.67,upi,mobile_android,vpa_validation_failure,146,2,6,0.554,24.33,0,whatsapp,0,0,0.579300138099923,0.11695868075619749,0.579300138099923,0.17448184855563614,0.12925933258824335
sess_42_000977,441.3,netbanking,mobile_android,price_shock_breakdown,294,2,11,0.784,26.73,0,none,0,0,0.2986858353899521,0.2986858353899521,0.13420819701225414,0.40318370559932304,0.16392226199847068
sess_42_000978,5157.14,upi,desktop,upi_app_switch_abort,476,1,7,0.904,68.0,0,whatsapp,0,0,0.766083108012708,0.049837407703541635,0.766083108012708,0.06949749160850477,0.1145819926752455
sess_42_000979,1511.72,card,mobile_android,otp_timeout,313,3,14,0.857,22.36,1,sms,1,0,0.45962498828569537,0.2282430144379751,0.18686957509559202,0.45962498828569537,0.12526242218073758
sess_42_000980,1057.81,cod,mobile_android,genuine_browse_abandon,600,1,10,0.652,60.0,0,none,0,0,0.6457304331194986,0.6457304331194986,0.10673852268549665,0.17598207275468647,0.07154897144031824
sess_42_000981,2358.79,upi,mobile_android,vpa_validation_failure,349,2,9,0.8,38.78,0,none,0,0,0.32171299457016933,0.32171299457016933,0.2633963223194074,0.23833084820766,0.17655983490276325
sess_42_000982,878.42,card,mobile_android,otp_timeout,501,2,12,0.53,41.75,1,none,1,0,0.16564960413762098,0.16564960413762098,0.13562242514266395,0.6078175404546194,0.09091043026509557
sess_42_000983,2662.29,cod,mobile_android,otp_timeout,113,2,10,0.83,11.3,1,whatsapp,1,0,0.4456809751737707,0.08998143702404678,0.4456809751737707,0.36489272043655063,0.09944486736563182
sess_42_000984,1647.51,card,mobile_android,price_shock_breakdown,226,1,7,0.535,32.29,0,none,1,0,0.32171299457016933,0.32171299457016933,0.2633963223194074,0.23833084820766,0.17655983490276325
sess_42_000985,150.0,upi,desktop,upi_app_switch_abort,317,1,6,0.613,52.83,0,email,0,0,0.2412368058973987,0.19750799176250416,0.2946473000928323,0.2666079022472649,0.2412368058973987
sess_42_000986,984.33,card,mobile_android,otp_timeout,176,1,10,0.74,17.6,1,sms,0,0,0.6078175404546194,0.16564960413762098,0.13562242514266395,0.6078175404546194,0.09091043026509557
sess_42_000987,2086.67,cod,mobile_android,otp_timeout,469,3,14,0.736,33.5,0,sms,1,0,0.45962498828569537,0.2282430144379751,0.18686957509559202,0.45962498828569537,0.12526242218073758
sess_42_000988,4023.28,netbanking,mobile_android,otp_timeout,461,2,12,0.73,38.42,1,sms,1,1,0.36489272043655063,0.08998143702404678,0.4456809751737707,0.36489272043655063,0.09944486736563182
sess_42_000989,2318.38,netbanking,mobile_android,price_shock_breakdown,182,2,11,0.836,16.55,1,none,0,0,0.32171299457016933,0.32171299457016933,0.2633963223194074,0.23833084820766,0.17655983490276325
sess_42_000990,3975.4,card,mobile_ios,upi_app_switch_abort,153,1,10,0.554,15.3,1,whatsapp,0,0,0.8204386747606477,0.049994806056778376,0.8204386747606477,0.07442851737376392,0.0551380018088101
sess_42_000991,924.75,upi,mobile_ios,price_shock_breakdown,386,2,11,0.878,35.09,0,sms,1,0,0.3631189468483686,0.26900513210002774,0.2202427743860977,0.3631189468483686,0.14763314666550595
sess_42_000992,3120.45,upi,desktop,price_shock_breakdown,253,2,8,0.45,31.62,1,email,1,0,0.24833287763768827,0.10096461356355876,0.5000810046968293,0.1506215041019237,0.24833287763768827
sess_42_000993,3159.95,upi,mobile_android,upi_app_switch_abort,304,2,9,0.511,33.78,0,whatsapp,0,0,0.8204386747606477,0.049994806056778376,0.8204386747606477,0.07442851737376392,0.0551380018088101
sess_42_000994,532.07,upi,mobile_android,vpa_validation_failure,298,2,6,0.909,49.67,1,email,1,1,0.16392226199847068,0.2986858353899521,0.13420819701225414,0.40318370559932304,0.16392226199847068
sess_42_000995,4124.24,upi,mobile_android,upi_app_switch_abort,242,2,9,0.815,26.89,1,whatsapp,1,1,0.8204386747606477,0.049994806056778376,0.8204386747606477,0.07442851737376392,0.0551380018088101
sess_42_000996,2311.22,cod,mobile_android,price_shock_breakdown,123,1,5,0.495,24.6,0,none,0,0,0.32171299457016933,0.32171299457016933,0.2633963223194074,0.23833084820766,0.17655983490276325
sess_42_000997,1463.95,upi,mobile_android,price_shock_breakdown,600,2,11,0.668,54.55,0,none,1,1,0.26900513210002774,0.26900513210002774,0.2202427743860977,0.3631189468483686,0.14763314666550595
sess_42_000998,1445.17,upi,mobile_android,vpa_validation_failure,265,3,14,0.46,18.93,0,sms,1,0,0.3631189468483686,0.26900513210002774,0.2202427743860977,0.3631189468483686,0.14763314666550595
sess_42_000999,830.05,card,desktop,price_shock_breakdown,278,2,6,0.685,46.33,1,email,0,0,0.2782243497159696,0.22779083136758763,0.1864993589098446,0.30748546000659815,0.2782243497159696
sess_42_001000,2901.86,card,desktop,genuine_browse_abandon,143,1,7,0.919,20.43,0,none,0,0,0.3574263069649042,0.3574263069649042,0.3574263069649042,0.10765473484298313,0.17749265122720856
sess_42_001001,2267.73,card,mobile_ios,otp_timeout,383,2,9,0.759,42.56,1,sms,1,0,0.45962498828569537,0.2282430144379751,0.18686957509559202,0.45962498828569537,0.12526242218073758
sess_42_001002,2799.49,card,mobile_android,price_shock_breakdown,527,1,8,0.737,65.88,1,whatsapp,0,0,0.579300138099923,0.11695868075619749,0.579300138099923,0.17448184855563614,0.12925933258824335
sess_42_001003,1918.39,netbanking,mobile_android,otp_timeout,396,1,5,0.834,79.2,1,sms,0,0,0.45962498828569537,0.2282430144379751,0.18686957509559202,0.45962498828569537,0.12526242218073758
sess_42_001004,2109.78,cod,mobile_android,price_shock_breakdown,557,2,6,0.712,92.83,1,whatsapp,0,0,0.2633963223194074,0.32171299457016933,0.2633963223194074,0.23833084820766,0.17655983490276325
sess_42_001005,1448.2,upi,mobile_android,price_shock_breakdown,226,1,8,0.753,28.25,0,whatsapp,0,0,0.2202427743860977,0.26900513210002774,0.2202427743860977,0.3631189468483686,0.14763314666550595
sess_42_001006,4054.55,cod,mobile_android,price_shock_breakdown,600,1,5,0.569,120.0,0,whatsapp,0,0,0.579300138099923,0.11695868075619749,0.579300138099923,0.17448184855563614,0.12925933258824335
sess_42_001007,2849.15,cod,mobile_android,genuine_browse_abandon,400,1,7,0.71,57.14,0,none,0,0,0.39614560278704986,0.39614560278704986,0.39614560278704986,0.11931676263392972,0.0883920317919707
sess_42_001008,2058.3,upi,mobile_android,genuine_browse_abandon,71,2,11,0.811,6.45,0,none,0,0,0.7014242657747766,0.7014242657747766,0.11594465130421318,0.10491105892118391,0.07772002399982632
sess_42_001009,1634.47,upi,mobile_android,price_shock_breakdown,272,1,8,0.69,34.0,0,whatsapp,0,0,0.2633963223194074,0.32171299457016933,0.2633963223194074,0.23833084820766,0.17655983490276325
sess_42_001010,480.12,card,mobile_android,price_shock_breakdown,363,2,12,0.651,30.25,1,whatsapp,1,0,0.13420819701225414,0.2986858353899521,0.13420819701225414,0.40318370559932304,0.16392226199847068
sess_42_001011,408.1,card,mobile_android,genuine_browse_abandon,429,1,4,0.521,107.25,1,none,0,0,0.6784017024227375,0.6784017024227375,0.061543213951843805,0.18488603235859524,0.07516905126682347
sess_42_001012,1371.66,card,mobile_android,genuine_browse_abandon,197,2,6,0.547,32.83,1,none,0,0,0.6457304331194986,0.6457304331194986,0.10673852268549665,0.17598207275468647,0.07154897144031824
sess_42_001013,4682.18,upi,mobile_ios,vpa_validation_failure,240,2,12,0.907,20.0,1,sms,0,0,0.17448184855563614,0.11695868075619749,0.579300138099923,0.17448184855563614,0.12925933258824335
sess_42_001014,1065.66,cod,mobile_android,price_shock_breakdown,265,1,10,0.505,26.5,1,none,0,0,0.26900513210002774,0.26900513210002774,0.2202427743860977,0.3631189468483686,0.14763314666550595
sess_42_001015,1097.56,cod,mobile_android,price_shock_breakdown,497,2,10,0.755,49.7,1,email,0,0,0.14763314666550595,0.26900513210002774,0.2202427743860977,0.3631189468483686,0.14763314666550595
sess_42_001016,871.96,cod,mobile_android,otp_timeout,90,2,12,0.816,7.5,0,email,0,0,0.09091043026509557,0.16564960413762098,0.13562242514266395,0.6078175404546194,0.09091043026509557
sess_42_001017,686.91,cod,mobile_android,otp_timeout,599,2,8,0.532,74.88,1,sms,1,1,0.647434897682398,0.17644659353817646,0.0792825650965213,0.647434897682398,0.09683594368290428
sess_42_001018,910.97,upi,mobile_android,vpa_validation_failure,242,2,12,0.534,20.17,0,none,0,0,0.26900513210002774,0.26900513210002774,0.2202427743860977,0.3631189468483686,0.14763314666550595
sess_42_001019,2228.25,upi,mobile_android,genuine_browse_abandon,600,2,11,0.548,54.55,0,none,0,0,0.7014242657747766,0.7014242657747766,0.11594465130421318,0.10491105892118391,0.07772002399982632
sess_42_001020,1250.28,cod,mobile_ios,price_shock_breakdown,467,2,8,0.706,58.38,1,sms,0,0,0.3631189468483686,0.26900513210002774,0.2202427743860977,0.3631189468483686,0.14763314666550595
sess_42_001021,1208.45,cod,desktop,otp_timeout,600,2,10,0.536,60.0,1,whatsapp,1,1,0.12202686834091331,0.14904395356123945,0.12202686834091331,0.5468864821310532,0.18204269596679412
sess_42_001022,1130.37,cod,mobile_android,price_shock_breakdown,327,1,5,0.559,65.4,0,sms,0,0,0.3631189468483686,0.26900513210002774,0.2202427743860977,0.3631189468483686,0.14763314666550595
sess_42_001023,2159.75,cod,mobile_android,price_shock_breakdown,468,2,9,0.613,52.0,0,sms,0,0,0.23833084820766,0.32171299457016933,0.2633963223194074,0.23833084820766,0.17655983490276325
sess_42_001024,2422.91,cod,mobile_ios,genuine_browse_abandon,304,2,9,0.456,33.78,0,none,0,0,0.7014242657747766,0.7014242657747766,0.11594465130421318,0.10491105892118391,0.07772002399982632
sess_42_001025,445.08,cod,mobile_android,price_shock_breakdown,157,1,5,0.434,31.4,0,sms,0,0,0.40318370559932304,0.2986858353899521,0.13420819701225414,0.40318370559932304,0.16392226199847068
sess_42_001026,1022.3,upi,mobile_android,price_shock_breakdown,600,2,7,0.431,85.71,0,sms,0,0,0.3631189468483686,0.26900513210002774,0.2202427743860977,0.3631189468483686,0.14763314666550595
sess_42_001027,1690.8,card,desktop,genuine_browse_abandon,124,1,6,0.866,20.67,0,none,0,0,0.6404244338089113,0.6404244338089113,0.10586144689855206,0.0957873982812367,0.15792672101129984
sess_42_001028,2512.87,upi,mobile_android,genuine_browse_abandon,354,1,8,0.891,44.25,0,none,0,0,0.39614560278704986,0.39614560278704986,0.39614560278704986,0.11931676263392972,0.0883920317919707
sess_42_001029,1989.76,cod,desktop,genuine_browse_abandon,113,1,4,0.701,28.25,0,email,0,0,0.15792672101129984,0.6404244338089113,0.10586144689855206,0.0957873982812367,0.15792672101129984
sess_42_001030,3351.43,upi,mobile_ios,genuine_browse_abandon,373,1,7,0.449,53.29,1,whatsapp,0,0,0.39614560278704986,0.39614560278704986,0.39614560278704986,0.11931676263392972,0.0883920317919707
sess_42_001031,627.1,upi,desktop,upi_app_switch_abort,548,2,8,0.696,68.5,0,none,0,0,0.19750799176250416,0.19750799176250416,0.2946473000928323,0.2666079022472649,0.2412368058973987
sess_42_001032,2468.55,upi,mobile_android,genuine_browse_abandon,248,2,11,0.883,22.55,0,none,0,0,0.7014242657747766,0.7014242657747766,0.11594465130421318,0.10491105892118391,0.07772002399982632
sess_42_001033,8420.9,upi,mobile_android,price_shock_breakdown,578,2,9,0.862,64.22,0,none,0,0,0.11695868075619749,0.11695868075619749,0.579300138099923,0.17448184855563614,0.12925933258824335
sess_42_001034,1873.93,netbanking,mobile_android,otp_timeout,314,1,8,0.727,39.25,0,sms,0,0,0.45962498828569537,0.2282430144379751,0.18686957509559202,0.45962498828569537,0.12526242218073758
sess_42_001035,1932.09,cod,mobile_ios,price_shock_breakdown,201,2,11,0.503,18.27,0,email,0,0,0.17655983490276325,0.32171299457016933,0.2633963223194074,0.23833084820766,0.17655983490276325
sess_42_001036,2668.96,netbanking,mobile_android,genuine_browse_abandon,588,1,10,0.612,58.8,0,whatsapp,0,0,0.39614560278704986,0.39614560278704986,0.39614560278704986,0.11931676263392972,0.0883920317919707
sess_42_001037,1201.11,upi,mobile_android,upi_app_switch_abort,217,1,8,0.927,27.12,0,whatsapp,1,1,0.483942482820616,0.1780324901391686,0.483942482820616,0.24031872484904457,0.0977063021911707
sess_42_001038,888.79,cod,mobile_android,genuine_browse_abandon,459,2,10,0.853,45.9,0,whatsapp,0,0,0.10673852268549665,0.6457304331194986,0.10673852268549665,0.17598207275468647,0.07154897144031824
sess_42_001039,1888.46,cod,mobile_android,genuine_browse_abandon,109,1,5,0.779,21.8,1,sms,0,0,0.10491105892118391,0.7014242657747766,0.11594465130421318,0.10491105892118391,0.07772002399982632
sess_42_001040,522.95,cod,mobile_ios,price_shock_breakdown,171,1,4,0.574,42.75,0,sms,0,0,0.40318370559932304,0.2986858353899521,0.13420819701225414,0.40318370559932304,0.16392226199847068
sess_42_001041,2433.23,upi,desktop,vpa_validation_failure,600,1,10,0.533,60.0,0,whatsapp,0,0,0.21654091644863488,0.2644836726048936,0.21654091644863488,0.19593432373852326,0.32304108720794833
sess_42_001042,2761.13,netbanking,mobile_android,price_shock_breakdown,315,2,8,0.646,39.38,0,whatsapp,0,0,0.579300138099923,0.11695868075619749,0.579300138099923,0.17448184855563614,0.12925933258824335
sess_42_001043,543.01,card,mobile_android,vpa_validation_failure,371,1,5,0.537,74.2,1,whatsapp,1,0,0.13420819701225414,0.2986858353899521,0.13420819701225414,0.40318370559932304,0.16392226199847068
sess_42_001044,2043.16,netbanking,mobile_ios,upi_app_switch_abort,600,2,9,0.604,66.67,0,email,0,0,0.10958892060978828,0.1996840325575982,0.5427974771347435,0.14792956969787008,0.10958892060978828
sess_42_001045,1537.09,cod,mobile_android,otp_timeout,586,2,10,0.845,58.6,1,sms,1,0,0.45962498828569537,0.2282430144379751,0.18686957509559202,0.45962498828569537,0.12526242218073758
sess_42_001046,5477.52,upi,mobile_android,price_shock_breakdown,219,3,9,0.522,24.33,0,none,0,0,0.11695868075619749,0.11695868075619749,0.579300138099923,0.17448184855563614,0.12925933258824335
sess_42_001047,4828.93,card,mobile_android,otp_timeout,575,1,6,0.549,95.83,1,sms,0,0,0.36489272043655063,0.08998143702404678,0.4456809751737707,0.36489272043655063,0.09944486736563182
sess_42_001048,3398.92,cod,mobile_android,otp_timeout,226,1,9,0.564,25.11,1,sms,1,1,0.36489272043655063,0.08998143702404678,0.4456809751737707,0.36489272043655063,0.09944486736563182
sess_42_001049,4482.84,upi,mobile_android,genuine_browse_abandon,599,1,4,0.873,149.75,0,none,0,0,0.39614560278704986,0.39614560278704986,0.39614560278704986,0.11931676263392972,0.0883920317919707
sess_42_001050,1374.83,upi,mobile_android,price_shock_breakdown,225,2,9,0.487,25.0,0,sms,0,0,0.3631189468483686,0.26900513210002774,0.2202427743860977,0.3631189468483686,0.14763314666550595
sess_42_001051,2197.24,upi,desktop,genuine_browse_abandon,456,1,9,0.666,50.67,0,none,0,0,0.6404244338089113,0.6404244338089113,0.10586144689855206,0.0957873982812367,0.15792672101129984
sess_42_001052,1496.16,card,desktop,price_shock_breakdown,600,2,7,0.893,85.71,1,whatsapp,0,0,0.1864993589098446,0.22779083136758763,0.1864993589098446,0.30748546000659815,0.2782243497159696
sess_42_001053,855.88,cod,mobile_ios,price_shock_breakdown,187,2,10,0.87,18.7,0,sms,0,0,0.3631189468483686,0.26900513210002774,0.2202427743860977,0.3631189468483686,0.14763314666550595
sess_42_001054,1923.69,cod,mobile_android,genuine_browse_abandon,188,1,9,0.765,20.89,1,none,0,0,0.7014242657747766,0.7014242657747766,0.11594465130421318,0.10491105892118391,0.07772002399982632
sess_42_001055,1698.61,cod,desktop,price_shock_breakdown,220,3,11,0.792,20.0,1,whatsapp,0,0,0.21654091644863488,0.2644836726048936,0.21654091644863488,0.19593432373852326,0.32304108720794833
sess_42_001056,1553.49,upi,mobile_android,otp_timeout,382,2,8,0.782,47.75,0,none,1,0,0.2282430144379751,0.2282430144379751,0.18686957509559202,0.45962498828569537,0.12526242218073758
sess_42_001057,1729.47,upi,mobile_android,upi_app_switch_abort,600,2,8,0.493,75.0,1,whatsapp,0,0,0.5427974771347435,0.1996840325575982,0.5427974771347435,0.14792956969787008,0.10958892060978828
sess_42_001058,1892.4,upi,mobile_android,upi_app_switch_abort,600,2,11,0.475,54.55,0,sms,0,0,0.14792956969787008,0.1996840325575982,0.5427974771347435,0.14792956969787008,0.10958892060978828
sess_42_001059,3518.93,upi,mobile_ios,upi_app_switch_abort,406,2,11,0.447,36.91,0,whatsapp,1,0,0.8204386747606477,0.049994806056778376,0.8204386747606477,0.07442851737376392,0.0551380018088101
sess_42_001060,1166.36,upi,mobile_ios,upi_app_switch_abort,361,1,9,0.68,40.11,0,whatsapp,0,0,0.483942482820616,0.1780324901391686,0.483942482820616,0.24031872484904457,0.0977063021911707
sess_42_001061,692.48,card,mobile_android,genuine_browse_abandon,525,2,11,0.795,47.73,1,none,0,0,0.6784017024227375,0.6784017024227375,0.061543213951843805,0.18488603235859524,0.07516905126682347
sess_42_001062,3006.41,upi,mobile_android,genuine_browse_abandon,542,1,6,0.663,90.33,1,email,0,0,0.0883920317919707,0.39614560278704986,0.39614560278704986,0.11931676263392972,0.0883920317919707
sess_42_001063,3437.28,upi,mobile_android,upi_app_switch_abort,368,1,9,0.44,40.89,0,whatsapp,1,1,0.8204386747606477,0.049994806056778376,0.8204386747606477,0.07442851737376392,0.0551380018088101
sess_42_001064,2364.84,upi,mobile_android,upi_app_switch_abort,377,2,6,0.775,62.83,1,email,0,0,0.10958892060978828,0.1996840325575982,0.5427974771347435,0.14792956969787008,0.10958892060978828
sess_42_001065,769.63,cod,mobile_android,price_shock_breakdown,240,2,6,0.622,40.0,0,email,1,1,0.16392226199847068,0.2986858353899521,0.13420819701225414,0.40318370559932304,0.16392226199847068
sess_42_001066,1638.25,upi,mobile_android,otp_timeout,600,2,9,0.838,66.67,0,email,0,0,0.12526242218073758,0.2282430144379751,0.18686957509559202,0.45962498828569537,0.12526242218073758
sess_42_001067,2239.0,upi,mobile_android,price_shock_breakdown,461,2,7,0.896,65.86,1,email,0,0,0.17655983490276325,0.32171299457016933,0.2633963223194074,0.23833084820766,0.17655983490276325
sess_42_001068,811.39,upi,mobile_ios,upi_app_switch_abort,600,1,10,0.67,60.0,1,whatsapp,0,0,0.483942482820616,0.1780324901391686,0.483942482820616,0.24031872484904457,0.0977063021911707
sess_42_001069,1019.08,upi,mobile_android,vpa_validation_failure,600,2,6,0.657,100.0,1,sms,1,0,0.3631189468483686,0.26900513210002774,0.2202427743860977,0.3631189468483686,0.14763314666550595
sess_42_001070,1619.82,cod,mobile_android,genuine_browse_abandon,443,1,5,0.619,88.6,0,none,0,0,0.7014242657747766,0.7014242657747766,0.11594465130421318,0.10491105892118391,0.07772002399982632
sess_42_001071,4390.54,card,mobile_ios,price_shock_breakdown,218,2,8,0.643,27.25,0,none,0,0,0.11695868075619749,0.11695868075619749,0.579300138099923,0.17448184855563614,0.12925933258824335
sess_42_001072,2140.67,upi,mobile_android,price_shock_breakdown,598,2,8,0.742,74.75,0,sms,0,0,0.23833084820766,0.32171299457016933,0.2633963223194074,0.23833084820766,0.17655983490276325
sess_42_001073,1176.86,cod,mobile_android,price_shock_breakdown,170,1,4,0.785,42.5,0,sms,0,0,0.3631189468483686,0.26900513210002774,0.2202427743860977,0.3631189468483686,0.14763314666550595
sess_42_001074,1554.25,cod,mobile_android,price_shock_breakdown,169,2,12,0.647,14.08,1,whatsapp,1,1,0.2633963223194074,0.32171299457016933,0.2633963223194074,0.23833084820766,0.17655983490276325
sess_42_001075,1096.96,cod,mobile_ios,price_shock_breakdown,117,3,9,0.557,13.0,1,sms,1,0,0.3631189468483686,0.26900513210002774,0.2202427743860977,0.3631189468483686,0.14763314666550595
sess_42_001076,1327.42,cod,mobile_android,price_shock_breakdown,156,2,11,0.497,14.18,1,sms,0,0,0.3631189468483686,0.26900513210002774,0.2202427743860977,0.3631189468483686,0.14763314666550595
sess_42_001077,3107.9,cod,mobile_android,genuine_browse_abandon,600,1,8,0.799,75.0,0,none,0,0,0.39614560278704986,0.39614560278704986,0.39614560278704986,0.11931676263392972,0.0883920317919707
sess_42_001078,428.38,card,mobile_android,upi_app_switch_abort,98,2,7,0.635,14.0,0,sms,0,0,0.30745024516137914,0.22776474356861084,0.3397850697075843,0.30745024516137914,0.12499994156242572
sess_42_001079,4847.45,card,mobile_android,price_shock_breakdown,578,1,8,0.788,72.25,1,whatsapp,0,0,0.579300138099923,0.11695868075619749,0.579300138099923,0.17448184855563614,0.12925933258824335
sess_42_001080,9338.37,netbanking,mobile_android,genuine_browse_abandon,600,1,4,0.596,150.0,0,sms,0,0,0.11931676263392972,0.39614560278704986,0.39614560278704986,0.11931676263392972,0.0883920317919707
sess_42_001081,2042.48,netbanking,mobile_android,price_shock_breakdown,476,2,7,0.755,68.0,0,none,0,0,0.32171299457016933,0.32171299457016933,0.2633963223194074,0.23833084820766,0.17655983490276325
sess_42_001082,969.42,upi,mobile_android,price_shock_breakdown,189,1,10,0.656,18.9,0,sms,0,0,0.3631189468483686,0.26900513210002774,0.2202427743860977,0.3631189468483686,0.14763314666550595
sess_42_001083,4326.11,card,mobile_android,upi_app_switch_abort,80,2,11,0.912,7.27,0,whatsapp,0,0,0.8204386747606477,0.049994806056778376,0.8204386747606477,0.07442851737376392,0.0551380018088101
sess_42_001084,2227.11,cod,mobile_android,price_shock_breakdown,401,2,8,0.67,50.12,0,none,0,0,0.32171299457016933,0.32171299457016933,0.2633963223194074,0.23833084820766,0.17655983490276325
sess_42_001085,1218.69,netbanking,mobile_android,otp_timeout,352,3,12,0.784,29.33,0,sms,0,0,0.6078175404546194,0.16564960413762098,0.13562242514266395,0.6078175404546194,0.09091043026509557
sess_42_001086,872.25,cod,desktop,price_shock_breakdown,544,1,5,0.705,108.8,0,sms,1,0,0.30748546000659815,0.22779083136758763,0.1864993589098446,0.30748546000659815,0.2782243497159696
sess_42_001087,1333.58,card,mobile_android,price_shock_breakdown,164,2,9,0.851,18.22,1,whatsapp,1,0,0.2202427743860977,0.26900513210002774,0.2202427743860977,0.3631189468483686,0.14763314666550595
sess_42_001088,2088.99,card,mobile_ios,price_shock_breakdown,593,2,6,0.781,98.83,0,none,0,0,0.32171299457016933,0.32171299457016933,0.2633963223194074,0.23833084820766,0.17655983490276325
sess_42_001089,3539.11,netbanking,mobile_android,upi_app_switch_abort,523,2,6,0.628,87.17,0,whatsapp,0,0,0.8204386747606477,0.049994806056778376,0.8204386747606477,0.07442851737376392,0.0551380018088101
sess_42_001090,2237.57,cod,mobile_android,price_shock_breakdown,228,1,10,0.519,22.8,1,whatsapp,0,0,0.2633963223194074,0.32171299457016933,0.2633963223194074,0.23833084820766,0.17655983490276325
sess_42_001091,2541.7,upi,mobile_android,upi_app_switch_abort,238,3,12,0.661,19.83,0,whatsapp,1,0,0.8204386747606477,0.049994806056778376,0.8204386747606477,0.07442851737376392,0.0551380018088101
sess_42_001092,1407.67,upi,mobile_android,genuine_browse_abandon,492,2,7,0.884,70.29,0,none,1,0,0.6457304331194986,0.6457304331194986,0.10673852268549665,0.17598207275468647,0.07154897144031824
sess_42_001093,3433.02,card,mobile_android,price_shock_breakdown,600,2,11,0.82,54.55,1,whatsapp,1,0,0.579300138099923,0.11695868075619749,0.579300138099923,0.17448184855563614,0.12925933258824335
sess_42_001094,1548.37,upi,mobile_ios,genuine_browse_abandon,290,1,7,0.635,41.43,1,none,0,0,0.7014242657747766,0.7014242657747766,0.11594465130421318,0.10491105892118391,0.07772002399982632
sess_42_001095,7175.98,cod,mobile_android,price_shock_breakdown,512,1,5,0.609,102.4,1,whatsapp,0,0,0.579300138099923,0.11695868075619749,0.579300138099923,0.17448184855563614,0.12925933258824335
sess_42_001096,1108.12,card,mobile_android,price_shock_breakdown,476,1,10,0.465,47.6,1,none,0,0,0.26900513210002774,0.26900513210002774,0.2202427743860977,0.3631189468483686,0.14763314666550595
sess_42_001097,2431.46,cod,mobile_android,genuine_browse_abandon,106,1,4,0.568,26.5,0,none,0,0,0.7014242657747766,0.7014242657747766,0.11594465130421318,0.10491105892118391,0.07772002399982632
sess_42_001098,9339.82,card,mobile_android,upi_app_switch_abort,576,1,9,0.76,64.0,0,whatsapp,1,1,0.8204386747606477,0.049994806056778376,0.8204386747606477,0.07442851737376392,0.0551380018088101
sess_42_001099,3949.98,netbanking,mobile_android,genuine_browse_abandon,187,1,6,0.875,31.17,1,none,0,0,0.39614560278704986,0.39614560278704986,0.39614560278704986,0.11931676263392972,0.0883920317919707
sess_42_001100,3162.32,netbanking,mobile_android,price_shock_breakdown,142,2,12,0.782,11.83,0,whatsapp,0,0,0.579300138099923,0.11695868075619749,0.579300138099923,0.17448184855563614,0.12925933258824335
sess_42_001101,2258.88,card,mobile_android,genuine_browse_abandon,276,2,10,0.457,27.6,1,none,1,0,0.7014242657747766,0.7014242657747766,0.11594465130421318,0.10491105892118391,0.07772002399982632
sess_42_001102,1881.13,card,mobile_android,upi_app_switch_abort,303,1,8,0.595,37.88,0,sms,0,0,0.14792956969787008,0.1996840325575982,0.5427974771347435,0.14792956969787008,0.10958892060978828
sess_42_001103,1587.0,upi,mobile_android,upi_app_switch_abort,273,2,12,0.837,22.75,0,sms,0,0,0.14792956969787008,0.1996840325575982,0.5427974771347435,0.14792956969787008,0.10958892060978828
sess_42_001104,1186.36,upi,mobile_android,upi_app_switch_abort,341,2,7,0.844,48.71,1,sms,1,0,0.24031872484904457,0.1780324901391686,0.483942482820616,0.24031872484904457,0.0977063021911707
sess_42_001105,571.47,upi,mobile_android,upi_app_switch_abort,600,1,6,0.471,100.0,1,none,1,0,0.22776474356861084,0.22776474356861084,0.3397850697075843,0.30745024516137914,0.12499994156242572
sess_42_001106,2923.28,upi,mobile_android,upi_app_switch_abort,123,2,8,0.564,15.38,0,whatsapp,1,0,0.8204386747606477,0.049994806056778376,0.8204386747606477,0.07442851737376392,0.0551380018088101
sess_42_001107,570.48,cod,mobile_ios,price_shock_breakdown,600,2,11,0.606,54.55,1,none,1,1,0.2986858353899521,0.2986858353899521,0.13420819701225414,0.40318370559932304,0.16392226199847068
sess_42_001108,2946.99,upi,mobile_android,upi_app_switch_abort,330,1,8,0.878,41.25,0,whatsapp,0,0,0.8204386747606477,0.049994806056778376,0.8204386747606477,0.07442851737376392,0.0551380018088101
sess_42_001109,1433.77,cod,mobile_android,otp_timeout,243,1,9,0.724,27.0,1,whatsapp,1,0,0.13562242514266395,0.16564960413762098,0.13562242514266395,0.6078175404546194,0.09091043026509557
sess_42_001110,883.06,card,mobile_android,otp_timeout,94,1,6,0.517,15.67,1,whatsapp,1,0,0.13562242514266395,0.16564960413762098,0.13562242514266395,0.6078175404546194,0.09091043026509557
sess_42_001111,5188.83,upi,mobile_android,price_shock_breakdown,282,1,10,0.729,28.2,0,sms,0,0,0.17448184855563614,0.11695868075619749,0.579300138099923,0.17448184855563614,0.12925933258824335
sess_42_001112,609.83,upi,mobile_android,upi_app_switch_abort,600,3,8,0.795,75.0,1,sms,1,0,0.30745024516137914,0.22776474356861084,0.3397850697075843,0.30745024516137914,0.12499994156242572
sess_42_001113,1097.07,card,mobile_android,price_shock_breakdown,239,2,10,0.621,23.9,0,whatsapp,0,0,0.2202427743860977,0.26900513210002774,0.2202427743860977,0.3631189468483686,0.14763314666550595
sess_42_001114,1176.75,netbanking,mobile_android,price_shock_breakdown,522,1,10,0.911,52.2,0,whatsapp,0,0,0.2202427743860977,0.26900513210002774,0.2202427743860977,0.3631189468483686,0.14763314666550595
sess_42_001115,2022.68,cod,mobile_android,otp_timeout,441,2,12,0.862,36.75,1,none,1,0,0.2282430144379751,0.2282430144379751,0.18686957509559202,0.45962498828569537,0.12526242218073758
sess_42_001116,1141.95,card,mobile_ios,otp_timeout,116,1,4,0.728,29.0,0,sms,0,0,0.6078175404546194,0.16564960413762098,0.13562242514266395,0.6078175404546194,0.09091043026509557
sess_42_001117,5411.53,cod,mobile_android,price_shock_breakdown,378,2,12,0.638,31.5,0,whatsapp,0,0,0.579300138099923,0.11695868075619749,0.579300138099923,0.17448184855563614,0.12925933258824335
sess_42_001118,646.47,card,mobile_android,price_shock_breakdown,243,1,9,0.442,27.0,0,none,1,0,0.2986858353899521,0.2986858353899521,0.13420819701225414,0.40318370559932304,0.16392226199847068
sess_42_001119,38718.14,netbanking,mobile_android,otp_timeout,360,1,4,0.452,90.0,1,sms,0,0,0.36489272043655063,0.08998143702404678,0.4456809751737707,0.36489272043655063,0.09944486736563182
sess_42_001120,817.23,cod,mobile_ios,price_shock_breakdown,421,1,10,0.843,42.1,1,whatsapp,0,0,0.2202427743860977,0.26900513210002774,0.2202427743860977,0.3631189468483686,0.14763314666550595
sess_42_001121,16595.76,netbanking,mobile_android,otp_timeout,219,2,9,0.884,24.33,0,none,0,0,0.08998143702404678,0.08998143702404678,0.4456809751737707,0.36489272043655063,0.09944486736563182
sess_42_001122,4104.26,upi,mobile_android,genuine_browse_abandon,426,1,6,0.486,71.0,0,sms,0,0,0.11931676263392972,0.39614560278704986,0.39614560278704986,0.11931676263392972,0.0883920317919707
sess_42_001123,1664.5,netbanking,mobile_android,price_shock_breakdown,207,2,8,0.477,25.88,0,sms,0,0,0.23833084820766,0.32171299457016933,0.2633963223194074,0.23833084820766,0.17655983490276325
sess_42_001124,2143.02,cod,desktop,price_shock_breakdown,577,2,6,0.768,96.17,0,email,0,0,0.32304108720794833,0.2644836726048936,0.21654091644863488,0.19593432373852326,0.32304108720794833
sess_42_001125,1360.94,upi,mobile_android,price_shock_breakdown,505,2,11,0.723,45.91,0,email,0,0,0.14763314666550595,0.26900513210002774,0.2202427743860977,0.3631189468483686,0.14763314666550595
sess_42_001126,2345.59,card,mobile_android,price_shock_breakdown,600,2,12,0.632,50.0,0,sms,0,0,0.23833084820766,0.32171299457016933,0.2633963223194074,0.23833084820766,0.17655983490276325
sess_42_001127,1040.28,upi,mobile_android,vpa_validation_failure,183,2,8,0.587,22.88,0,sms,1,0,0.3631189468483686,0.26900513210002774,0.2202427743860977,0.3631189468483686,0.14763314666550595
sess_42_001128,3077.1,card,mobile_ios,price_shock_breakdown,445,2,12,0.57,37.08,1,sms,0,0,0.17448184855563614,0.11695868075619749,0.579300138099923,0.17448184855563614,0.12925933258824335
sess_42_001129,2072.47,upi,mobile_ios,upi_app_switch_abort,444,2,12,0.548,37.0,1,whatsapp,1,0,0.5427974771347435,0.1996840325575982,0.5427974771347435,0.14792956969787008,0.10958892060978828
sess_42_001130,860.8,cod,mobile_android,otp_timeout,89,1,6,0.538,14.83,0,sms,1,1,0.6078175404546194,0.16564960413762098,0.13562242514266395,0.6078175404546194,0.09091043026509557
sess_42_001131,2490.8,upi,mobile_android,genuine_browse_abandon,215,2,12,0.614,17.92,1,sms,1,0,0.10491105892118391,0.7014242657747766,0.11594465130421318,0.10491105892118391,0.07772002399982632
sess_42_001132,2378.12,upi,mobile_android,vpa_validation_failure,284,1,9,0.692,31.56,0,whatsapp,0,0,0.2633963223194074,0.32171299457016933,0.2633963223194074,0.23833084820766,0.17655983490276325
sess_42_001133,1055.9,upi,mobile_android,vpa_validation_failure,390,2,8,0.921,48.75,0,none,0,0,0.26900513210002774,0.26900513210002774,0.2202427743860977,0.3631189468483686,0.14763314666550595
sess_42_001134,1311.89,upi,mobile_android,genuine_browse_abandon,600,1,4,0.43,150.0,1,sms,0,0,0.17598207275468647,0.6457304331194986,0.10673852268549665,0.17598207275468647,0.07154897144031824
sess_42_001135,2655.44,card,mobile_android,otp_timeout,567,3,12,0.83,47.25,1,whatsapp,1,0,0.4456809751737707,0.08998143702404678,0.4456809751737707,0.36489272043655063,0.09944486736563182
sess_42_001136,4097.18,upi,mobile_android,upi_app_switch_abort,307,1,7,0.481,43.86,1,whatsapp,1,0,0.8204386747606477,0.049994806056778376,0.8204386747606477,0.07442851737376392,0.0551380018088101
sess_42_001137,1625.08,upi,mobile_android,genuine_browse_abandon,450,1,4,0.691,112.5,0,whatsapp,0,0,0.11594465130421318,0.7014242657747766,0.11594465130421318,0.10491105892118391,0.07772002399982632
sess_42_001138,3633.64,upi,mobile_android,genuine_browse_abandon,53,2,7,0.523,7.57,0,none,0,0,0.39614560278704986,0.39614560278704986,0.39614560278704986,0.11931676263392972,0.0883920317919707
sess_42_001139,4338.55,card,mobile_android,genuine_browse_abandon,600,2,8,0.438,75.0,0,whatsapp,0,0,0.39614560278704986,0.39614560278704986,0.39614560278704986,0.11931676263392972,0.0883920317919707
sess_42_001140,4805.18,upi,desktop,otp_timeout,496,1,10,0.503,49.6,1,sms,1,1,0.32525292510196563,0.08020638384327146,0.397264819819204,0.32525292510196563,0.19727587123555898
sess_42_001141,2471.89,card,mobile_android,genuine_browse_abandon,227,3,12,0.56,18.92,0,none,0,0,0.7014242657747766,0.7014242657747766,0.11594465130421318,0.10491105892118391,0.07772002399982632
sess_42_001142,919.37,upi,mobile_android,upi_app_switch_abort,438,2,7,0.575,62.57,0,whatsapp,1,1,0.483942482820616,0.1780324901391686,0.483942482820616,0.24031872484904457,0.0977063021911707
sess_42_001143,3527.95,card,mobile_android,vpa_validation_failure,52,1,5,0.513,10.4,1,sms,1,0,0.17448184855563614,0.11695868075619749,0.579300138099923,0.17448184855563614,0.12925933258824335
sess_42_001144,1566.27,upi,mobile_android,price_shock_breakdown,344,2,12,0.598,28.67,1,whatsapp,0,0,0.2633963223194074,0.32171299457016933,0.2633963223194074,0.23833084820766,0.17655983490276325
sess_42_001145,2643.55,upi,mobile_android,upi_app_switch_abort,426,1,5,0.569,85.2,1,whatsapp,0,0,0.8204386747606477,0.049994806056778376,0.8204386747606477,0.07442851737376392,0.0551380018088101
sess_42_001146,1128.05,upi,mobile_android,upi_app_switch_abort,415,1,10,0.894,41.5,0,whatsapp,1,1,0.483942482820616,0.1780324901391686,0.483942482820616,0.24031872484904457,0.0977063021911707
sess_42_001147,1152.71,upi,mobile_android,price_shock_breakdown,205,2,12,0.831,17.08,0,email,0,0,0.14763314666550595,0.26900513210002774,0.2202427743860977,0.3631189468483686,0.14763314666550595
sess_42_001148,1068.44,card,mobile_android,otp_timeout,364,3,12,0.541,30.33,0,whatsapp,0,0,0.13562242514266395,0.16564960413762098,0.13562242514266395,0.6078175404546194,0.09091043026509557
sess_42_001149,669.32,upi,mobile_ios,upi_app_switch_abort,153,2,10,0.763,15.3,0,sms,1,0,0.30745024516137914,0.22776474356861084,0.3397850697075843,0.30745024516137914,0.12499994156242572
sess_42_001150,1164.37,cod,mobile_android,price_shock_breakdown,120,3,14,0.661,8.57,1,email,1,0,0.14763314666550595,0.26900513210002774,0.2202427743860977,0.3631189468483686,0.14763314666550595
sess_42_001151,833.2,netbanking,mobile_android,genuine_browse_abandon,175,1,7,0.659,25.0,1,email,0,0,0.07154897144031824,0.6457304331194986,0.10673852268549665,0.17598207275468647,0.07154897144031824
sess_42_001152,2764.73,cod,mobile_ios,otp_timeout,600,1,7,0.594,85.71,1,sms,0,0,0.36489272043655063,0.08998143702404678,0.4456809751737707,0.36489272043655063,0.09944486736563182
sess_42_001153,813.5,card,mobile_android,genuine_browse_abandon,552,2,11,0.772,50.18,0,none,0,0,0.6457304331194986,0.6457304331194986,0.10673852268549665,0.17598207275468647,0.07154897144031824
sess_42_001154,1094.36,card,mobile_android,vpa_validation_failure,181,2,7,0.441,25.86,1,whatsapp,1,0,0.2202427743860977,0.26900513210002774,0.2202427743860977,0.3631189468483686,0.14763314666550595
sess_42_001155,1812.36,card,mobile_android,otp_timeout,269,2,9,0.624,29.89,0,sms,1,0,0.45962498828569537,0.2282430144379751,0.18686957509559202,0.45962498828569537,0.12526242218073758
sess_42_001156,7039.69,netbanking,mobile_android,price_shock_breakdown,541,1,9,0.82,60.11,1,email,0,0,0.12925933258824335,0.11695868075619749,0.579300138099923,0.17448184855563614,0.12925933258824335
sess_42_001157,1075.91,cod,mobile_ios,upi_app_switch_abort,267,1,8,0.929,33.38,1,whatsapp,1,0,0.483942482820616,0.1780324901391686,0.483942482820616,0.24031872484904457,0.0977063021911707
sess_42_001158,641.19,netbanking,mobile_ios,price_shock_breakdown,185,2,8,0.5,23.12,0,none,0,0,0.2986858353899521,0.2986858353899521,0.13420819701225414,0.40318370559932304,0.16392226199847068
sess_42_001159,675.94,cod,mobile_ios,genuine_browse_abandon,286,2,8,0.599,35.75,0,sms,0,0,0.18488603235859524,0.6784017024227375,0.061543213951843805,0.18488603235859524,0.07516905126682347
sess_42_001160,948.16,upi,mobile_android,vpa_validation_failure,210,1,8,0.626,26.25,0,none,0,0,0.26900513210002774,0.26900513210002774,0.2202427743860977,0.3631189468483686,0.14763314666550595
sess_42_001161,1104.75,cod,mobile_android,genuine_browse_abandon,489,1,6,0.697,81.5,1,none,0,0,0.6457304331194986,0.6457304331194986,0.10673852268549665,0.17598207275468647,0.07154897144031824
sess_42_001162,10182.78,upi,mobile_android,genuine_browse_abandon,569,2,8,0.674,71.12,1,none,0,0,0.39614560278704986,0.39614560278704986,0.39614560278704986,0.11931676263392972,0.0883920317919707
sess_42_001163,3733.34,card,mobile_android,price_shock_breakdown,238,2,7,0.843,34.0,0,none,1,1,0.11695868075619749,0.11695868075619749,0.579300138099923,0.17448184855563614,0.12925933258824335
sess_42_001164,1427.58,netbanking,desktop,price_shock_breakdown,600,2,6,0.744,100.0,0,sms,1,0,0.30748546000659815,0.22779083136758763,0.1864993589098446,0.30748546000659815,0.2782243497159696
sess_42_001165,7256.41,upi,mobile_android,vpa_validation_failure,449,2,10,0.848,44.9,1,whatsapp,0,0,0.579300138099923,0.11695868075619749,0.579300138099923,0.17448184855563614,0.12925933258824335
sess_42_001166,1142.03,upi,mobile_android,price_shock_breakdown,415,2,8,0.79,51.88,0,whatsapp,0,0,0.2202427743860977,0.26900513210002774,0.2202427743860977,0.3631189468483686,0.14763314666550595
sess_42_001167,1328.17,card,mobile_android,price_shock_breakdown,600,2,10,0.913,60.0,0,whatsapp,0,0,0.2202427743860977,0.26900513210002774,0.2202427743860977,0.3631189468483686,0.14763314666550595
sess_42_001168,1269.75,upi,mobile_ios,upi_app_switch_abort,600,1,10,0.809,60.0,0,whatsapp,1,0,0.483942482820616,0.1780324901391686,0.483942482820616,0.24031872484904457,0.0977063021911707
sess_42_001169,3905.48,card,mobile_android,price_shock_breakdown,224,1,5,0.47,44.8,1,email,0,0,0.12925933258824335,0.11695868075619749,0.579300138099923,0.17448184855563614,0.12925933258824335
sess_42_001170,1715.6,upi,mobile_android,price_shock_breakdown,138,1,9,0.781,15.33,0,whatsapp,0,0,0.2633963223194074,0.32171299457016933,0.2633963223194074,0.23833084820766,0.17655983490276325
sess_42_001171,5599.85,upi,mobile_android,price_shock_breakdown,470,2,11,0.46,42.73,1,sms,1,0,0.17448184855563614,0.11695868075619749,0.579300138099923,0.17448184855563614,0.12925933258824335
sess_42_001172,2503.64,upi,mobile_android,upi_app_switch_abort,436,2,7,0.516,62.29,1,whatsapp,1,0,0.8204386747606477,0.049994806056778376,0.8204386747606477,0.07442851737376392,0.0551380018088101
sess_42_001173,3575.04,upi,mobile_android,vpa_validation_failure,491,1,5,0.888,98.2,1,none,1,0,0.11695868075619749,0.11695868075619749,0.579300138099923,0.17448184855563614,0.12925933258824335
sess_42_001174,463.08,card,mobile_android,genuine_browse_abandon,254,1,6,0.902,42.33,1,sms,0,0,0.18488603235859524,0.6784017024227375,0.061543213951843805,0.18488603235859524,0.07516905126682347
sess_42_001175,505.55,cod,mobile_android,price_shock_breakdown,392,1,8,0.486,49.0,0,whatsapp,1,1,0.13420819701225414,0.2986858353899521,0.13420819701225414,0.40318370559932304,0.16392226199847068
sess_42_001176,518.18,cod,mobile_android,upi_app_switch_abort,341,2,10,0.639,34.1,1,sms,0,0,0.30745024516137914,0.22776474356861084,0.3397850697075843,0.30745024516137914,0.12499994156242572
sess_42_001177,1311.49,cod,mobile_android,genuine_browse_abandon,561,2,6,0.918,93.5,1,none,0,0,0.6457304331194986,0.6457304331194986,0.10673852268549665,0.17598207275468647,0.07154897144031824
sess_42_001178,570.13,card,mobile_android,otp_timeout,452,1,4,0.453,113.0,1,none,0,0,0.17644659353817646,0.17644659353817646,0.0792825650965213,0.647434897682398,0.09683594368290428
sess_42_001179,4583.6,upi,desktop,price_shock_breakdown,465,2,12,0.904,38.75,1,email,0,0,0.24833287763768827,0.10096461356355876,0.5000810046968293,0.1506215041019237,0.24833287763768827
sess_42_001180,1557.14,cod,mobile_android,price_shock_breakdown,320,1,5,0.911,64.0,0,none,0,0,0.32171299457016933,0.32171299457016933,0.2633963223194074,0.23833084820766,0.17655983490276325
sess_42_001181,2868.39,netbanking,mobile_android,genuine_browse_abandon,492,1,4,0.857,123.0,1,whatsapp,0,0,0.39614560278704986,0.39614560278704986,0.39614560278704986,0.11931676263392972,0.0883920317919707
sess_42_001182,1249.87,card,mobile_android,genuine_browse_abandon,172,1,5,0.829,34.4,1,email,0,0,0.07154897144031824,0.6457304331194986,0.10673852268549665,0.17598207275468647,0.07154897144031824
sess_42_001183,3356.32,card,mobile_android,price_shock_breakdown,150,1,4,0.702,37.5,0,sms,0,0,0.17448184855563614,0.11695868075619749,0.579300138099923,0.17448184855563614,0.12925933258824335
sess_42_001184,414.13,cod,mobile_ios,genuine_browse_abandon,318,1,7,0.884,45.43,0,none,0,0,0.6784017024227375,0.6784017024227375,0.061543213951843805,0.18488603235859524,0.07516905126682347
sess_42_001185,1742.95,cod,mobile_android,otp_timeout,405,1,4,0.466,101.25,1,whatsapp,0,0,0.18686957509559202,0.2282430144379751,0.18686957509559202,0.45962498828569537,0.12526242218073758
sess_42_001186,2632.11,upi,mobile_android,upi_app_switch_abort,429,1,4,0.473,107.25,0,whatsapp,0,0,0.8204386747606477,0.049994806056778376,0.8204386747606477,0.07442851737376392,0.0551380018088101
sess_42_001187,2803.86,cod,desktop,upi_app_switch_abort,151,1,7,0.774,21.57,1,whatsapp,1,1,0.766083108012708,0.049837407703541635,0.766083108012708,0.06949749160850477,0.1145819926752455
sess_42_001188,1424.73,netbanking,mobile_android,price_shock_breakdown,357,1,8,0.436,44.62,1,none,0,0,0.26900513210002774,0.26900513210002774,0.2202427743860977,0.3631189468483686,0.14763314666550595
sess_42_001189,501.07,netbanking,mobile_ios,price_shock_breakdown,81,1,7,0.748,11.57,1,sms,1,0,0.40318370559932304,0.2986858353899521,0.13420819701225414,0.40318370559932304,0.16392226199847068
sess_42_001190,3860.19,upi,mobile_ios,upi_app_switch_abort,188,2,7,0.737,26.86,1,whatsapp,0,0,0.8204386747606477,0.049994806056778376,0.8204386747606477,0.07442851737376392,0.0551380018088101
sess_42_001191,1347.22,netbanking,mobile_android,genuine_browse_abandon,281,1,5,0.726,56.2,1,none,0,0,0.6457304331194986,0.6457304331194986,0.10673852268549665,0.17598207275468647,0.07154897144031824
sess_42_001192,1437.93,netbanking,mobile_android,otp_timeout,327,2,9,0.522,36.33,1,sms,0,0,0.6078175404546194,0.16564960413762098,0.13562242514266395,0.6078175404546194,0.09091043026509557
sess_42_001193,9551.05,card,desktop,otp_timeout,165,1,9,0.894,18.33,1,whatsapp,0,0,0.397264819819204,0.08020638384327146,0.397264819819204,0.32525292510196563,0.19727587123555898
sess_42_001194,1943.9,cod,mobile_android,price_shock_breakdown,600,2,9,0.803,66.67,1,sms,0,0,0.23833084820766,0.32171299457016933,0.2633963223194074,0.23833084820766,0.17655983490276325
sess_42_001195,1225.15,cod,mobile_android,price_shock_breakdown,216,1,4,0.557,54.0,1,sms,0,0,0.3631189468483686,0.26900513210002774,0.2202427743860977,0.3631189468483686,0.14763314666550595
sess_42_001196,1171.32,cod,mobile_android,otp_timeout,348,1,6,0.723,58.0,0,email,1,1,0.09091043026509557,0.16564960413762098,0.13562242514266395,0.6078175404546194,0.09091043026509557
sess_42_001197,2933.28,card,mobile_ios,price_shock_breakdown,600,1,10,0.639,60.0,0,whatsapp,0,0,0.579300138099923,0.11695868075619749,0.579300138099923,0.17448184855563614,0.12925933258824335
sess_42_001198,976.86,upi,mobile_android,upi_app_switch_abort,600,1,10,0.821,60.0,0,sms,0,0,0.24031872484904457,0.1780324901391686,0.483942482820616,0.24031872484904457,0.0977063021911707
sess_42_001199,2653.88,card,mobile_android,otp_timeout,600,1,7,0.675,85.71,1,whatsapp,0,0,0.4456809751737707,0.08998143702404678,0.4456809751737707,0.36489272043655063,0.09944486736563182
sess_42_001200,4129.89,upi,mobile_android,genuine_browse_abandon,473,1,10,0.585,47.3,0,none,1,1,0.39614560278704986,0.39614560278704986,0.39614560278704986,0.11931676263392972,0.0883920317919707
sess_42_001201,1692.19,card,mobile_android,price_shock_breakdown,240,1,7,0.836,34.29,0,none,0,0,0.32171299457016933,0.32171299457016933,0.2633963223194074,0.23833084820766,0.17655983490276325
sess_42_001202,3792.84,cod,mobile_ios,price_shock_breakdown,459,1,9,0.635,51.0,1,sms,1,0,0.17448184855563614,0.11695868075619749,0.579300138099923,0.17448184855563614,0.12925933258824335
sess_42_001203,1717.06,upi,mobile_android,upi_app_switch_abort,174,1,9,0.934,19.33,0,whatsapp,1,0,0.5427974771347435,0.1996840325575982,0.5427974771347435,0.14792956969787008,0.10958892060978828
sess_42_001204,1079.67,cod,mobile_ios,upi_app_switch_abort,600,2,9,0.632,66.67,0,whatsapp,1,0,0.483942482820616,0.1780324901391686,0.483942482820616,0.24031872484904457,0.0977063021911707
sess_42_001205,518.83,card,mobile_android,otp_timeout,313,1,9,0.721,34.78,1,email,1,0,0.09683594368290428,0.17644659353817646,0.0792825650965213,0.647434897682398,0.09683594368290428
sess_42_001206,2222.38,upi,mobile_android,genuine_browse_abandon,139,1,10,0.64,13.9,1,none,0,0,0.7014242657747766,0.7014242657747766,0.11594465130421318,0.10491105892118391,0.07772002399982632
sess_42_001207,2257.61,cod,mobile_ios,genuine_browse_abandon,196,2,11,0.711,17.82,1,none,0,0,0.7014242657747766,0.7014242657747766,0.11594465130421318,0.10491105892118391,0.07772002399982632
sess_42_001208,3774.37,card,mobile_android,otp_timeout,141,1,7,0.924,20.14,0,whatsapp,0,0,0.4456809751737707,0.08998143702404678,0.4456809751737707,0.36489272043655063,0.09944486736563182
sess_42_001209,3511.22,cod,mobile_android,genuine_browse_abandon,328,1,6,0.48,54.67,0,whatsapp,0,0,0.39614560278704986,0.39614560278704986,0.39614560278704986,0.11931676263392972,0.0883920317919707
sess_42_001210,8523.0,card,mobile_android,genuine_browse_abandon,295,2,7,0.835,42.14,0,email,0,0,0.0883920317919707,0.39614560278704986,0.39614560278704986,0.11931676263392972,0.0883920317919707
sess_42_001211,1169.38,upi,mobile_android,upi_app_switch_abort,502,1,9,0.88,55.78,1,sms,1,1,0.24031872484904457,0.1780324901391686,0.483942482820616,0.24031872484904457,0.0977063021911707
sess_42_001212,2361.21,upi,mobile_ios,upi_app_switch_abort,518,1,8,0.767,64.75,0,none,1,0,0.1996840325575982,0.1996840325575982,0.5427974771347435,0.14792956969787008,0.10958892060978828
sess_42_001213,1079.54,upi,mobile_android,upi_app_switch_abort,197,2,6,0.67,32.83,0,sms,1,1,0.24031872484904457,0.1780324901391686,0.483942482820616,0.24031872484904457,0.0977063021911707
sess_42_001214,3632.04,upi,mobile_android,price_shock_breakdown,127,1,8,0.703,15.88,0,email,0,0,0.12925933258824335,0.11695868075619749,0.579300138099923,0.17448184855563614,0.12925933258824335
sess_42_001215,902.19,upi,mobile_android,upi_app_switch_abort,538,2,10,0.783,53.8,0,none,1,0,0.1780324901391686,0.1780324901391686,0.483942482820616,0.24031872484904457,0.0977063021911707
sess_42_001216,3587.75,cod,desktop,price_shock_breakdown,112,1,8,0.908,14.0,0,email,1,1,0.24833287763768827,0.10096461356355876,0.5000810046968293,0.1506215041019237,0.24833287763768827
sess_42_001217,1040.65,netbanking,mobile_ios,price_shock_breakdown,581,2,8,0.605,72.62,0,email,0,0,0.14763314666550595,0.26900513210002774,0.2202427743860977,0.3631189468483686,0.14763314666550595
sess_42_001218,3212.76,card,mobile_android,price_shock_breakdown,366,1,9,0.894,40.67,0,sms,0,0,0.17448184855563614,0.11695868075619749,0.579300138099923,0.17448184855563614,0.12925933258824335
sess_42_001219,4468.68,netbanking,mobile_ios,otp_timeout,155,1,4,0.556,38.75,0,whatsapp,0,0,0.4456809751737707,0.08998143702404678,0.4456809751737707,0.36489272043655063,0.09944486736563182
sess_42_001220,563.65,card,mobile_android,otp_timeout,521,1,5,0.644,104.2,0,sms,0,0,0.647434897682398,0.17644659353817646,0.0792825650965213,0.647434897682398,0.09683594368290428
sess_42_001221,658.26,cod,desktop,price_shock_breakdown,372,1,9,0.656,41.33,0,none,1,0,0.24871968248815027,0.24871968248815027,0.11175695728796482,0.3357364540241366,0.3037869061997484
sess_42_001222,2156.37,upi,mobile_android,genuine_browse_abandon,600,2,11,0.531,54.55,0,none,0,0,0.7014242657747766,0.7014242657747766,0.11594465130421318,0.10491105892118391,0.07772002399982632
sess_42_001223,1990.9,card,mobile_android,vpa_validation_failure,120,1,10,0.535,12.0,0,email,1,0,0.17655983490276325,0.32171299457016933,0.2633963223194074,0.23833084820766,0.17655983490276325
sess_42_001224,1452.26,upi,mobile_ios,price_shock_breakdown,362,1,10,0.871,36.2,0,sms,0,0,0.3631189468483686,0.26900513210002774,0.2202427743860977,0.3631189468483686,0.14763314666550595
sess_42_001225,1264.97,upi,desktop,vpa_validation_failure,371,2,6,0.919,61.83,0,sms,1,0,0.30748546000659815,0.22779083136758763,0.1864993589098446,0.30748546000659815,0.2782243497159696
sess_42_001226,952.03,upi,mobile_android,price_shock_breakdown,353,2,7,0.901,50.43,1,none,0,0,0.26900513210002774,0.26900513210002774,0.2202427743860977,0.3631189468483686,0.14763314666550595
sess_42_001227,2317.63,card,mobile_android,price_shock_breakdown,46,1,5,0.526,9.2,0,whatsapp,0,0,0.2633963223194074,0.32171299457016933,0.2633963223194074,0.23833084820766,0.17655983490276325
sess_42_001228,877.15,upi,mobile_ios,upi_app_switch_abort,149,1,7,0.572,21.29,0,whatsapp,0,0,0.483942482820616,0.1780324901391686,0.483942482820616,0.24031872484904457,0.0977063021911707
sess_42_001229,2379.33,cod,mobile_android,vpa_validation_failure,451,1,4,0.479,112.75,1,email,1,1,0.17655983490276325,0.32171299457016933,0.2633963223194074,0.23833084820766,0.17655983490276325
sess_42_001230,1175.23,upi,mobile_ios,price_shock_breakdown,594,2,12,0.796,49.5,0,sms,0,0,0.3631189468483686,0.26900513210002774,0.2202427743860977,0.3631189468483686,0.14763314666550595
sess_42_001231,1316.83,upi,mobile_ios,genuine_browse_abandon,305,3,14,0.458,21.79,0,none,0,0,0.6457304331194986,0.6457304331194986,0.10673852268549665,0.17598207275468647,0.07154897144031824
sess_42_001232,4500.01,upi,mobile_android,price_shock_breakdown,445,1,9,0.776,49.44,0,whatsapp,1,0,0.579300138099923,0.11695868075619749,0.579300138099923,0.17448184855563614,0.12925933258824335
sess_42_001233,3699.17,cod,mobile_android,price_shock_breakdown,600,1,4,0.548,150.0,0,none,0,0,0.11695868075619749,0.11695868075619749,0.579300138099923,0.17448184855563614,0.12925933258824335
sess_42_001234,856.05,netbanking,mobile_android,otp_timeout,101,3,11,0.804,9.18,1,sms,1,1,0.6078175404546194,0.16564960413762098,0.13562242514266395,0.6078175404546194,0.09091043026509557
sess_42_001235,939.46,card,desktop,genuine_browse_abandon,205,2,10,0.532,20.5,0,none,0,0,0.5936734669792981,0.5936734669792981,0.09813356405833273,0.16179489443258677,0.14639807452978248
sess_42_001236,3240.15,cod,mobile_ios,price_shock_breakdown,341,2,8,0.899,42.62,0,sms,0,0,0.17448184855563614,0.11695868075619749,0.579300138099923,0.17448184855563614,0.12925933258824335
sess_42_001237,616.84,netbanking,mobile_android,price_shock_breakdown,245,2,6,0.48,40.83,0,none,0,0,0.2986858353899521,0.2986858353899521,0.13420819701225414,0.40318370559932304,0.16392226199847068
sess_42_001238,5380.29,card,mobile_ios,upi_app_switch_abort,304,2,8,0.45,38.0,0,email,0,0,0.0551380018088101,0.049994806056778376,0.8204386747606477,0.07442851737376392,0.0551380018088101
sess_42_001239,2000.92,card,mobile_ios,price_shock_breakdown,160,1,8,0.49,20.0,0,none,0,0,0.32171299457016933,0.32171299457016933,0.2633963223194074,0.23833084820766,0.17655983490276325
sess_42_001240,1171.85,netbanking,desktop,price_shock_breakdown,220,2,8,0.554,27.5,1,email,1,0,0.2782243497159696,0.22779083136758763,0.1864993589098446,0.30748546000659815,0.2782243497159696
sess_42_001241,1822.33,upi,mobile_android,vpa_validation_failure,127,1,10,0.78,12.7,1,whatsapp,1,0,0.2633963223194074,0.32171299457016933,0.2633963223194074,0.23833084820766,0.17655983490276325
sess_42_001242,5018.13,cod,mobile_ios,upi_app_switch_abort,189,1,9,0.656,21.0,0,email,0,0,0.0551380018088101,0.049994806056778376,0.8204386747606477,0.07442851737376392,0.0551380018088101
sess_42_001243,365.64,cod,mobile_android,price_shock_breakdown,481,2,7,0.658,68.71,1,sms,0,0,0.40318370559932304,0.2986858353899521,0.13420819701225414,0.40318370559932304,0.16392226199847068
sess_42_001244,3903.89,cod,mobile_android,otp_timeout,389,1,10,0.736,38.9,0,whatsapp,0,0,0.4456809751737707,0.08998143702404678,0.4456809751737707,0.36489272043655063,0.09944486736563182
sess_42_001245,4428.92,upi,mobile_android,price_shock_breakdown,600,1,8,0.77,75.0,0,email,0,0,0.12925933258824335,0.11695868075619749,0.579300138099923,0.17448184855563614,0.12925933258824335
sess_42_001246,1421.29,cod,mobile_android,otp_timeout,600,1,6,0.783,100.0,1,sms,0,0,0.6078175404546194,0.16564960413762098,0.13562242514266395,0.6078175404546194,0.09091043026509557
sess_42_001247,1713.53,cod,mobile_android,upi_app_switch_abort,532,2,10,0.651,53.2,0,none,1,0,0.1996840325575982,0.1996840325575982,0.5427974771347435,0.14792956969787008,0.10958892060978828
sess_42_001248,2002.87,upi,mobile_android,price_shock_breakdown,600,2,12,0.511,50.0,1,none,0,0,0.32171299457016933,0.32171299457016933,0.2633963223194074,0.23833084820766,0.17655983490276325
sess_42_001249,3134.26,upi,mobile_android,price_shock_breakdown,443,1,6,0.471,73.83,1,whatsapp,0,0,0.579300138099923,0.11695868075619749,0.579300138099923,0.17448184855563614,0.12925933258824335
sess_42_001250,1045.97,cod,mobile_android,genuine_browse_abandon,600,2,7,0.557,85.71,1,sms,0,0,0.17598207275468647,0.6457304331194986,0.10673852268549665,0.17598207275468647,0.07154897144031824
sess_42_001251,1788.47,card,desktop,price_shock_breakdown,414,2,12,0.534,34.5,0,none,0,0,0.2644836726048936,0.2644836726048936,0.21654091644863488,0.19593432373852326,0.32304108720794833
sess_42_001252,1677.55,upi,mobile_android,upi_app_switch_abort,600,1,8,0.625,75.0,0,whatsapp,1,1,0.5427974771347435,0.1996840325575982,0.5427974771347435,0.14792956969787008,0.10958892060978828
sess_42_001253,3008.31,upi,mobile_android,upi_app_switch_abort,167,1,8,0.928,20.88,0,whatsapp,0,0,0.8204386747606477,0.049994806056778376,0.8204386747606477,0.07442851737376392,0.0551380018088101
sess_42_001254,13447.73,upi,mobile_ios,price_shock_breakdown,600,3,14,0.607,42.86,1,whatsapp,0,0,0.579300138099923,0.11695868075619749,0.579300138099923,0.17448184855563614,0.12925933258824335
sess_42_001255,1042.73,card,mobile_ios,otp_timeout,595,2,7,0.9,85.0,1,sms,0,0,0.6078175404546194,0.16564960413762098,0.13562242514266395,0.6078175404546194,0.09091043026509557
sess_42_001256,1918.17,cod,mobile_android,price_shock_breakdown,88,2,11,0.767,8.0,0,sms,0,0,0.23833084820766,0.32171299457016933,0.2633963223194074,0.23833084820766,0.17655983490276325
sess_42_001257,1021.88,upi,mobile_ios,genuine_browse_abandon,600,1,4,0.441,150.0,0,none,0,0,0.6457304331194986,0.6457304331194986,0.10673852268549665,0.17598207275468647,0.07154897144031824
sess_42_001258,1253.1,cod,mobile_ios,price_shock_breakdown,307,2,7,0.805,43.86,0,whatsapp,0,0,0.2202427743860977,0.26900513210002774,0.2202427743860977,0.3631189468483686,0.14763314666550595
sess_42_001259,806.76,card,mobile_ios,otp_timeout,129,1,9,0.794,14.33,0,sms,1,1,0.6078175404546194,0.16564960413762098,0.13562242514266395,0.6078175404546194,0.09091043026509557
sess_42_001260,573.72,cod,mobile_android,price_shock_breakdown,493,1,6,0.776,82.17,0,sms,1,1,0.40318370559932304,0.2986858353899521,0.13420819701225414,0.40318370559932304,0.16392226199847068
sess_42_001261,4390.24,netbanking,mobile_ios,price_shock_breakdown,385,1,4,0.485,96.25,0,sms,0,0,0.17448184855563614,0.11695868075619749,0.579300138099923,0.17448184855563614,0.12925933258824335
sess_42_001262,2361.51,cod,mobile_ios,price_shock_breakdown,579,1,6,0.434,96.5,0,whatsapp,0,0,0.2633963223194074,0.32171299457016933,0.2633963223194074,0.23833084820766,0.17655983490276325
sess_42_001263,1938.48,upi,mobile_android,genuine_browse_abandon,447,1,10,0.853,44.7,0,none,0,0,0.7014242657747766,0.7014242657747766,0.11594465130421318,0.10491105892118391,0.07772002399982632
sess_42_001264,938.74,upi,mobile_android,upi_app_switch_abort,498,2,9,0.809,55.33,1,email,0,0,0.0977063021911707,0.1780324901391686,0.483942482820616,0.24031872484904457,0.0977063021911707
sess_42_001265,1709.19,upi,mobile_android,upi_app_switch_abort,600,1,4,0.707,150.0,1,whatsapp,1,0,0.5427974771347435,0.1996840325575982,0.5427974771347435,0.14792956969787008,0.10958892060978828
sess_42_001266,759.55,card,mobile_android,otp_timeout,528,2,10,0.821,52.8,1,sms,1,0,0.647434897682398,0.17644659353817646,0.0792825650965213,0.647434897682398,0.09683594368290428
sess_42_001267,1771.46,upi,mobile_android,upi_app_switch_abort,437,1,10,0.729,43.7,0,none,1,0,0.1996840325575982,0.1996840325575982,0.5427974771347435,0.14792956969787008,0.10958892060978828
sess_42_001268,2322.26,upi,mobile_android,upi_app_switch_abort,278,2,10,0.736,27.8,0,whatsapp,1,0,0.5427974771347435,0.1996840325575982,0.5427974771347435,0.14792956969787008,0.10958892060978828
sess_42_001269,1203.66,card,mobile_android,price_shock_breakdown,281,1,5,0.901,56.2,1,sms,0,0,0.3631189468483686,0.26900513210002774,0.2202427743860977,0.3631189468483686,0.14763314666550595
sess_42_001270,1024.94,upi,desktop,upi_app_switch_abort,186,2,8,0.505,23.25,1,sms,0,0,0.2146195237037115,0.1589940536737414,0.4321906469343732,0.2146195237037115,0.19419577568817373
sess_42_001271,1249.84,upi,mobile_android,price_shock_breakdown,329,1,9,0.585,36.56,0,email,0,0,0.14763314666550595,0.26900513210002774,0.2202427743860977,0.3631189468483686,0.14763314666550595
sess_42_001272,3331.29,upi,mobile_android,upi_app_switch_abort,89,2,7,0.484,12.71,0,sms,0,0,0.07442851737376392,0.049994806056778376,0.8204386747606477,0.07442851737376392,0.0551380018088101
sess_42_001273,2103.21,card,mobile_ios,genuine_browse_abandon,335,2,12,0.564,27.92,0,whatsapp,0,0,0.11594465130421318,0.7014242657747766,0.11594465130421318,0.10491105892118391,0.07772002399982632
sess_42_001274,541.75,card,mobile_android,vpa_validation_failure,81,2,7,0.85,11.57,1,none,0,0,0.2986858353899521,0.2986858353899521,0.13420819701225414,0.40318370559932304,0.16392226199847068
sess_42_001275,3110.68,upi,mobile_android,upi_app_switch_abort,600,2,7,0.787,85.71,0,whatsapp,0,0,0.8204386747606477,0.049994806056778376,0.8204386747606477,0.07442851737376392,0.0551380018088101
sess_42_001276,2717.43,cod,mobile_ios,otp_timeout,216,1,10,0.725,21.6,1,sms,0,0,0.36489272043655063,0.08998143702404678,0.4456809751737707,0.36489272043655063,0.09944486736563182
sess_42_001277,2080.42,card,mobile_android,price_shock_breakdown,555,2,11,0.55,50.45,0,none,1,0,0.32171299457016933,0.32171299457016933,0.2633963223194074,0.23833084820766,0.17655983490276325
sess_42_001278,6211.84,card,mobile_android,price_shock_breakdown,180,3,10,0.68,18.0,0,whatsapp,1,0,0.579300138099923,0.11695868075619749,0.579300138099923,0.17448184855563614,0.12925933258824335
sess_42_001279,1840.65,cod,mobile_android,otp_timeout,573,2,11,0.723,52.09,0,sms,0,0,0.45962498828569537,0.2282430144379751,0.18686957509559202,0.45962498828569537,0.12526242218073758
sess_42_001280,2497.53,upi,mobile_android,otp_timeout,92,2,6,0.488,15.33,0,sms,0,0,0.45962498828569537,0.2282430144379751,0.18686957509559202,0.45962498828569537,0.12526242218073758
sess_42_001281,2571.03,cod,mobile_ios,vpa_validation_failure,58,1,9,0.473,6.44,1,whatsapp,0,0,0.579300138099923,0.11695868075619749,0.579300138099923,0.17448184855563614,0.12925933258824335
sess_42_001282,3491.41,cod,mobile_android,price_shock_breakdown,284,1,10,0.531,28.4,0,whatsapp,0,0,0.579300138099923,0.11695868075619749,0.579300138099923,0.17448184855563614,0.12925933258824335
sess_42_001283,1529.74,cod,mobile_android,upi_app_switch_abort,269,1,6,0.82,44.83,0,whatsapp,0,0,0.5427974771347435,0.1996840325575982,0.5427974771347435,0.14792956969787008,0.10958892060978828
sess_42_001284,1114.73,card,mobile_android,price_shock_breakdown,594,2,7,0.712,84.86,0,sms,1,0,0.3631189468483686,0.26900513210002774,0.2202427743860977,0.3631189468483686,0.14763314666550595
sess_42_001285,3751.1,cod,mobile_android,otp_timeout,559,1,9,0.761,62.11,0,sms,0,0,0.36489272043655063,0.08998143702404678,0.4456809751737707,0.36489272043655063,0.09944486736563182
sess_42_001286,3608.35,card,mobile_android,price_shock_breakdown,375,1,8,0.485,46.88,0,whatsapp,0,0,0.579300138099923,0.11695868075619749,0.579300138099923,0.17448184855563614,0.12925933258824335
sess_42_001287,4703.8,cod,mobile_android,genuine_browse_abandon,160,2,12,0.605,13.33,0,none,0,0,0.39614560278704986,0.39614560278704986,0.39614560278704986,0.11931676263392972,0.0883920317919707
sess_42_001288,2469.27,upi,mobile_ios,price_shock_breakdown,600,1,4,0.535,150.0,1,whatsapp,0,0,0.2633963223194074,0.32171299457016933,0.2633963223194074,0.23833084820766,0.17655983490276325
sess_42_001289,525.02,cod,mobile_android,price_shock_breakdown,307,2,6,0.817,51.17,0,sms,0,0,0.40318370559932304,0.2986858353899521,0.13420819701225414,0.40318370559932304,0.16392226199847068
sess_42_001290,2044.81,cod,mobile_android,genuine_browse_abandon,500,1,4,0.487,125.0,1,none,1,0,0.7014242657747766,0.7014242657747766,0.11594465130421318,0.10491105892118391,0.07772002399982632
sess_42_001291,1854.31,upi,mobile_android,genuine_browse_abandon,600,1,9,0.57,66.67,0,whatsapp,0,0,0.11594465130421318,0.7014242657747766,0.11594465130421318,0.10491105892118391,0.07772002399982632
sess_42_001292,4546.38,upi,mobile_android,vpa_validation_failure,206,2,6,0.772,34.33,0,whatsapp,1,1,0.579300138099923,0.11695868075619749,0.579300138099923,0.17448184855563614,0.12925933258824335
sess_42_001293,3999.1,card,mobile_android,price_shock_breakdown,408,1,4,0.743,102.0,1,whatsapp,0,0,0.579300138099923,0.11695868075619749,0.579300138099923,0.17448184855563614,0.12925933258824335
sess_42_001294,2862.95,upi,desktop,upi_app_switch_abort,534,2,7,0.865,76.29,0,whatsapp,0,0,0.766083108012708,0.049837407703541635,0.766083108012708,0.06949749160850477,0.1145819926752455
sess_42_001295,381.94,cod,mobile_android,genuine_browse_abandon,374,2,7,0.851,53.43,1,none,0,0,0.6784017024227375,0.6784017024227375,0.061543213951843805,0.18488603235859524,0.07516905126682347
sess_42_001296,973.98,upi,mobile_ios,price_shock_breakdown,456,2,10,0.86,45.6,1,none,0,0,0.26900513210002774,0.26900513210002774,0.2202427743860977,0.3631189468483686,0.14763314666550595
sess_42_001297,1375.8,netbanking,mobile_android,otp_timeout,411,2,8,0.809,51.38,1,email,1,0,0.09091043026509557,0.16564960413762098,0.13562242514266395,0.6078175404546194,0.09091043026509557
sess_42_001298,1399.64,cod,mobile_ios,otp_timeout,531,2,7,0.503,75.86,1,email,0,0,0.09091043026509557,0.16564960413762098,0.13562242514266395,0.6078175404546194,0.09091043026509557
sess_42_001299,2049.1,cod,mobile_android,genuine_browse_abandon,85,1,10,0.712,8.5,0,none,0,0,0.7014242657747766,0.7014242657747766,0.11594465130421318,0.10491105892118391,0.07772002399982632
sess_42_001300,5487.09,upi,mobile_ios,otp_timeout,370,1,8,0.49,46.25,1,whatsapp,1,0,0.4456809751737707,0.08998143702404678,0.4456809751737707,0.36489272043655063,0.09944486736563182
sess_42_001301,3243.61,card,desktop,price_shock_breakdown,600,2,11,0.693,54.55,0,whatsapp,0,0,0.5000810046968293,0.10096461356355876,0.5000810046968293,0.1506215041019237,0.24833287763768827
sess_42_001302,907.55,card,desktop,price_shock_breakdown,318,2,10,0.832,31.8,1,whatsapp,1,0,0.1864993589098446,0.22779083136758763,0.1864993589098446,0.30748546000659815,0.2782243497159696
sess_42_001303,971.17,upi,mobile_ios,upi_app_switch_abort,179,1,10,0.695,17.9,1,email,1,0,0.0977063021911707,0.1780324901391686,0.483942482820616,0.24031872484904457,0.0977063021911707
sess_42_001304,907.56,upi,mobile_android,price_shock_breakdown,454,1,10,0.613,45.4,0,none,0,0,0.26900513210002774,0.26900513210002774,0.2202427743860977,0.3631189468483686,0.14763314666550595
sess_42_001305,1656.35,card,mobile_android,genuine_browse_abandon,483,3,10,0.94,48.3,0,none,0,0,0.7014242657747766,0.7014242657747766,0.11594465130421318,0.10491105892118391,0.07772002399982632
sess_42_001306,3308.21,cod,desktop,price_shock_breakdown,146,2,8,0.587,18.25,0,whatsapp,0,0,0.5000810046968293,0.10096461356355876,0.5000810046968293,0.1506215041019237,0.24833287763768827
sess_42_001307,3725.71,cod,mobile_ios,upi_app_switch_abort,514,2,11,0.536,46.73,1,sms,1,0,0.07442851737376392,0.049994806056778376,0.8204386747606477,0.07442851737376392,0.0551380018088101
sess_42_001308,1363.54,cod,mobile_android,price_shock_breakdown,125,2,9,0.691,13.89,1,email,0,0,0.14763314666550595,0.26900513210002774,0.2202427743860977,0.3631189468483686,0.14763314666550595
sess_42_001309,1767.63,netbanking,mobile_android,otp_timeout,365,2,10,0.666,36.5,0,none,0,0,0.2282430144379751,0.2282430144379751,0.18686957509559202,0.45962498828569537,0.12526242218073758
sess_42_001310,6346.35,card,mobile_android,otp_timeout,144,2,10,0.611,14.4,1,whatsapp,0,0,0.4456809751737707,0.08998143702404678,0.4456809751737707,0.36489272043655063,0.09944486736563182
sess_42_001311,593.69,cod,mobile_android,genuine_browse_abandon,530,1,4,0.552,132.5,0,none,0,0,0.6784017024227375,0.6784017024227375,0.061543213951843805,0.18488603235859524,0.07516905126682347
sess_42_001312,2917.47,upi,mobile_android,genuine_browse_abandon,600,2,8,0.929,75.0,0,whatsapp,0,0,0.39614560278704986,0.39614560278704986,0.39614560278704986,0.11931676263392972,0.0883920317919707
sess_42_001313,2690.45,card,mobile_ios,genuine_browse_abandon,66,2,6,0.607,11.0,1,whatsapp,0,0,0.39614560278704986,0.39614560278704986,0.39614560278704986,0.11931676263392972,0.0883920317919707
sess_42_001314,1447.39,upi,mobile_android,upi_app_switch_abort,432,2,10,0.717,43.2,0,whatsapp,0,0,0.483942482820616,0.1780324901391686,0.483942482820616,0.24031872484904457,0.0977063021911707
sess_42_001315,1783.2,cod,mobile_android,price_shock_breakdown,289,1,4,0.459,72.25,1,email,0,0,0.17655983490276325,0.32171299457016933,0.2633963223194074,0.23833084820766,0.17655983490276325
sess_42_001316,2477.9,netbanking,mobile_android,otp_timeout,108,2,12,0.681,9.0,1,sms,0,0,0.45962498828569537,0.2282430144379751,0.18686957509559202,0.45962498828569537,0.12526242218073758
sess_42_001317,1449.66,upi,mobile_android,price_shock_breakdown,465,2,9,0.687,51.67,0,sms,0,0,0.3631189468483686,0.26900513210002774,0.2202427743860977,0.3631189468483686,0.14763314666550595
sess_42_001318,1120.8,upi,mobile_ios,price_shock_breakdown,600,1,7,0.603,85.71,1,none,0,0,0.26900513210002774,0.26900513210002774,0.2202427743860977,0.3631189468483686,0.14763314666550595
sess_42_001319,1059.25,upi,mobile_android,price_shock_breakdown,142,2,10,0.459,14.2,1,whatsapp,0,0,0.2202427743860977,0.26900513210002774,0.2202427743860977,0.3631189468483686,0.14763314666550595
sess_42_001320,7307.27,card,desktop,price_shock_breakdown,169,1,7,0.692,24.14,0,email,0,0,0.24833287763768827,0.10096461356355876,0.5000810046968293,0.1506215041019237,0.24833287763768827
sess_42_001321,1299.56,cod,mobile_android,price_shock_breakdown,597,1,4,0.438,149.25,0,whatsapp,0,0,0.2202427743860977,0.26900513210002774,0.2202427743860977,0.3631189468483686,0.14763314666550595
sess_42_001322,2102.78,cod,mobile_ios,price_shock_breakdown,138,2,11,0.555,12.55,0,none,0,0,0.32171299457016933,0.32171299457016933,0.2633963223194074,0.23833084820766,0.17655983490276325
sess_42_001323,3258.23,upi,mobile_android,genuine_browse_abandon,385,1,5,0.89,77.0,0,none,0,0,0.39614560278704986,0.39614560278704986,0.39614560278704986,0.11931676263392972,0.0883920317919707
sess_42_001324,1542.84,upi,mobile_android,genuine_browse_abandon,600,1,8,0.604,75.0,0,none,0,0,0.7014242657747766,0.7014242657747766,0.11594465130421318,0.10491105892118391,0.07772002399982632
sess_42_001325,1857.23,card,mobile_ios,genuine_browse_abandon,520,1,9,0.646,57.78,0,none,0,0,0.7014242657747766,0.7014242657747766,0.11594465130421318,0.10491105892118391,0.07772002399982632
sess_42_001326,2636.11,netbanking,mobile_android,price_shock_breakdown,188,2,6,0.687,31.33,1,none,0,0,0.11695868075619749,0.11695868075619749,0.579300138099923,0.17448184855563614,0.12925933258824335
sess_42_001327,957.24,upi,mobile_android,price_shock_breakdown,55,2,6,0.862,9.17,0,sms,0,0,0.3631189468483686,0.26900513210002774,0.2202427743860977,0.3631189468483686,0.14763314666550595
sess_42_001328,571.15,upi,mobile_ios,price_shock_breakdown,397,1,4,0.545,99.25,0,none,0,0,0.2986858353899521,0.2986858353899521,0.13420819701225414,0.40318370559932304,0.16392226199847068
sess_42_001329,1045.29,card,mobile_android,price_shock_breakdown,479,3,12,0.925,39.92,1,none,0,0,0.26900513210002774,0.26900513210002774,0.2202427743860977,0.3631189468483686,0.14763314666550595
sess_42_001330,6610.08,cod,mobile_android,price_shock_breakdown,373,1,10,0.813,37.3,0,email,0,0,0.12925933258824335,0.11695868075619749,0.579300138099923,0.17448184855563614,0.12925933258824335
sess_42_001331,1174.54,upi,mobile_android,genuine_browse_abandon,157,1,7,0.491,22.43,1,email,0,0,0.07154897144031824,0.6457304331194986,0.10673852268549665,0.17598207275468647,0.07154897144031824
sess_42_001332,1994.18,card,mobile_ios,price_shock_breakdown,600,2,11,0.821,54.55,1,email,0,0,0.17655983490276325,0.32171299457016933,0.2633963223194074,0.23833084820766,0.17655983490276325
sess_42_001333,668.9,upi,mobile_android,upi_app_switch_abort,273,2,6,0.787,45.5,0,none,0,0,0.22776474356861084,0.22776474356861084,0.3397850697075843,0.30745024516137914,0.12499994156242572
sess_42_001334,4947.35,card,mobile_android,otp_timeout,594,2,7,0.74,84.86,1,sms,1,0,0.36489272043655063,0.08998143702404678,0.4456809751737707,0.36489272043655063,0.09944486736563182
sess_42_001335,1442.58,cod,desktop,price_shock_breakdown,600,1,9,0.635,66.67,1,none,0,0,0.22779083136758763,0.22779083136758763,0.1864993589098446,0.30748546000659815,0.2782243497159696
sess_42_001336,1285.36,upi,mobile_android,price_shock_breakdown,176,1,10,0.837,17.6,0,none,1,1,0.26900513210002774,0.26900513210002774,0.2202427743860977,0.3631189468483686,0.14763314666550595
sess_42_001337,1635.86,card,mobile_android,price_shock_breakdown,494,2,11,0.874,44.91,0,email,0,0,0.17655983490276325,0.32171299457016933,0.2633963223194074,0.23833084820766,0.17655983490276325
sess_42_001338,11905.77,card,mobile_android,price_shock_breakdown,344,2,6,0.459,57.33,0,whatsapp,0,0,0.579300138099923,0.11695868075619749,0.579300138099923,0.17448184855563614,0.12925933258824335
sess_42_001339,2517.81,cod,mobile_android,price_shock_breakdown,418,1,7,0.614,59.71,0,whatsapp,0,0,0.579300138099923,0.11695868075619749,0.579300138099923,0.17448184855563614,0.12925933258824335
sess_42_001340,1607.45,upi,mobile_android,price_shock_breakdown,404,1,9,0.705,44.89,0,sms,0,0,0.23833084820766,0.32171299457016933,0.2633963223194074,0.23833084820766,0.17655983490276325
sess_42_001341,208.07,card,mobile_android,otp_timeout,600,2,9,0.926,66.67,0,sms,1,1,0.647434897682398,0.17644659353817646,0.0792825650965213,0.647434897682398,0.09683594368290428
sess_42_001342,4987.78,cod,mobile_android,otp_timeout,401,2,7,0.675,57.29,1,sms,1,0,0.36489272043655063,0.08998143702404678,0.4456809751737707,0.36489272043655063,0.09944486736563182
sess_42_001343,1073.66,upi,desktop,upi_app_switch_abort,159,2,6,0.586,26.5,1,whatsapp,1,0,0.4321906469343732,0.1589940536737414,0.4321906469343732,0.2146195237037115,0.19419577568817373
sess_42_001344,953.85,upi,mobile_ios,price_shock_breakdown,541,1,8,0.48,67.62,0,sms,0,0,0.3631189468483686,0.26900513210002774,0.2202427743860977,0.3631189468483686,0.14763314666550595
sess_42_001345,1020.01,upi,mobile_android,vpa_validation_failure,146,1,10,0.745,14.6,0,sms,0,0,0.3631189468483686,0.26900513210002774,0.2202427743860977,0.3631189468483686,0.14763314666550595
sess_42_001346,5424.97,upi,mobile_android,genuine_browse_abandon,521,3,8,0.834,65.12,0,none,0,0,0.39614560278704986,0.39614560278704986,0.39614560278704986,0.11931676263392972,0.0883920317919707
sess_42_001347,1751.76,upi,mobile_android,otp_timeout,571,2,12,0.943,47.58,0,email,0,0,0.12526242218073758,0.2282430144379751,0.18686957509559202,0.45962498828569537,0.12526242218073758
sess_42_001348,577.35,upi,mobile_android,price_shock_breakdown,354,1,9,0.757,39.33,1,whatsapp,0,0,0.13420819701225414,0.2986858353899521,0.13420819701225414,0.40318370559932304,0.16392226199847068
sess_42_001349,1551.38,card,mobile_android,price_shock_breakdown,158,2,12,0.754,13.17,0,sms,0,0,0.23833084820766,0.32171299457016933,0.2633963223194074,0.23833084820766,0.17655983490276325
sess_42_001350,969.08,cod,desktop,price_shock_breakdown,344,1,6,0.707,57.33,1,sms,0,0,0.30748546000659815,0.22779083136758763,0.1864993589098446,0.30748546000659815,0.2782243497159696
sess_42_001351,2367.66,cod,mobile_ios,price_shock_breakdown,600,2,11,0.824,54.55,0,whatsapp,0,0,0.2633963223194074,0.32171299457016933,0.2633963223194074,0.23833084820766,0.17655983490276325
sess_42_001352,1353.14,upi,mobile_ios,price_shock_breakdown,596,2,7,0.681,85.14,0,email,0,0,0.14763314666550595,0.26900513210002774,0.2202427743860977,0.3631189468483686,0.14763314666550595
sess_42_001353,557.26,cod,mobile_ios,price_shock_breakdown,386,1,8,0.57,48.25,0,none,0,0,0.2986858353899521,0.2986858353899521,0.13420819701225414,0.40318370559932304,0.16392226199847068
sess_42_001354,1699.57,upi,mobile_android,upi_app_switch_abort,393,3,8,0.61,49.12,1,whatsapp,0,0,0.5427974771347435,0.1996840325575982,0.5427974771347435,0.14792956969787008,0.10958892060978828
sess_42_001355,1732.64,upi,mobile_ios,upi_app_switch_abort,301,1,10,0.792,30.1,0,sms,0,0,0.14792956969787008,0.1996840325575982,0.5427974771347435,0.14792956969787008,0.10958892060978828
sess_42_001356,706.19,cod,mobile_android,price_shock_breakdown,363,1,7,0.84,51.86,0,none,0,0,0.2986858353899521,0.2986858353899521,0.13420819701225414,0.40318370559932304,0.16392226199847068
sess_42_001357,415.69,netbanking,mobile_android,price_shock_breakdown,455,1,10,0.749,45.5,1,sms,0,0,0.40318370559932304,0.2986858353899521,0.13420819701225414,0.40318370559932304,0.16392226199847068
sess_42_001358,2234.92,upi,mobile_android,genuine_browse_abandon,600,1,9,0.8,66.67,1,whatsapp,0,0,0.11594465130421318,0.7014242657747766,0.11594465130421318,0.10491105892118391,0.07772002399982632
sess_42_001359,1464.86,netbanking,mobile_android,upi_app_switch_abort,379,2,12,0.449,31.58,1,sms,1,1,0.24031872484904457,0.1780324901391686,0.483942482820616,0.24031872484904457,0.0977063021911707
sess_42_001360,1538.58,upi,mobile_android,upi_app_switch_abort,77,1,8,0.913,9.62,0,whatsapp,1,0,0.5427974771347435,0.1996840325575982,0.5427974771347435,0.14792956969787008,0.10958892060978828
sess_42_001361,3163.31,netbanking,mobile_ios,price_shock_breakdown,191,2,6,0.517,31.83,1,whatsapp,1,1,0.579300138099923,0.11695868075619749,0.579300138099923,0.17448184855563614,0.12925933258824335
sess_42_001362,422.42,upi,mobile_android,price_shock_breakdown,383,1,10,0.572,38.3,0,sms,0,0,0.40318370559932304,0.2986858353899521,0.13420819701225414,0.40318370559932304,0.16392226199847068
sess_42_001363,1891.69,netbanking,desktop,upi_app_switch_abort,585,2,11,0.574,53.18,1,email,1,1,0.2150166630655208,0.17604075447594858,0.47852838396019126,0.13041419849833935,0.2150166630655208
sess_42_001364,2971.83,upi,mobile_android,upi_app_switch_abort,463,1,6,0.564,77.17,1,whatsapp,0,0,0.8204386747606477,0.049994806056778376,0.8204386747606477,0.07442851737376392,0.0551380018088101
sess_42_001365,1576.58,netbanking,mobile_android,otp_timeout,269,1,6,0.516,44.83,1,sms,1,1,0.45962498828569537,0.2282430144379751,0.18686957509559202,0.45962498828569537,0.12526242218073758
sess_42_001366,625.08,upi,mobile_android,genuine_browse_abandon,600,1,9,0.447,66.67,0,sms,0,0,0.18488603235859524,0.6784017024227375,0.061543213951843805,0.18488603235859524,0.07516905126682347
sess_42_001367,1101.44,upi,mobile_android,genuine_browse_abandon,363,1,9,0.91,40.33,0,none,0,0,0.6457304331194986,0.6457304331194986,0.10673852268549665,0.17598207275468647,0.07154897144031824
sess_42_001368,1288.72,cod,mobile_android,genuine_browse_abandon,98,1,5,0.627,19.6,1,none,0,0,0.6457304331194986,0.6457304331194986,0.10673852268549665,0.17598207275468647,0.07154897144031824
sess_42_001369,553.23,upi,mobile_android,upi_app_switch_abort,521,2,6,0.498,86.83,1,none,0,0,0.22776474356861084,0.22776474356861084,0.3397850697075843,0.30745024516137914,0.12499994156242572
sess_42_001370,2388.76,cod,mobile_ios,genuine_browse_abandon,210,1,8,0.655,26.25,0,none,0,0,0.7014242657747766,0.7014242657747766,0.11594465130421318,0.10491105892118391,0.07772002399982632
sess_42_001371,1812.39,card,mobile_android,price_shock_breakdown,332,2,9,0.717,36.89,0,sms,0,0,0.23833084820766,0.32171299457016933,0.2633963223194074,0.23833084820766,0.17655983490276325
sess_42_001372,1116.33,upi,desktop,price_shock_breakdown,183,1,8,0.808,22.88,0,sms,0,0,0.30748546000659815,0.22779083136758763,0.1864993589098446,0.30748546000659815,0.2782243497159696
sess_42_001373,3786.29,upi,mobile_android,upi_app_switch_abort,234,1,10,0.696,23.4,1,whatsapp,1,0,0.8204386747606477,0.049994806056778376,0.8204386747606477,0.07442851737376392,0.0551380018088101
sess_42_001374,1222.33,netbanking,mobile_android,upi_app_switch_abort,280,2,10,0.766,28.0,1,none,1,0,0.1780324901391686,0.1780324901391686,0.483942482820616,0.24031872484904457,0.0977063021911707
sess_42_001375,5485.86,netbanking,desktop,otp_timeout,434,2,10,0.538,43.4,0,whatsapp,0,0,0.397264819819204,0.08020638384327146,0.397264819819204,0.32525292510196563,0.19727587123555898
sess_42_001376,1477.79,netbanking,mobile_ios,price_shock_breakdown,600,1,4,0.847,150.0,0,whatsapp,0,0,0.2202427743860977,0.26900513210002774,0.2202427743860977,0.3631189468483686,0.14763314666550595
sess_42_001377,883.68,cod,mobile_android,genuine_browse_abandon,478,2,6,0.852,79.67,0,sms,0,0,0.17598207275468647,0.6457304331194986,0.10673852268549665,0.17598207275468647,0.07154897144031824
sess_42_001378,903.91,card,mobile_android,upi_app_switch_abort,160,2,12,0.488,13.33,1,sms,1,0,0.24031872484904457,0.1780324901391686,0.483942482820616,0.24031872484904457,0.0977063021911707
sess_42_001379,1935.87,upi,mobile_android,vpa_validation_failure,176,2,12,0.634,14.67,0,none,0,0,0.32171299457016933,0.32171299457016933,0.2633963223194074,0.23833084820766,0.17655983490276325
sess_42_001380,810.08,card,mobile_android,otp_timeout,364,2,11,0.86,33.09,1,email,1,0,0.09091043026509557,0.16564960413762098,0.13562242514266395,0.6078175404546194,0.09091043026509557
sess_42_001381,2014.85,upi,mobile_android,upi_app_switch_abort,600,2,7,0.568,85.71,0,whatsapp,1,1,0.5427974771347435,0.1996840325575982,0.5427974771347435,0.14792956969787008,0.10958892060978828
sess_42_001382,1338.91,card,mobile_ios,price_shock_breakdown,308,2,11,0.493,28.0,0,sms,0,0,0.3631189468483686,0.26900513210002774,0.2202427743860977,0.3631189468483686,0.14763314666550595
sess_42_001383,1316.08,cod,mobile_android,price_shock_breakdown,377,1,10,0.466,37.7,0,whatsapp,0,0,0.2202427743860977,0.26900513210002774,0.2202427743860977,0.3631189468483686,0.14763314666550595
sess_42_001384,1752.46,cod,mobile_android,price_shock_breakdown,261,1,4,0.514,65.25,0,whatsapp,1,1,0.2633963223194074,0.32171299457016933,0.2633963223194074,0.23833084820766,0.17655983490276325
sess_42_001385,3841.1,upi,mobile_android,upi_app_switch_abort,162,1,5,0.531,32.4,0,whatsapp,1,0,0.8204386747606477,0.049994806056778376,0.8204386747606477,0.07442851737376392,0.0551380018088101
sess_42_001386,1203.22,cod,desktop,upi_app_switch_abort,417,2,7,0.801,59.57,1,whatsapp,1,0,0.4321906469343732,0.1589940536737414,0.4321906469343732,0.2146195237037115,0.19419577568817373
sess_42_001387,2075.79,upi,desktop,price_shock_breakdown,210,2,9,0.443,23.33,1,email,0,0,0.32304108720794833,0.2644836726048936,0.21654091644863488,0.19593432373852326,0.32304108720794833
sess_42_001388,2523.05,cod,mobile_android,price_shock_breakdown,319,2,11,0.722,29.0,0,whatsapp,0,0,0.579300138099923,0.11695868075619749,0.579300138099923,0.17448184855563614,0.12925933258824335
sess_42_001389,729.69,cod,mobile_android,genuine_browse_abandon,600,1,4,0.877,150.0,0,none,0,0,0.6784017024227375,0.6784017024227375,0.061543213951843805,0.18488603235859524,0.07516905126682347
sess_42_001390,2675.98,cod,mobile_ios,genuine_browse_abandon,226,2,8,0.903,28.25,0,whatsapp,0,0,0.39614560278704986,0.39614560278704986,0.39614560278704986,0.11931676263392972,0.0883920317919707
sess_42_001391,3332.69,cod,mobile_android,upi_app_switch_abort,94,1,10,0.741,9.4,0,whatsapp,0,0,0.8204386747606477,0.049994806056778376,0.8204386747606477,0.07442851737376392,0.0551380018088101
sess_42_001392,3731.66,cod,desktop,genuine_browse_abandon,176,1,5,0.619,35.2,0,none,0,0,0.3574263069649042,0.3574263069649042,0.3574263069649042,0.10765473484298313,0.17749265122720856
sess_42_001393,787.16,card,mobile_ios,price_shock_breakdown,435,1,8,0.595,54.38,1,email,0,0,0.16392226199847068,0.2986858353899521,0.13420819701225414,0.40318370559932304,0.16392226199847068
sess_42_001394,829.52,upi,mobile_ios,upi_app_switch_abort,190,2,8,0.697,23.75,0,whatsapp,1,0,0.483942482820616,0.1780324901391686,0.483942482820616,0.24031872484904457,0.0977063021911707
sess_42_001395,1735.83,cod,mobile_android,genuine_browse_abandon,154,1,4,0.838,38.5,0,none,0,0,0.7014242657747766,0.7014242657747766,0.11594465130421318,0.10491105892118391,0.07772002399982632
sess_42_001396,1663.31,upi,mobile_android,price_shock_breakdown,132,3,10,0.559,13.2,1,none,1,1,0.32171299457016933,0.32171299457016933,0.2633963223194074,0.23833084820766,0.17655983490276325
sess_42_001397,1834.42,card,mobile_android,genuine_browse_abandon,600,2,11,0.534,54.55,0,none,0,0,0.7014242657747766,0.7014242657747766,0.11594465130421318,0.10491105892118391,0.07772002399982632
sess_42_001398,1383.74,upi,mobile_ios,vpa_validation_failure,74,2,9,0.527,8.22,1,sms,0,0,0.3631189468483686,0.26900513210002774,0.2202427743860977,0.3631189468483686,0.14763314666550595
sess_42_001399,2078.44,upi,mobile_android,price_shock_breakdown,600,1,10,0.689,60.0,0,whatsapp,0,0,0.2633963223194074,0.32171299457016933,0.2633963223194074,0.23833084820766,0.17655983490276325
sess_42_001400,266.25,card,mobile_android,genuine_browse_abandon,397,2,9,0.611,44.11,0,none,0,0,0.6784017024227375,0.6784017024227375,0.061543213951843805,0.18488603235859524,0.07516905126682347
sess_42_001401,2961.82,cod,mobile_ios,price_shock_breakdown,200,1,10,0.906,20.0,0,none,0,0,0.11695868075619749,0.11695868075619749,0.579300138099923,0.17448184855563614,0.12925933258824335
sess_42_001402,5452.96,netbanking,mobile_android,otp_timeout,600,1,4,0.617,150.0,0,sms,0,0,0.36489272043655063,0.08998143702404678,0.4456809751737707,0.36489272043655063,0.09944486736563182
sess_42_001403,1194.18,upi,mobile_android,vpa_validation_failure,130,1,4,0.75,32.5,0,whatsapp,0,0,0.2202427743860977,0.26900513210002774,0.2202427743860977,0.3631189468483686,0.14763314666550595
sess_42_001404,2104.36,card,mobile_android,otp_timeout,431,1,10,0.861,43.1,0,email,1,0,0.12526242218073758,0.2282430144379751,0.18686957509559202,0.45962498828569537,0.12526242218073758
sess_42_001405,6377.31,upi,mobile_android,upi_app_switch_abort,137,2,11,0.856,12.45,1,whatsapp,1,1,0.8204386747606477,0.049994806056778376,0.8204386747606477,0.07442851737376392,0.0551380018088101
sess_42_001406,1853.99,upi,mobile_android,genuine_browse_abandon,222,1,10,0.532,22.2,1,none,0,0,0.7014242657747766,0.7014242657747766,0.11594465130421318,0.10491105892118391,0.07772002399982632
sess_42_001407,2273.49,upi,mobile_android,upi_app_switch_abort,600,1,10,0.803,60.0,0,whatsapp,0,0,0.5427974771347435,0.1996840325575982,0.5427974771347435,0.14792956969787008,0.10958892060978828
sess_42_001408,7195.97,cod,mobile_android,genuine_browse_abandon,385,1,8,0.746,48.12,1,whatsapp,0,0,0.39614560278704986,0.39614560278704986,0.39614560278704986,0.11931676263392972,0.0883920317919707
sess_42_001409,8327.52,card,mobile_android,upi_app_switch_abort,436,2,12,0.677,36.33,0,whatsapp,0,0,0.8204386747606477,0.049994806056778376,0.8204386747606477,0.07442851737376392,0.0551380018088101
sess_42_001410,816.01,card,mobile_ios,price_shock_breakdown,232,2,6,0.839,38.67,0,whatsapp,0,0,0.2202427743860977,0.26900513210002774,0.2202427743860977,0.3631189468483686,0.14763314666550595
sess_42_001411,1327.93,upi,desktop,price_shock_breakdown,600,2,12,0.63,50.0,0,sms,0,0,0.30748546000659815,0.22779083136758763,0.1864993589098446,0.30748546000659815,0.2782243497159696
sess_42_001412,3534.02,card,mobile_android,genuine_browse_abandon,600,1,8,0.462,75.0,0,email,0,0,0.0883920317919707,0.39614560278704986,0.39614560278704986,0.11931676263392972,0.0883920317919707
sess_42_001413,2625.0,cod,mobile_android,upi_app_switch_abort,471,1,10,0.45,47.1,0,email,0,0,0.0551380018088101,0.049994806056778376,0.8204386747606477,0.07442851737376392,0.0551380018088101
sess_42_001414,3070.3,upi,mobile_android,genuine_browse_abandon,366,2,10,0.758,36.6,0,none,0,0,0.39614560278704986,0.39614560278704986,0.39614560278704986,0.11931676263392972,0.0883920317919707
sess_42_001415,253.11,cod,mobile_android,genuine_browse_abandon,492,2,12,0.679,41.0,1,none,0,0,0.6784017024227375,0.6784017024227375,0.061543213951843805,0.18488603235859524,0.07516905126682347
sess_42_001416,417.63,netbanking,desktop,otp_timeout,412,1,8,0.815,51.5,1,email,1,0,0.19264941464719262,0.1577280003341284,0.07087175900241471,0.5787508260162643,0.19264941464719262
sess_42_001417,6892.31,upi,mobile_android,upi_app_switch_abort,600,2,7,0.876,85.71,1,whatsapp,1,0,0.8204386747606477,0.049994806056778376,0.8204386747606477,0.07442851737376392,0.0551380018088101
sess_42_001418,3230.54,card,desktop,otp_timeout,227,1,7,0.743,32.43,0,whatsapp,0,0,0.397264819819204,0.08020638384327146,0.397264819819204,0.32525292510196563,0.19727587123555898
sess_42_001419,2357.2,cod,mobile_android,price_shock_breakdown,315,1,10,0.717,31.5,1,none,0,0,0.32171299457016933,0.32171299457016933,0.2633963223194074,0.23833084820766,0.17655983490276325
sess_42_001420,712.15,cod,mobile_android,price_shock_breakdown,164,2,10,0.531,16.4,0,sms,0,0,0.40318370559932304,0.2986858353899521,0.13420819701225414,0.40318370559932304,0.16392226199847068
sess_42_001421,1324.46,card,desktop,price_shock_breakdown,85,2,11,0.726,7.73,1,whatsapp,0,0,0.1864993589098446,0.22779083136758763,0.1864993589098446,0.30748546000659815,0.2782243497159696
sess_42_001422,2771.76,upi,mobile_android,upi_app_switch_abort,567,3,12,0.702,47.25,1,email,0,0,0.0551380018088101,0.049994806056778376,0.8204386747606477,0.07442851737376392,0.0551380018088101
sess_42_001423,640.78,cod,mobile_ios,genuine_browse_abandon,250,1,6,0.728,41.67,0,none,0,0,0.6784017024227375,0.6784017024227375,0.061543213951843805,0.18488603235859524,0.07516905126682347
sess_42_001424,1065.35,upi,mobile_android,otp_timeout,430,1,6,0.669,71.67,1,sms,0,0,0.6078175404546194,0.16564960413762098,0.13562242514266395,0.6078175404546194,0.09091043026509557
sess_42_001425,2395.99,cod,mobile_android,price_shock_breakdown,384,1,7,0.714,54.86,1,whatsapp,0,0,0.2633963223194074,0.32171299457016933,0.2633963223194074,0.23833084820766,0.17655983490276325
sess_42_001426,2813.84,upi,mobile_android,price_shock_breakdown,137,2,11,0.821,12.45,0,whatsapp,1,1,0.579300138099923,0.11695868075619749,0.579300138099923,0.17448184855563614,0.12925933258824335
sess_42_001427,1221.35,card,mobile_android,vpa_validation_failure,499,2,8,0.878,62.38,1,sms,1,0,0.3631189468483686,0.26900513210002774,0.2202427743860977,0.3631189468483686,0.14763314666550595
sess_42_001428,3777.06,upi,mobile_android,otp_timeout,174,2,9,0.696,19.33,0,whatsapp,0,0,0.4456809751737707,0.08998143702404678,0.4456809751737707,0.36489272043655063,0.09944486736563182
sess_42_001429,3686.13,upi,mobile_android,upi_app_switch_abort,600,1,8,0.862,75.0,0,sms,0,0,0.07442851737376392,0.049994806056778376,0.8204386747606477,0.07442851737376392,0.0551380018088101
sess_42_001430,471.27,cod,mobile_android,price_shock_breakdown,398,1,4,0.715,99.5,1,email,0,0,0.16392226199847068,0.2986858353899521,0.13420819701225414,0.40318370559932304,0.16392226199847068
sess_42_001431,6176.3,upi,mobile_android,price_shock_breakdown,545,1,4,0.593,136.25,1,none,0,0,0.11695868075619749,0.11695868075619749,0.579300138099923,0.17448184855563614,0.12925933258824335
sess_42_001432,4336.45,cod,mobile_ios,genuine_browse_abandon,493,2,6,0.608,82.17,0,none,0,0,0.39614560278704986,0.39614560278704986,0.39614560278704986,0.11931676263392972,0.0883920317919707
sess_42_001433,2111.02,card,mobile_android,price_shock_breakdown,216,2,8,0.814,27.0,0,none,0,0,0.32171299457016933,0.32171299457016933,0.2633963223194074,0.23833084820766,0.17655983490276325
sess_42_001434,1631.12,cod,mobile_android,genuine_browse_abandon,555,3,12,0.689,46.25,0,none,0,0,0.7014242657747766,0.7014242657747766,0.11594465130421318,0.10491105892118391,0.07772002399982632
sess_42_001435,3268.24,card,mobile_ios,price_shock_breakdown,600,2,11,0.833,54.55,1,sms,0,0,0.17448184855563614,0.11695868075619749,0.579300138099923,0.17448184855563614,0.12925933258824335
sess_42_001436,2698.06,upi,mobile_android,upi_app_switch_abort,464,1,7,0.714,66.29,1,whatsapp,1,0,0.8204386747606477,0.049994806056778376,0.8204386747606477,0.07442851737376392,0.0551380018088101
sess_42_001437,1474.89,netbanking,mobile_android,price_shock_breakdown,600,2,11,0.466,54.55,0,sms,0,0,0.3631189468483686,0.26900513210002774,0.2202427743860977,0.3631189468483686,0.14763314666550595
sess_42_001438,6031.21,upi,mobile_ios,vpa_validation_failure,241,2,6,0.666,40.17,0,whatsapp,0,0,0.579300138099923,0.11695868075619749,0.579300138099923,0.17448184855563614,0.12925933258824335
sess_42_001439,372.96,card,mobile_android,otp_timeout,210,2,9,0.683,23.33,1,email,0,0,0.09683594368290428,0.17644659353817646,0.0792825650965213,0.647434897682398,0.09683594368290428
sess_42_001440,1098.09,card,desktop,genuine_browse_abandon,531,2,12,0.803,44.25,0,email,1,1,0.14639807452978248,0.5936734669792981,0.09813356405833273,0.16179489443258677,0.14639807452978248
sess_42_001441,2529.64,cod,mobile_android,otp_timeout,600,3,12,0.845,50.0,0,whatsapp,0,0,0.4456809751737707,0.08998143702404678,0.4456809751737707,0.36489272043655063,0.09944486736563182
sess_42_001442,1738.75,netbanking,mobile_android,otp_timeout,262,2,6,0.484,43.67,0,whatsapp,0,0,0.18686957509559202,0.2282430144379751,0.18686957509559202,0.45962498828569537,0.12526242218073758
sess_42_001443,3055.48,cod,mobile_android,otp_timeout,241,2,11,0.753,21.91,0,sms,0,0,0.36489272043655063,0.08998143702404678,0.4456809751737707,0.36489272043655063,0.09944486736563182
sess_42_001444,635.25,cod,mobile_android,otp_timeout,165,2,11,0.794,15.0,0,sms,1,0,0.647434897682398,0.17644659353817646,0.0792825650965213,0.647434897682398,0.09683594368290428
sess_42_001445,1493.93,netbanking,mobile_android,otp_timeout,399,1,7,0.847,57.0,0,sms,0,0,0.6078175404546194,0.16564960413762098,0.13562242514266395,0.6078175404546194,0.09091043026509557
sess_42_001446,4284.57,upi,mobile_android,price_shock_breakdown,560,2,10,0.689,56.0,1,whatsapp,1,0,0.579300138099923,0.11695868075619749,0.579300138099923,0.17448184855563614,0.12925933258824335
sess_42_001447,589.76,cod,mobile_ios,price_shock_breakdown,600,1,8,0.452,75.0,0,sms,0,0,0.40318370559932304,0.2986858353899521,0.13420819701225414,0.40318370559932304,0.16392226199847068
sess_42_001448,1509.67,cod,mobile_ios,genuine_browse_abandon,120,1,5,0.459,24.0,0,none,0,0,0.7014242657747766,0.7014242657747766,0.11594465130421318,0.10491105892118391,0.07772002399982632
sess_42_001449,1214.26,netbanking,mobile_android,otp_timeout,233,2,6,0.638,38.83,0,sms,0,0,0.6078175404546194,0.16564960413762098,0.13562242514266395,0.6078175404546194,0.09091043026509557
sess_42_001450,2374.45,card,mobile_ios,otp_timeout,471,3,12,0.81,39.25,0,sms,1,1,0.45962498828569537,0.2282430144379751,0.18686957509559202,0.45962498828569537,0.12526242218073758
sess_42_001451,2427.99,cod,mobile_android,price_shock_breakdown,547,1,10,0.914,54.7,0,email,0,0,0.17655983490276325,0.32171299457016933,0.2633963223194074,0.23833084820766,0.17655983490276325
sess_42_001452,1944.62,upi,mobile_ios,upi_app_switch_abort,349,3,10,0.627,34.9,1,none,1,0,0.1996840325575982,0.1996840325575982,0.5427974771347435,0.14792956969787008,0.10958892060978828
sess_42_001453,1454.78,upi,mobile_android,upi_app_switch_abort,538,1,5,0.74,107.6,1,sms,1,0,0.24031872484904457,0.1780324901391686,0.483942482820616,0.24031872484904457,0.0977063021911707
sess_42_001454,1895.9,card,desktop,vpa_validation_failure,143,1,4,0.775,35.75,0,email,0,0,0.32304108720794833,0.2644836726048936,0.21654091644863488,0.19593432373852326,0.32304108720794833
sess_42_001455,1598.01,cod,mobile_ios,price_shock_breakdown,600,1,7,0.464,85.71,0,none,1,1,0.32171299457016933,0.32171299457016933,0.2633963223194074,0.23833084820766,0.17655983490276325
sess_42_001456,1764.55,cod,mobile_ios,otp_timeout,321,2,6,0.685,53.5,0,whatsapp,0,0,0.18686957509559202,0.2282430144379751,0.18686957509559202,0.45962498828569537,0.12526242218073758
sess_42_001457,5392.29,card,mobile_ios,price_shock_breakdown,476,1,10,0.479,47.6,1,email,0,0,0.12925933258824335,0.11695868075619749,0.579300138099923,0.17448184855563614,0.12925933258824335
sess_42_001458,733.85,cod,mobile_ios,otp_timeout,600,1,9,0.67,66.67,1,whatsapp,1,0,0.0792825650965213,0.17644659353817646,0.0792825650965213,0.647434897682398,0.09683594368290428
sess_42_001459,2336.11,upi,mobile_android,genuine_browse_abandon,104,2,8,0.87,13.0,1,email,0,0,0.07772002399982632,0.7014242657747766,0.11594465130421318,0.10491105892118391,0.07772002399982632
sess_42_001460,891.95,card,desktop,otp_timeout,600,2,9,0.835,66.67,0,sms,0,0,0.5468864821310532,0.14904395356123945,0.12202686834091331,0.5468864821310532,0.18204269596679412
sess_42_001461,7834.12,card,mobile_android,otp_timeout,185,1,5,0.763,37.0,1,whatsapp,0,0,0.4456809751737707,0.08998143702404678,0.4456809751737707,0.36489272043655063,0.09944486736563182
sess_42_001462,1932.96,upi,mobile_ios,vpa_validation_failure,133,1,9,0.889,14.78,0,whatsapp,0,0,0.2633963223194074,0.32171299457016933,0.2633963223194074,0.23833084820766,0.17655983490276325
sess_42_001463,698.61,card,mobile_android,otp_timeout,190,1,9,0.586,21.11,0,sms,0,0,0.647434897682398,0.17644659353817646,0.0792825650965213,0.647434897682398,0.09683594368290428
sess_42_001464,1519.39,upi,mobile_android,genuine_browse_abandon,191,1,9,0.663,21.22,0,whatsapp,0,0,0.11594465130421318,0.7014242657747766,0.11594465130421318,0.10491105892118391,0.07772002399982632
sess_42_001465,605.35,card,mobile_android,otp_timeout,128,2,6,0.566,21.33,1,none,0,0,0.17644659353817646,0.17644659353817646,0.0792825650965213,0.647434897682398,0.09683594368290428
sess_42_001466,1124.48,upi,mobile_android,vpa_validation_failure,596,1,7,0.595,85.14,0,none,1,0,0.26900513210002774,0.26900513210002774,0.2202427743860977,0.3631189468483686,0.14763314666550595
sess_42_001467,2869.27,upi,mobile_ios,price_shock_breakdown,385,1,9,0.766,42.78,1,email,0,0,0.12925933258824335,0.11695868075619749,0.579300138099923,0.17448184855563614,0.12925933258824335
sess_42_001468,5018.71,upi,mobile_ios,upi_app_switch_abort,416,1,5,0.758,83.2,1,none,0,0,0.049994806056778376,0.049994806056778376,0.8204386747606477,0.07442851737376392,0.0551380018088101
sess_42_001469,4066.4,cod,mobile_android,genuine_browse_abandon,450,1,4,0.478,112.5,0,whatsapp,0,0,0.39614560278704986,0.39614560278704986,0.39614560278704986,0.11931676263392972,0.0883920317919707
sess_42_001470,1671.28,cod,mobile_android,price_shock_breakdown,191,1,8,0.859,23.88,1,sms,1,1,0.23833084820766,0.32171299457016933,0.2633963223194074,0.23833084820766,0.17655983490276325
sess_42_001471,2772.6,upi,mobile_android,upi_app_switch_abort,232,1,4,0.542,58.0,0,whatsapp,0,0,0.8204386747606477,0.049994806056778376,0.8204386747606477,0.07442851737376392,0.0551380018088101
sess_42_001472,3315.55,netbanking,mobile_android,price_shock_breakdown,303,1,5,0.54,60.6,0,whatsapp,0,0,0.579300138099923,0.11695868075619749,0.579300138099923,0.17448184855563614,0.12925933258824335
sess_42_001473,9772.18,upi,mobile_android,upi_app_switch_abort,498,2,7,0.605,71.14,0,whatsapp,1,0,0.8204386747606477,0.049994806056778376,0.8204386747606477,0.07442851737376392,0.0551380018088101
sess_42_001474,1149.43,card,mobile_android,otp_timeout,194,2,9,0.628,21.56,1,email,1,0,0.09091043026509557,0.16564960413762098,0.13562242514266395,0.6078175404546194,0.09091043026509557
sess_42_001475,5608.53,card,mobile_android,otp_timeout,600,1,6,0.752,100.0,0,sms,1,1,0.36489272043655063,0.08998143702404678,0.4456809751737707,0.36489272043655063,0.09944486736563182
sess_42_001476,797.09,upi,mobile_ios,otp_timeout,32,2,11,0.789,2.91,1,sms,0,0,0.647434897682398,0.17644659353817646,0.0792825650965213,0.647434897682398,0.09683594368290428
sess_42_001477,4380.65,upi,desktop,genuine_browse_abandon,137,1,6,0.765,22.83,0,email,0,0,0.17749265122720856,0.3574263069649042,0.3574263069649042,0.10765473484298313,0.17749265122720856
sess_42_001478,1135.14,cod,mobile_ios,genuine_browse_abandon,292,1,6,0.691,48.67,0,none,0,0,0.6457304331194986,0.6457304331194986,0.10673852268549665,0.17598207275468647,0.07154897144031824
sess_42_001479,1082.69,cod,mobile_android,price_shock_breakdown,240,2,11,0.562,21.82,0,sms,0,0,0.3631189468483686,0.26900513210002774,0.2202427743860977,0.3631189468483686,0.14763314666550595
sess_42_001480,1460.47,card,mobile_ios,otp_timeout,327,2,7,0.55,46.71,1,email,1,0,0.09091043026509557,0.16564960413762098,0.13562242514266395,0.6078175404546194,0.09091043026509557
sess_42_001481,1010.3,upi,mobile_android,upi_app_switch_abort,374,1,10,0.915,37.4,1,whatsapp,1,0,0.483942482820616,0.1780324901391686,0.483942482820616,0.24031872484904457,0.0977063021911707
sess_42_001482,2488.76,upi,mobile_android,genuine_browse_abandon,363,2,10,0.526,36.3,1,none,0,0,0.7014242657747766,0.7014242657747766,0.11594465130421318,0.10491105892118391,0.07772002399982632
sess_42_001483,4536.48,upi,mobile_android,upi_app_switch_abort,454,2,8,0.659,56.75,1,whatsapp,0,0,0.8204386747606477,0.049994806056778376,0.8204386747606477,0.07442851737376392,0.0551380018088101
sess_42_001484,371.05,cod,mobile_android,price_shock_breakdown,201,1,6,0.832,33.5,1,email,0,0,0.16392226199847068,0.2986858353899521,0.13420819701225414,0.40318370559932304,0.16392226199847068
sess_42_001485,1586.12,cod,mobile_ios,upi_app_switch_abort,181,1,5,0.681,36.2,0,none,1,1,0.1996840325575982,0.1996840325575982,0.5427974771347435,0.14792956969787008,0.10958892060978828
sess_42_001486,800.37,netbanking,mobile_ios,genuine_browse_abandon,100,2,6,0.903,16.67,1,none,0,0,0.6457304331194986,0.6457304331194986,0.10673852268549665,0.17598207275468647,0.07154897144031824
sess_42_001487,3564.62,upi,mobile_android,otp_timeout,276,2,8,0.917,34.5,1,none,0,0,0.08998143702404678,0.08998143702404678,0.4456809751737707,0.36489272043655063,0.09944486736563182
sess_42_001488,5246.42,upi,mobile_android,upi_app_switch_abort,516,1,7,0.849,73.71,0,whatsapp,0,0,0.8204386747606477,0.049994806056778376,0.8204386747606477,0.07442851737376392,0.0551380018088101
sess_42_001489,1586.08,cod,mobile_android,upi_app_switch_abort,600,2,11,0.647,54.55,0,none,1,1,0.1996840325575982,0.1996840325575982,0.5427974771347435,0.14792956969787008,0.10958892060978828
sess_42_001490,1066.91,cod,desktop,genuine_browse_abandon,570,2,10,0.867,57.0,1,whatsapp,0,0,0.09813356405833273,0.5936734669792981,0.09813356405833273,0.16179489443258677,0.14639807452978248
sess_42_001491,538.4,card,mobile_android,otp_timeout,418,2,12,0.794,34.83,0,sms,0,0,0.647434897682398,0.17644659353817646,0.0792825650965213,0.647434897682398,0.09683594368290428
sess_42_001492,7797.77,netbanking,mobile_android,otp_timeout,393,1,4,0.859,98.25,1,whatsapp,0,0,0.4456809751737707,0.08998143702404678,0.4456809751737707,0.36489272043655063,0.09944486736563182
sess_42_001493,4861.96,cod,desktop,otp_timeout,191,1,6,0.551,31.83,0,sms,1,1,0.32525292510196563,0.08020638384327146,0.397264819819204,0.32525292510196563,0.19727587123555898
sess_42_001494,409.98,upi,mobile_android,genuine_browse_abandon,234,1,9,0.485,26.0,0,none,0,0,0.6784017024227375,0.6784017024227375,0.061543213951843805,0.18488603235859524,0.07516905126682347
sess_42_001495,2956.04,upi,mobile_android,upi_app_switch_abort,488,2,6,0.7,81.33,0,email,0,0,0.0551380018088101,0.049994806056778376,0.8204386747606477,0.07442851737376392,0.0551380018088101
sess_42_001496,785.17,cod,desktop,price_shock_breakdown,92,3,9,0.668,10.22,1,sms,0,0,0.3357364540241366,0.24871968248815027,0.11175695728796482,0.3357364540241366,0.3037869061997484
sess_42_001497,1234.73,cod,mobile_android,otp_timeout,318,3,14,0.75,22.71,0,sms,0,0,0.6078175404546194,0.16564960413762098,0.13562242514266395,0.6078175404546194,0.09091043026509557
sess_42_001498,708.85,upi,mobile_android,otp_timeout,553,1,10,0.877,55.3,0,sms,0,0,0.647434897682398,0.17644659353817646,0.0792825650965213,0.647434897682398,0.09683594368290428
sess_42_001499,403.19,upi,mobile_android,price_shock_breakdown,600,2,8,0.85,75.0,0,sms,0,0,0.40318370559932304,0.2986858353899521,0.13420819701225414,0.40318370559932304,0.16392226199847068
sess_42_001500,1747.27,netbanking,mobile_android,upi_app_switch_abort,600,2,7,0.466,85.71,0,whatsapp,0,0,0.5427974771347435,0.1996840325575982,0.5427974771347435,0.14792956969787008,0.10958892060978828
sess_42_001501,7491.76,upi,mobile_ios,otp_timeout,600,1,8,0.508,75.0,0,sms,0,0,0.36489272043655063,0.08998143702404678,0.4456809751737707,0.36489272043655063,0.09944486736563182
sess_42_001502,902.77,upi,mobile_ios,genuine_browse_abandon,448,2,8,0.775,56.0,0,none,0,0,0.6457304331194986,0.6457304331194986,0.10673852268549665,0.17598207275468647,0.07154897144031824
sess_42_001503,3528.01,upi,mobile_android,genuine_browse_abandon,208,1,4,0.686,52.0,1,whatsapp,0,0,0.39614560278704986,0.39614560278704986,0.39614560278704986,0.11931676263392972,0.0883920317919707
sess_42_001504,3968.8,cod,mobile_android,genuine_browse_abandon,194,2,9,0.523,21.56,1,none,0,0,0.39614560278704986,0.39614560278704986,0.39614560278704986,0.11931676263392972,0.0883920317919707
sess_42_001505,3106.69,cod,mobile_android,upi_app_switch_abort,600,2,9,0.447,66.67,1,whatsapp,1,1,0.8204386747606477,0.049994806056778376,0.8204386747606477,0.07442851737376392,0.0551380018088101
sess_42_001506,8081.58,upi,mobile_ios,genuine_browse_abandon,463,3,11,0.59,42.09,0,whatsapp,0,0,0.39614560278704986,0.39614560278704986,0.39614560278704986,0.11931676263392972,0.0883920317919707
sess_42_001507,3701.17,cod,mobile_android,genuine_browse_abandon,531,1,7,0.555,75.86,0,none,0,0,0.39614560278704986,0.39614560278704986,0.39614560278704986,0.11931676263392972,0.0883920317919707
sess_42_001508,6998.78,upi,mobile_android,upi_app_switch_abort,391,2,11,0.502,35.55,0,whatsapp,0,0,0.8204386747606477,0.049994806056778376,0.8204386747606477,0.07442851737376392,0.0551380018088101
sess_42_001509,764.87,cod,mobile_android,price_shock_breakdown,311,2,10,0.933,31.1,1,none,0,0,0.2986858353899521,0.2986858353899521,0.13420819701225414,0.40318370559932304,0.16392226199847068
sess_42_001510,3162.18,card,mobile_ios,otp_timeout,394,1,10,0.905,39.4,1,whatsapp,1,0,0.4456809751737707,0.08998143702404678,0.4456809751737707,0.36489272043655063,0.09944486736563182
sess_42_001511,5614.87,cod,mobile_ios,genuine_browse_abandon,535,1,8,0.52,66.88,0,none,0,0,0.39614560278704986,0.39614560278704986,0.39614560278704986,0.11931676263392972,0.0883920317919707
sess_42_001512,1013.33,upi,mobile_android,price_shock_breakdown,296,1,10,0.779,29.6,0,whatsapp,0,0,0.2202427743860977,0.26900513210002774,0.2202427743860977,0.3631189468483686,0.14763314666550595
sess_42_001513,150.0,upi,mobile_android,price_shock_breakdown,222,2,9,0.824,24.67,0,sms,0,0,0.40318370559932304,0.2986858353899521,0.13420819701225414,0.40318370559932304,0.16392226199847068
sess_42_001514,698.89,netbanking,mobile_ios,price_shock_breakdown,368,2,8,0.685,46.0,0,none,1,0,0.2986858353899521,0.2986858353899521,0.13420819701225414,0.40318370559932304,0.16392226199847068
sess_42_001515,1049.87,upi,mobile_android,otp_timeout,141,2,12,0.702,11.75,1,none,0,0,0.16564960413762098,0.16564960413762098,0.13562242514266395,0.6078175404546194,0.09091043026509557
sess_42_001516,2754.21,card,mobile_android,otp_timeout,113,1,4,0.558,28.25,0,whatsapp,0,0,0.4456809751737707,0.08998143702404678,0.4456809751737707,0.36489272043655063,0.09944486736563182
sess_42_001517,1182.25,cod,mobile_android,price_shock_breakdown,595,2,12,0.803,49.58,0,email,0,0,0.14763314666550595,0.26900513210002774,0.2202427743860977,0.3631189468483686,0.14763314666550595
sess_42_001518,1812.28,cod,mobile_android,genuine_browse_abandon,600,1,6,0.427,100.0,0,none,0,0,0.7014242657747766,0.7014242657747766,0.11594465130421318,0.10491105892118391,0.07772002399982632
sess_42_001519,1149.12,upi,mobile_android,price_shock_breakdown,279,1,5,0.689,55.8,0,email,0,0,0.14763314666550595,0.26900513210002774,0.2202427743860977,0.3631189468483686,0.14763314666550595
sess_42_001520,1641.87,upi,mobile_ios,upi_app_switch_abort,133,1,9,0.639,14.78,0,whatsapp,0,0,0.5427974771347435,0.1996840325575982,0.5427974771347435,0.14792956969787008,0.10958892060978828
sess_42_001521,1720.43,upi,mobile_android,genuine_browse_abandon,598,2,9,0.857,66.44,0,none,0,0,0.7014242657747766,0.7014242657747766,0.11594465130421318,0.10491105892118391,0.07772002399982632
sess_42_001522,1125.2,cod,mobile_android,price_shock_breakdown,600,1,10,0.863,60.0,0,email,1,0,0.14763314666550595,0.26900513210002774,0.2202427743860977,0.3631189468483686,0.14763314666550595
sess_42_001523,3347.4,cod,mobile_android,price_shock_breakdown,308,2,9,0.724,34.22,0,email,0,0,0.12925933258824335,0.11695868075619749,0.579300138099923,0.17448184855563614,0.12925933258824335
sess_42_001524,5091.03,upi,mobile_ios,vpa_validation_failure,600,1,10,0.587,60.0,1,email,0,0,0.12925933258824335,0.11695868075619749,0.579300138099923,0.17448184855563614,0.12925933258824335
sess_42_001525,763.83,upi,mobile_android,vpa_validation_failure,432,2,8,0.73,54.0,0,none,0,0,0.2986858353899521,0.2986858353899521,0.13420819701225414,0.40318370559932304,0.16392226199847068
sess_42_001526,2128.1,card,mobile_android,genuine_browse_abandon,425,1,5,0.713,85.0,1,none,0,0,0.7014242657747766,0.7014242657747766,0.11594465130421318,0.10491105892118391,0.07772002399982632
sess_42_001527,618.84,upi,mobile_android,upi_app_switch_abort,535,2,6,0.705,89.17,0,sms,1,0,0.30745024516137914,0.22776474356861084,0.3397850697075843,0.30745024516137914,0.12499994156242572
sess_42_001528,485.63,netbanking,mobile_android,price_shock_breakdown,255,1,6,0.661,42.5,1,none,0,0,0.2986858353899521,0.2986858353899521,0.13420819701225414,0.40318370559932304,0.16392226199847068
sess_42_001529,3933.98,netbanking,mobile_android,otp_timeout,600,2,10,0.516,60.0,0,email,1,0,0.09944486736563182,0.08998143702404678,0.4456809751737707,0.36489272043655063,0.09944486736563182
sess_42_001530,8148.22,cod,mobile_android,price_shock_breakdown,170,1,8,0.719,21.25,0,whatsapp,0,0,0.579300138099923,0.11695868075619749,0.579300138099923,0.17448184855563614,0.12925933258824335
sess_42_001531,1413.36,cod,mobile_android,genuine_browse_abandon,204,2,7,0.611,29.14,0,whatsapp,0,0,0.10673852268549665,0.6457304331194986,0.10673852268549665,0.17598207275468647,0.07154897144031824
sess_42_001532,7150.75,upi,mobile_ios,price_shock_breakdown,156,2,9,0.686,17.33,0,whatsapp,0,0,0.579300138099923,0.11695868075619749,0.579300138099923,0.17448184855563614,0.12925933258824335
sess_42_001533,1111.93,card,mobile_android,genuine_browse_abandon,266,1,4,0.799,66.5,0,none,0,0,0.6457304331194986,0.6457304331194986,0.10673852268549665,0.17598207275468647,0.07154897144031824
sess_42_001534,1516.46,cod,mobile_ios,otp_timeout,600,1,8,0.747,75.0,0,sms,1,0,0.45962498828569537,0.2282430144379751,0.18686957509559202,0.45962498828569537,0.12526242218073758
sess_42_001535,6315.75,upi,mobile_android,upi_app_switch_abort,600,2,10,0.868,60.0,0,whatsapp,1,1,0.8204386747606477,0.049994806056778376,0.8204386747606477,0.07442851737376392,0.0551380018088101
sess_42_001536,911.87,cod,mobile_android,price_shock_breakdown,146,2,6,0.579,24.33,0,sms,0,0,0.3631189468483686,0.26900513210002774,0.2202427743860977,0.3631189468483686,0.14763314666550595
sess_42_001537,3595.76,upi,mobile_android,upi_app_switch_abort,276,1,10,0.626,27.6,0,whatsapp,1,0,0.8204386747606477,0.049994806056778376,0.8204386747606477,0.07442851737376392,0.0551380018088101
sess_42_001538,1392.41,cod,mobile_android,price_shock_breakdown,232,1,9,0.625,25.78,0,sms,1,0,0.3631189468483686,0.26900513210002774,0.2202427743860977,0.3631189468483686,0.14763314666550595
sess_42_001539,1053.08,card,mobile_ios,vpa_validation_failure,423,1,4,0.476,105.75,0,email,0,0,0.14763314666550595,0.26900513210002774,0.2202427743860977,0.3631189468483686,0.14763314666550595
sess_42_001540,1234.47,upi,mobile_android,upi_app_switch_abort,577,1,4,0.483,144.25,0,none,1,1,0.1780324901391686,0.1780324901391686,0.483942482820616,0.24031872484904457,0.0977063021911707
sess_42_001541,355.59,netbanking,mobile_android,otp_timeout,156,1,9,0.869,17.33,0,sms,1,0,0.647434897682398,0.17644659353817646,0.0792825650965213,0.647434897682398,0.09683594368290428
sess_42_001542,4655.56,netbanking,mobile_android,price_shock_breakdown,339,1,9,0.901,37.67,0,email,0,0,0.12925933258824335,0.11695868075619749,0.579300138099923,0.17448184855563614,0.12925933258824335
sess_42_001543,2142.49,card,mobile_android,otp_timeout,600,1,8,0.501,75.0,1,sms,1,0,0.45962498828569537,0.2282430144379751,0.18686957509559202,0.45962498828569537,0.12526242218073758
sess_42_001544,1618.09,upi,mobile_android,otp_timeout,574,2,8,0.47,71.75,1,whatsapp,0,0,0.18686957509559202,0.2282430144379751,0.18686957509559202,0.45962498828569537,0.12526242218073758
sess_42_001545,1075.23,cod,desktop,genuine_browse_abandon,224,2,8,0.57,28.0,0,whatsapp,0,0,0.09813356405833273,0.5936734669792981,0.09813356405833273,0.16179489443258677,0.14639807452978248
sess_42_001546,2284.34,cod,mobile_android,price_shock_breakdown,343,1,7,0.829,49.0,1,whatsapp,1,1,0.2633963223194074,0.32171299457016933,0.2633963223194074,0.23833084820766,0.17655983490276325
sess_42_001547,3507.25,upi,mobile_android,price_shock_breakdown,600,2,10,0.795,60.0,1,whatsapp,0,0,0.579300138099923,0.11695868075619749,0.579300138099923,0.17448184855563614,0.12925933258824335
sess_42_001548,1471.58,cod,mobile_android,price_shock_breakdown,519,2,10,0.932,51.9,0,whatsapp,1,0,0.2202427743860977,0.26900513210002774,0.2202427743860977,0.3631189468483686,0.14763314666550595
sess_42_001549,3724.52,cod,mobile_ios,otp_timeout,523,1,7,0.924,74.71,0,sms,0,0,0.36489272043655063,0.08998143702404678,0.4456809751737707,0.36489272043655063,0.09944486736563182
sess_42_001550,2222.36,cod,mobile_android,genuine_browse_abandon,583,1,7,0.585,83.29,0,none,0,0,0.7014242657747766,0.7014242657747766,0.11594465130421318,0.10491105892118391,0.07772002399982632
sess_42_001551,1685.75,cod,mobile_android,genuine_browse_abandon,381,1,8,0.557,47.62,1,none,0,0,0.7014242657747766,0.7014242657747766,0.11594465130421318,0.10491105892118391,0.07772002399982632
sess_42_001552,3584.13,upi,mobile_android,otp_timeout,126,1,10,0.499,12.6,1,none,1,0,0.08998143702404678,0.08998143702404678,0.4456809751737707,0.36489272043655063,0.09944486736563182
sess_42_001553,1235.29,upi,mobile_android,upi_app_switch_abort,260,1,7,0.686,37.14,1,none,0,0,0.1780324901391686,0.1780324901391686,0.483942482820616,0.24031872484904457,0.0977063021911707
sess_42_001554,707.23,upi,mobile_android,price_shock_breakdown,600,1,7,0.839,85.71,0,sms,1,0,0.40318370559932304,0.2986858353899521,0.13420819701225414,0.40318370559932304,0.16392226199847068
sess_42_001555,1737.47,netbanking,mobile_android,otp_timeout,256,2,9,0.801,28.44,0,sms,1,1,0.45962498828569537,0.2282430144379751,0.18686957509559202,0.45962498828569537,0.12526242218073758
sess_42_001556,1856.52,upi,mobile_ios,vpa_validation_failure,470,2,12,0.555,39.17,0,sms,0,0,0.23833084820766,0.32171299457016933,0.2633963223194074,0.23833084820766,0.17655983490276325
sess_42_001557,1530.36,cod,mobile_android,price_shock_breakdown,146,1,4,0.618,36.5,0,whatsapp,0,0,0.2633963223194074,0.32171299457016933,0.2633963223194074,0.23833084820766,0.17655983490276325
sess_42_001558,4413.49,card,mobile_ios,price_shock_breakdown,460,1,4,0.814,115.0,1,email,0,0,0.12925933258824335,0.11695868075619749,0.579300138099923,0.17448184855563614,0.12925933258824335
sess_42_001559,2631.66,upi,mobile_android,genuine_browse_abandon,351,1,6,0.597,58.5,0,none,0,0,0.39614560278704986,0.39614560278704986,0.39614560278704986,0.11931676263392972,0.0883920317919707
sess_42_001560,1658.56,upi,mobile_ios,upi_app_switch_abort,405,2,8,0.589,50.62,0,whatsapp,0,0,0.5427974771347435,0.1996840325575982,0.5427974771347435,0.14792956969787008,0.10958892060978828
sess_42_001561,1800.59,card,mobile_android,otp_timeout,337,1,6,0.812,56.17,0,whatsapp,0,0,0.18686957509559202,0.2282430144379751,0.18686957509559202,0.45962498828569537,0.12526242218073758
sess_42_001562,1920.75,upi,mobile_ios,price_shock_breakdown,572,3,10,0.655,57.2,1,none,0,0,0.32171299457016933,0.32171299457016933,0.2633963223194074,0.23833084820766,0.17655983490276325
sess_42_001563,2682.59,card,mobile_android,otp_timeout,309,2,7,0.435,44.14,1,whatsapp,1,0,0.4456809751737707,0.08998143702404678,0.4456809751737707,0.36489272043655063,0.09944486736563182
sess_42_001564,1880.7,cod,mobile_android,genuine_browse_abandon,533,2,12,0.877,44.42,1,none,0,0,0.7014242657747766,0.7014242657747766,0.11594465130421318,0.10491105892118391,0.07772002399982632
sess_42_001565,1610.26,upi,mobile_android,upi_app_switch_abort,600,3,10,0.895,60.0,0,whatsapp,1,0,0.5427974771347435,0.1996840325575982,0.5427974771347435,0.14792956969787008,0.10958892060978828
sess_42_001566,664.71,upi,mobile_android,upi_app_switch_abort,312,1,5,0.826,62.4,0,sms,0,0,0.30745024516137914,0.22776474356861084,0.3397850697075843,0.30745024516137914,0.12499994156242572
sess_42_001567,1061.73,card,desktop,price_shock_breakdown,597,2,12,0.699,49.75,1,sms,0,0,0.30748546000659815,0.22779083136758763,0.1864993589098446,0.30748546000659815,0.2782243497159696
sess_42_001568,2225.53,card,mobile_android,price_shock_breakdown,448,1,10,0.832,44.8,0,sms,0,0,0.23833084820766,0.32171299457016933,0.2633963223194074,0.23833084820766,0.17655983490276325
sess_42_001569,2081.83,netbanking,mobile_android,otp_timeout,315,2,7,0.797,45.0,0,sms,0,0,0.45962498828569537,0.2282430144379751,0.18686957509559202,0.45962498828569537,0.12526242218073758
sess_42_001570,593.48,upi,mobile_android,upi_app_switch_abort,436,1,5,0.645,87.2,1,email,0,0,0.12499994156242572,0.22776474356861084,0.3397850697075843,0.30745024516137914,0.12499994156242572
sess_42_001571,1186.26,netbanking,mobile_android,otp_timeout,583,3,8,0.606,72.88,1,none,1,0,0.16564960413762098,0.16564960413762098,0.13562242514266395,0.6078175404546194,0.09091043026509557
sess_42_001572,900.26,cod,mobile_android,otp_timeout,258,2,8,0.908,32.25,1,none,1,1,0.16564960413762098,0.16564960413762098,0.13562242514266395,0.6078175404546194,0.09091043026509557
sess_42_001573,5031.51,upi,mobile_android,vpa_validation_failure,430,1,10,0.66,43.0,0,sms,0,0,0.17448184855563614,0.11695868075619749,0.579300138099923,0.17448184855563614,0.12925933258824335
sess_42_001574,2182.77,upi,mobile_android,price_shock_breakdown,308,2,7,0.497,44.0,1,whatsapp,0,0,0.2633963223194074,0.32171299457016933,0.2633963223194074,0.23833084820766,0.17655983490276325
sess_42_001575,2496.79,cod,desktop,price_shock_breakdown,291,1,7,0.493,41.57,0,email,0,0,0.32304108720794833,0.2644836726048936,0.21654091644863488,0.19593432373852326,0.32304108720794833
sess_42_001576,1719.79,cod,mobile_android,price_shock_breakdown,195,1,8,0.622,24.38,0,whatsapp,1,1,0.2633963223194074,0.32171299457016933,0.2633963223194074,0.23833084820766,0.17655983490276325
sess_42_001577,1130.32,card,mobile_ios,upi_app_switch_abort,119,3,14,0.663,8.5,0,sms,0,0,0.24031872484904457,0.1780324901391686,0.483942482820616,0.24031872484904457,0.0977063021911707
sess_42_001578,1294.55,upi,mobile_ios,vpa_validation_failure,222,1,5,0.486,44.4,0,whatsapp,1,1,0.2202427743860977,0.26900513210002774,0.2202427743860977,0.3631189468483686,0.14763314666550595
sess_42_001579,2616.37,netbanking,mobile_android,upi_app_switch_abort,468,2,6,0.648,78.0,1,whatsapp,0,0,0.8204386747606477,0.049994806056778376,0.8204386747606477,0.07442851737376392,0.0551380018088101
sess_42_001580,1487.61,netbanking,mobile_android,otp_timeout,600,1,8,0.54,75.0,0,sms,1,0,0.6078175404546194,0.16564960413762098,0.13562242514266395,0.6078175404546194,0.09091043026509557
sess_42_001581,2636.78,netbanking,mobile_ios,otp_timeout,224,1,7,0.884,32.0,0,sms,1,0,0.36489272043655063,0.08998143702404678,0.4456809751737707,0.36489272043655063,0.09944486736563182
sess_42_001582,2012.69,upi,mobile_android,price_shock_breakdown,388,1,4,0.729,97.0,1,none,0,0,0.32171299457016933,0.32171299457016933,0.2633963223194074,0.23833084820766,0.17655983490276325
sess_42_001583,2256.7,upi,desktop,price_shock_breakdown,216,1,6,0.634,36.0,1,email,1,0,0.32304108720794833,0.2644836726048936,0.21654091644863488,0.19593432373852326,0.32304108720794833
sess_42_001584,2344.71,netbanking,mobile_android,genuine_browse_abandon,593,1,6,0.776,98.83,0,none,0,0,0.7014242657747766,0.7014242657747766,0.11594465130421318,0.10491105892118391,0.07772002399982632
sess_42_001585,1218.51,upi,mobile_android,upi_app_switch_abort,266,2,8,0.888,33.25,0,sms,1,0,0.24031872484904457,0.1780324901391686,0.483942482820616,0.24031872484904457,0.0977063021911707
sess_42_001586,1431.97,cod,mobile_ios,genuine_browse_abandon,182,1,9,0.456,20.22,1,none,0,0,0.6457304331194986,0.6457304331194986,0.10673852268549665,0.17598207275468647,0.07154897144031824
sess_42_001587,3574.69,upi,mobile_android,upi_app_switch_abort,590,2,11,0.788,53.64,0,whatsapp,1,1,0.8204386747606477,0.049994806056778376,0.8204386747606477,0.07442851737376392,0.0551380018088101
sess_42_001588,7113.65,upi,mobile_android,upi_app_switch_abort,262,2,9,0.613,29.11,0,email,0,0,0.0551380018088101,0.049994806056778376,0.8204386747606477,0.07442851737376392,0.0551380018088101
sess_42_001589,3599.3,cod,mobile_android,genuine_browse_abandon,539,1,9,0.744,59.89,0,none,0,0,0.39614560278704986,0.39614560278704986,0.39614560278704986,0.11931676263392972,0.0883920317919707
sess_42_001590,223.25,upi,mobile_android,price_shock_breakdown,421,3,11,0.741,38.27,1,sms,0,0,0.40318370559932304,0.2986858353899521,0.13420819701225414,0.40318370559932304,0.16392226199847068
sess_42_001591,1024.03,cod,mobile_android,genuine_browse_abandon,463,1,7,0.471,66.14,0,email,0,0,0.07154897144031824,0.6457304331194986,0.10673852268549665,0.17598207275468647,0.07154897144031824
sess_42_001592,1970.49,cod,mobile_android,upi_app_switch_abort,362,2,10,0.773,36.2,0,none,0,0,0.1996840325575982,0.1996840325575982,0.5427974771347435,0.14792956969787008,0.10958892060978828
sess_42_001593,793.41,cod,mobile_android,price_shock_breakdown,589,2,6,0.514,98.17,0,none,0,0,0.2986858353899521,0.2986858353899521,0.13420819701225414,0.40318370559932304,0.16392226199847068
sess_42_001594,766.0,netbanking,mobile_android,price_shock_breakdown,181,1,4,0.822,45.25,0,sms,0,0,0.40318370559932304,0.2986858353899521,0.13420819701225414,0.40318370559932304,0.16392226199847068
sess_42_001595,1320.76,card,mobile_android,otp_timeout,489,2,12,0.548,40.75,1,sms,0,0,0.6078175404546194,0.16564960413762098,0.13562242514266395,0.6078175404546194,0.09091043026509557
sess_42_001596,2342.54,cod,mobile_ios,price_shock_breakdown,185,1,8,0.61,23.12,1,sms,0,0,0.23833084820766,0.32171299457016933,0.2633963223194074,0.23833084820766,0.17655983490276325
sess_42_001597,2873.12,cod,mobile_ios,price_shock_breakdown,456,1,4,0.826,114.0,1,sms,0,0,0.17448184855563614,0.11695868075619749,0.579300138099923,0.17448184855563614,0.12925933258824335
sess_42_001598,1372.64,netbanking,mobile_ios,price_shock_breakdown,462,2,12,0.571,38.5,0,none,0,0,0.26900513210002774,0.26900513210002774,0.2202427743860977,0.3631189468483686,0.14763314666550595
sess_42_001599,1295.83,upi,mobile_android,upi_app_switch_abort,600,2,9,0.74,66.67,1,whatsapp,0,0,0.483942482820616,0.1780324901391686,0.483942482820616,0.24031872484904457,0.0977063021911707
sess_42_001600,960.29,upi,mobile_android,upi_app_switch_abort,487,1,6,0.434,81.17,0,none,0,0,0.1780324901391686,0.1780324901391686,0.483942482820616,0.24031872484904457,0.0977063021911707
sess_42_001601,2644.73,netbanking,mobile_android,price_shock_breakdown,480,2,7,0.467,68.57,0,none,0,0,0.11695868075619749,0.11695868075619749,0.579300138099923,0.17448184855563614,0.12925933258824335
sess_42_001602,2514.72,netbanking,desktop,genuine_browse_abandon,497,2,10,0.895,49.7,0,whatsapp,0,0,0.3574263069649042,0.3574263069649042,0.3574263069649042,0.10765473484298313,0.17749265122720856
sess_42_001603,3569.87,cod,mobile_android,price_shock_breakdown,444,1,7,0.454,63.43,1,sms,0,0,0.17448184855563614,0.11695868075619749,0.579300138099923,0.17448184855563614,0.12925933258824335
sess_42_001604,1992.84,upi,mobile_android,genuine_browse_abandon,600,1,10,0.565,60.0,1,none,1,0,0.7014242657747766,0.7014242657747766,0.11594465130421318,0.10491105892118391,0.07772002399982632
sess_42_001605,676.27,card,mobile_android,price_shock_breakdown,84,1,4,0.836,21.0,1,whatsapp,0,0,0.13420819701225414,0.2986858353899521,0.13420819701225414,0.40318370559932304,0.16392226199847068
sess_42_001606,1391.77,card,desktop,otp_timeout,278,2,11,0.73,25.27,0,none,0,0,0.14904395356123945,0.14904395356123945,0.12202686834091331,0.5468864821310532,0.18204269596679412
sess_42_001607,3438.15,upi,mobile_android,genuine_browse_abandon,573,1,4,0.55,143.25,0,whatsapp,0,0,0.39614560278704986,0.39614560278704986,0.39614560278704986,0.11931676263392972,0.0883920317919707
sess_42_001608,491.96,upi,mobile_android,price_shock_breakdown,461,1,8,0.553,57.62,0,email,0,0,0.16392226199847068,0.2986858353899521,0.13420819701225414,0.40318370559932304,0.16392226199847068
sess_42_001609,1696.6,upi,mobile_android,upi_app_switch_abort,178,1,9,0.569,19.78,0,none,1,1,0.1996840325575982,0.1996840325575982,0.5427974771347435,0.14792956969787008,0.10958892060978828
sess_42_001610,2239.18,upi,mobile_ios,otp_timeout,505,2,10,0.601,50.5,0,sms,1,0,0.45962498828569537,0.2282430144379751,0.18686957509559202,0.45962498828569537,0.12526242218073758
sess_42_001611,8125.52,upi,mobile_android,vpa_validation_failure,305,1,5,0.578,61.0,1,whatsapp,0,0,0.579300138099923,0.11695868075619749,0.579300138099923,0.17448184855563614,0.12925933258824335
sess_42_001612,1151.9,cod,desktop,upi_app_switch_abort,438,1,7,0.661,62.57,1,email,0,0,0.19419577568817373,0.1589940536737414,0.4321906469343732,0.2146195237037115,0.19419577568817373
sess_42_001613,1650.35,card,desktop,genuine_browse_abandon,600,2,7,0.626,85.71,0,none,0,0,0.6404244338089113,0.6404244338089113,0.10586144689855206,0.0957873982812367,0.15792672101129984
sess_42_001614,6410.56,upi,mobile_ios,upi_app_switch_abort,555,2,9,0.827,61.67,1,whatsapp,0,0,0.8204386747606477,0.049994806056778376,0.8204386747606477,0.07442851737376392,0.0551380018088101
sess_42_001615,1163.0,card,mobile_android,otp_timeout,378,3,8,0.85,47.25,1,sms,1,0,0.6078175404546194,0.16564960413762098,0.13562242514266395,0.6078175404546194,0.09091043026509557
sess_42_001616,4048.21,card,desktop,price_shock_breakdown,587,1,10,0.704,58.7,0,email,0,0,0.24833287763768827,0.10096461356355876,0.5000810046968293,0.1506215041019237,0.24833287763768827
sess_42_001617,2427.2,upi,mobile_android,genuine_browse_abandon,590,2,11,0.459,53.64,1,none,0,0,0.7014242657747766,0.7014242657747766,0.11594465130421318,0.10491105892118391,0.07772002399982632
sess_42_001618,1531.86,card,mobile_android,price_shock_breakdown,389,2,6,0.714,64.83,0,none,0,0,0.32171299457016933,0.32171299457016933,0.2633963223194074,0.23833084820766,0.17655983490276325
sess_42_001619,2536.94,card,mobile_android,otp_timeout,600,2,9,0.615,66.67,1,whatsapp,0,0,0.4456809751737707,0.08998143702404678,0.4456809751737707,0.36489272043655063,0.09944486736563182
sess_42_001620,1618.68,upi,mobile_android,upi_app_switch_abort,267,1,7,0.531,38.14,0,whatsapp,0,0,0.5427974771347435,0.1996840325575982,0.5427974771347435,0.14792956969787008,0.10958892060978828
sess_42_001621,9831.64,card,desktop,genuine_browse_abandon,600,2,11,0.697,54.55,1,none,0,0,0.3574263069649042,0.3574263069649042,0.3574263069649042,0.10765473484298313,0.17749265122720856
sess_42_001622,384.07,netbanking,desktop,otp_timeout,554,1,6,0.923,92.33,0,email,0,0,0.19264941464719262,0.1577280003341284,0.07087175900241471,0.5787508260162643,0.19264941464719262
sess_42_001623,1462.86,cod,mobile_android,otp_timeout,183,2,9,0.587,20.33,1,none,1,1,0.16564960413762098,0.16564960413762098,0.13562242514266395,0.6078175404546194,0.09091043026509557
sess_42_001624,1495.38,upi,mobile_android,upi_app_switch_abort,407,1,6,0.478,67.83,1,sms,1,0,0.24031872484904457,0.1780324901391686,0.483942482820616,0.24031872484904457,0.0977063021911707
sess_42_001625,1635.18,cod,desktop,genuine_browse_abandon,444,2,10,0.496,44.4,0,none,0,0,0.6404244338089113,0.6404244338089113,0.10586144689855206,0.0957873982812367,0.15792672101129984
sess_42_001626,4065.61,upi,mobile_android,genuine_browse_abandon,400,2,8,0.593,50.0,0,whatsapp,0,0,0.39614560278704986,0.39614560278704986,0.39614560278704986,0.11931676263392972,0.0883920317919707
sess_42_001627,1293.0,card,mobile_android,otp_timeout,600,1,7,0.713,85.71,0,sms,0,0,0.6078175404546194,0.16564960413762098,0.13562242514266395,0.6078175404546194,0.09091043026509557
sess_42_001628,2615.03,cod,mobile_android,price_shock_breakdown,589,1,4,0.481,147.25,1,whatsapp,0,0,0.579300138099923,0.11695868075619749,0.579300138099923,0.17448184855563614,0.12925933258824335
sess_42_001629,2150.81,cod,mobile_android,genuine_browse_abandon,310,1,9,0.813,34.44,0,none,0,0,0.7014242657747766,0.7014242657747766,0.11594465130421318,0.10491105892118391,0.07772002399982632
sess_42_001630,3390.92,cod,mobile_android,genuine_browse_abandon,491,2,6,0.894,81.83,0,none,0,0,0.39614560278704986,0.39614560278704986,0.39614560278704986,0.11931676263392972,0.0883920317919707
sess_42_001631,1631.27,card,mobile_android,price_shock_breakdown,460,2,8,0.928,57.5,0,email,1,1,0.17655983490276325,0.32171299457016933,0.2633963223194074,0.23833084820766,0.17655983490276325
sess_42_001632,2302.28,cod,desktop,genuine_browse_abandon,189,1,8,0.707,23.62,0,none,0,0,0.6404244338089113,0.6404244338089113,0.10586144689855206,0.0957873982812367,0.15792672101129984
sess_42_001633,1648.17,upi,desktop,price_shock_breakdown,505,1,4,0.466,126.25,0,email,0,0,0.32304108720794833,0.2644836726048936,0.21654091644863488,0.19593432373852326,0.32304108720794833
sess_42_001634,863.04,upi,mobile_android,vpa_validation_failure,462,1,8,0.849,57.75,0,sms,1,0,0.3631189468483686,0.26900513210002774,0.2202427743860977,0.3631189468483686,0.14763314666550595
sess_42_001635,5998.58,upi,mobile_android,upi_app_switch_abort,600,1,5,0.855,120.0,0,whatsapp,0,0,0.8204386747606477,0.049994806056778376,0.8204386747606477,0.07442851737376392,0.0551380018088101
sess_42_001636,1020.82,netbanking,mobile_android,price_shock_breakdown,351,2,12,0.592,29.25,1,whatsapp,0,0,0.2202427743860977,0.26900513210002774,0.2202427743860977,0.3631189468483686,0.14763314666550595
sess_42_001637,1262.86,card,mobile_android,otp_timeout,265,1,7,0.722,37.86,0,whatsapp,0,0,0.13562242514266395,0.16564960413762098,0.13562242514266395,0.6078175404546194,0.09091043026509557
sess_42_001638,950.88,cod,mobile_android,price_shock_breakdown,422,2,9,0.59,46.89,1,email,0,0,0.14763314666550595,0.26900513210002774,0.2202427743860977,0.3631189468483686,0.14763314666550595
sess_42_001639,2444.3,card,desktop,otp_timeout,522,2,7,0.771,74.57,0,none,0,0,0.19786753336435833,0.19786753336435833,0.16200023460108376,0.39845628103298136,0.24167595100157666
sess_42_001640,1263.17,upi,mobile_android,upi_app_switch_abort,208,1,9,0.816,23.11,0,none,0,0,0.1780324901391686,0.1780324901391686,0.483942482820616,0.24031872484904457,0.0977063021911707
sess_42_001641,5633.19,netbanking,mobile_android,upi_app_switch_abort,296,1,5,0.59,59.2,0,whatsapp,0,0,0.8204386747606477,0.049994806056778376,0.8204386747606477,0.07442851737376392,0.0551380018088101
sess_42_001642,2698.53,netbanking,mobile_android,otp_timeout,106,2,10,0.45,10.6,0,whatsapp,0,0,0.4456809751737707,0.08998143702404678,0.4456809751737707,0.36489272043655063,0.09944486736563182
sess_42_001643,1469.04,upi,mobile_android,price_shock_breakdown,305,1,10,0.639,30.5,0,whatsapp,1,0,0.2202427743860977,0.26900513210002774,0.2202427743860977,0.3631189468483686,0.14763314666550595
sess_42_001644,913.87,cod,mobile_android,otp_timeout,192,2,9,0.545,21.33,0,sms,1,0,0.6078175404546194,0.16564960413762098,0.13562242514266395,0.6078175404546194,0.09091043026509557
sess_42_001645,1663.98,upi,mobile_ios,price_shock_breakdown,357,2,8,0.642,44.62,1,email,1,0,0.17655983490276325,0.32171299457016933,0.2633963223194074,0.23833084820766,0.17655983490276325
sess_42_001646,2670.5,cod,mobile_android,genuine_browse_abandon,569,1,9,0.927,63.22,1,none,1,0,0.39614560278704986,0.39614560278704986,0.39614560278704986,0.11931676263392972,0.0883920317919707
sess_42_001647,1746.88,cod,mobile_android,price_shock_breakdown,353,1,4,0.433,88.25,0,none,0,0,0.32171299457016933,0.32171299457016933,0.2633963223194074,0.23833084820766,0.17655983490276325
sess_42_001648,1627.39,netbanking,mobile_ios,genuine_browse_abandon,122,1,5,0.586,24.4,0,sms,0,0,0.10491105892118391,0.7014242657747766,0.11594465130421318,0.10491105892118391,0.07772002399982632
sess_42_001649,841.05,upi,mobile_android,price_shock_breakdown,128,2,10,0.689,12.8,0,sms,0,0,0.3631189468483686,0.26900513210002774,0.2202427743860977,0.3631189468483686,0.14763314666550595
sess_42_001650,9724.08,upi,mobile_android,vpa_validation_failure,366,2,7,0.668,52.29,0,whatsapp,0,0,0.579300138099923,0.11695868075619749,0.579300138099923,0.17448184855563614,0.12925933258824335
sess_42_001651,1554.9,cod,mobile_android,otp_timeout,368,1,9,0.541,40.89,0,sms,1,0,0.45962498828569537,0.2282430144379751,0.18686957509559202,0.45962498828569537,0.12526242218073758
sess_42_001652,644.91,card,mobile_android,price_shock_breakdown,133,1,4,0.802,33.25,1,none,0,0,0.2986858353899521,0.2986858353899521,0.13420819701225414,0.40318370559932304,0.16392226199847068
sess_42_001653,807.32,netbanking,desktop,otp_timeout,590,1,5,0.567,118.0,0,sms,0,0,0.5468864821310532,0.14904395356123945,0.12202686834091331,0.5468864821310532,0.18204269596679412
sess_42_001654,1396.78,netbanking,mobile_ios,price_shock_breakdown,359,2,11,0.528,32.64,0,sms,0,0,0.3631189468483686,0.26900513210002774,0.2202427743860977,0.3631189468483686,0.14763314666550595
sess_42_001655,7774.32,cod,mobile_android,otp_timeout,482,3,11,0.872,43.82,0,sms,0,0,0.36489272043655063,0.08998143702404678,0.4456809751737707,0.36489272043655063,0.09944486736563182
sess_42_001656,1591.13,cod,mobile_android,price_shock_breakdown,384,1,9,0.837,42.67,0,none,0,0,0.32171299457016933,0.32171299457016933,0.2633963223194074,0.23833084820766,0.17655983490276325
sess_42_001657,1364.98,netbanking,mobile_android,otp_timeout,522,1,4,0.699,130.5,1,sms,0,0,0.6078175404546194,0.16564960413762098,0.13562242514266395,0.6078175404546194,0.09091043026509557
sess_42_001658,3406.77,netbanking,mobile_android,price_shock_breakdown,319,2,9,0.548,35.44,0,whatsapp,0,0,0.579300138099923,0.11695868075619749,0.579300138099923,0.17448184855563614,0.12925933258824335
sess_42_001659,3598.47,cod,mobile_android,price_shock_breakdown,238,1,5,0.893,47.6,0,whatsapp,0,0,0.579300138099923,0.11695868075619749,0.579300138099923,0.17448184855563614,0.12925933258824335
sess_42_001660,2964.06,cod,mobile_android,price_shock_breakdown,599,2,11,0.584,54.45,1,email,0,0,0.12925933258824335,0.11695868075619749,0.579300138099923,0.17448184855563614,0.12925933258824335
sess_42_001661,2100.45,upi,mobile_android,otp_timeout,498,2,7,0.67,71.14,0,sms,0,0,0.45962498828569537,0.2282430144379751,0.18686957509559202,0.45962498828569537,0.12526242218073758
sess_42_001662,789.77,upi,mobile_android,genuine_browse_abandon,600,3,12,0.898,50.0,0,sms,0,0,0.18488603235859524,0.6784017024227375,0.061543213951843805,0.18488603235859524,0.07516905126682347
sess_42_001663,1029.41,upi,mobile_android,genuine_browse_abandon,141,2,11,0.824,12.82,0,sms,0,0,0.17598207275468647,0.6457304331194986,0.10673852268549665,0.17598207275468647,0.07154897144031824
sess_42_001664,548.29,cod,mobile_ios,price_shock_breakdown,443,1,8,0.672,55.38,0,sms,0,0,0.40318370559932304,0.2986858353899521,0.13420819701225414,0.40318370559932304,0.16392226199847068
sess_42_001665,1528.48,card,mobile_ios,otp_timeout,198,2,7,0.654,28.29,0,sms,0,0,0.45962498828569537,0.2282430144379751,0.18686957509559202,0.45962498828569537,0.12526242218073758
sess_42_001666,1314.89,cod,mobile_ios,price_shock_breakdown,134,2,7,0.574,19.14,0,sms,0,0,0.3631189468483686,0.26900513210002774,0.2202427743860977,0.3631189468483686,0.14763314666550595
sess_42_001667,1216.42,cod,mobile_android,genuine_browse_abandon,600,1,4,0.812,150.0,1,sms,0,0,0.17598207275468647,0.6457304331194986,0.10673852268549665,0.17598207275468647,0.07154897144031824
sess_42_001668,2229.31,upi,mobile_android,upi_app_switch_abort,539,2,11,0.917,49.0,1,none,1,0,0.1996840325575982,0.1996840325575982,0.5427974771347435,0.14792956969787008,0.10958892060978828
sess_42_001669,1104.46,cod,mobile_android,price_shock_breakdown,189,1,6,0.855,31.5,1,none,0,0,0.26900513210002774,0.26900513210002774,0.2202427743860977,0.3631189468483686,0.14763314666550595
sess_42_001670,1400.59,upi,mobile_android,upi_app_switch_abort,216,2,7,0.654,30.86,0,whatsapp,1,1,0.483942482820616,0.1780324901391686,0.483942482820616,0.24031872484904457,0.0977063021911707
sess_42_001671,1255.45,cod,desktop,genuine_browse_abandon,349,2,12,0.93,29.08,0,none,0,0,0.5936734669792981,0.5936734669792981,0.09813356405833273,0.16179489443258677,0.14639807452978248
sess_42_001672,1765.36,cod,mobile_android,genuine_browse_abandon,220,2,7,0.435,31.43,0,sms,0,0,0.10491105892118391,0.7014242657747766,0.11594465130421318,0.10491105892118391,0.07772002399982632
sess_42_001673,2376.72,card,mobile_android,genuine_browse_abandon,600,2,9,0.595,66.67,1,email,0,0,0.07772002399982632,0.7014242657747766,0.11594465130421318,0.10491105892118391,0.07772002399982632
sess_42_001674,659.58,upi,mobile_android,upi_app_switch_abort,393,2,10,0.837,39.3,0,sms,1,0,0.30745024516137914,0.22776474356861084,0.3397850697075843,0.30745024516137914,0.12499994156242572
sess_42_001675,2539.98,upi,mobile_android,upi_app_switch_abort,446,1,7,0.907,63.71,0,whatsapp,1,1,0.8204386747606477,0.049994806056778376,0.8204386747606477,0.07442851737376392,0.0551380018088101
sess_42_001676,2204.35,cod,desktop,price_shock_breakdown,497,2,9,0.92,55.22,1,sms,0,0,0.19593432373852326,0.2644836726048936,0.21654091644863488,0.19593432373852326,0.32304108720794833
sess_42_001677,2474.94,netbanking,mobile_android,upi_app_switch_abort,202,1,9,0.691,22.44,0,whatsapp,1,1,0.5427974771347435,0.1996840325575982,0.5427974771347435,0.14792956969787008,0.10958892060978828
sess_42_001678,1998.04,netbanking,mobile_ios,upi_app_switch_abort,495,1,4,0.892,123.75,0,whatsapp,0,0,0.5427974771347435,0.1996840325575982,0.5427974771347435,0.14792956969787008,0.10958892060978828
sess_42_001679,2371.25,upi,mobile_android,upi_app_switch_abort,311,2,9,0.738,34.56,0,whatsapp,1,1,0.5427974771347435,0.1996840325575982,0.5427974771347435,0.14792956969787008,0.10958892060978828
sess_42_001680,1323.79,card,mobile_android,otp_timeout,559,2,12,0.817,46.58,0,sms,1,1,0.6078175404546194,0.16564960413762098,0.13562242514266395,0.6078175404546194,0.09091043026509557
sess_42_001681,2521.29,card,mobile_android,otp_timeout,358,2,11,0.719,32.55,0,sms,1,0,0.36489272043655063,0.08998143702404678,0.4456809751737707,0.36489272043655063,0.09944486736563182
sess_42_001682,4265.97,netbanking,mobile_android,otp_timeout,87,2,9,0.582,9.67,1,sms,1,0,0.36489272043655063,0.08998143702404678,0.4456809751737707,0.36489272043655063,0.09944486736563182
sess_42_001683,1246.96,card,mobile_android,price_shock_breakdown,366,2,6,0.515,61.0,1,whatsapp,1,0,0.2202427743860977,0.26900513210002774,0.2202427743860977,0.3631189468483686,0.14763314666550595
sess_42_001684,1281.36,upi,mobile_android,upi_app_switch_abort,600,2,8,0.755,75.0,1,whatsapp,1,0,0.483942482820616,0.1780324901391686,0.483942482820616,0.24031872484904457,0.0977063021911707
sess_42_001685,2901.2,upi,mobile_android,price_shock_breakdown,600,2,7,0.861,85.71,0,whatsapp,1,0,0.579300138099923,0.11695868075619749,0.579300138099923,0.17448184855563614,0.12925933258824335
sess_42_001686,1193.32,netbanking,mobile_ios,price_shock_breakdown,199,2,7,0.736,28.43,1,email,0,0,0.14763314666550595,0.26900513210002774,0.2202427743860977,0.3631189468483686,0.14763314666550595
sess_42_001687,1054.24,upi,mobile_android,otp_timeout,419,1,6,0.713,69.83,0,sms,0,0,0.6078175404546194,0.16564960413762098,0.13562242514266395,0.6078175404546194,0.09091043026509557
sess_42_001688,2481.53,upi,mobile_android,upi_app_switch_abort,473,2,7,0.642,67.57,0,whatsapp,1,1,0.5427974771347435,0.1996840325575982,0.5427974771347435,0.14792956969787008,0.10958892060978828
sess_42_001689,1309.17,cod,mobile_android,genuine_browse_abandon,494,1,6,0.61,82.33,1,email,0,0,0.07154897144031824,0.6457304331194986,0.10673852268549665,0.17598207275468647,0.07154897144031824
sess_42_001690,4520.19,upi,desktop,upi_app_switch_abort,257,2,9,0.9,28.56,0,whatsapp,0,0,0.766083108012708,0.049837407703541635,0.766083108012708,0.06949749160850477,0.1145819926752455
sess_42_001691,1274.54,cod,desktop,genuine_browse_abandon,297,2,6,0.458,49.5,0,email,0,0,0.14639807452978248,0.5936734669792981,0.09813356405833273,0.16179489443258677,0.14639807452978248
sess_42_001692,978.15,cod,mobile_android,otp_timeout,600,1,4,0.701,150.0,0,sms,0,0,0.6078175404546194,0.16564960413762098,0.13562242514266395,0.6078175404546194,0.09091043026509557
sess_42_001693,1801.56,upi,mobile_android,upi_app_switch_abort,533,1,7,0.5,76.14,0,none,1,0,0.1996840325575982,0.1996840325575982,0.5427974771347435,0.14792956969787008,0.10958892060978828
sess_42_001694,2506.32,upi,mobile_android,genuine_browse_abandon,180,1,5,0.708,36.0,0,sms,0,0,0.11931676263392972,0.39614560278704986,0.39614560278704986,0.11931676263392972,0.0883920317919707
sess_42_001695,2299.02,card,mobile_android,price_shock_breakdown,379,2,7,0.605,54.14,1,none,0,0,0.32171299457016933,0.32171299457016933,0.2633963223194074,0.23833084820766,0.17655983490276325
sess_42_001696,2708.59,upi,mobile_ios,price_shock_breakdown,91,1,6,0.473,15.17,0,whatsapp,0,0,0.579300138099923,0.11695868075619749,0.579300138099923,0.17448184855563614,0.12925933258824335
sess_42_001697,1194.08,card,mobile_android,price_shock_breakdown,569,1,7,0.457,81.29,0,none,0,0,0.26900513210002774,0.26900513210002774,0.2202427743860977,0.3631189468483686,0.14763314666550595
sess_42_001698,4237.04,cod,mobile_android,genuine_browse_abandon,250,2,6,0.822,41.67,0,email,0,0,0.0883920317919707,0.39614560278704986,0.39614560278704986,0.11931676263392972,0.0883920317919707
sess_42_001699,522.43,card,mobile_ios,upi_app_switch_abort,498,2,12,0.47,41.5,1,sms,1,0,0.30745024516137914,0.22776474356861084,0.3397850697075843,0.30745024516137914,0.12499994156242572
sess_42_001700,1006.62,cod,mobile_android,otp_timeout,600,2,7,0.915,85.71,0,none,1,1,0.16564960413762098,0.16564960413762098,0.13562242514266395,0.6078175404546194,0.09091043026509557
sess_42_001701,1860.83,upi,mobile_android,upi_app_switch_abort,231,2,6,0.586,38.5,0,none,1,0,0.1996840325575982,0.1996840325575982,0.5427974771347435,0.14792956969787008,0.10958892060978828
sess_42_001702,1071.87,upi,mobile_ios,vpa_validation_failure,600,2,11,0.934,54.55,0,none,1,0,0.26900513210002774,0.26900513210002774,0.2202427743860977,0.3631189468483686,0.14763314666550595
sess_42_001703,1433.29,netbanking,mobile_android,vpa_validation_failure,357,2,9,0.638,39.67,1,sms,0,0,0.3631189468483686,0.26900513210002774,0.2202427743860977,0.3631189468483686,0.14763314666550595
sess_42_001704,865.89,cod,mobile_android,price_shock_breakdown,247,2,8,0.829,30.88,1,none,1,0,0.26900513210002774,0.26900513210002774,0.2202427743860977,0.3631189468483686,0.14763314666550595
sess_42_001705,1546.71,upi,mobile_android,upi_app_switch_abort,524,2,8,0.519,65.5,0,email,0,0,0.10958892060978828,0.1996840325575982,0.5427974771347435,0.14792956969787008,0.10958892060978828
sess_42_001706,2558.84,cod,mobile_android,vpa_validation_failure,149,1,4,0.517,37.25,0,whatsapp,0,0,0.579300138099923,0.11695868075619749,0.579300138099923,0.17448184855563614,0.12925933258824335
sess_42_001707,1209.95,upi,mobile_android,upi_app_switch_abort,411,1,6,0.731,68.5,0,whatsapp,0,0,0.483942482820616,0.1780324901391686,0.483942482820616,0.24031872484904457,0.0977063021911707
sess_42_001708,935.21,cod,mobile_android,genuine_browse_abandon,226,3,13,0.925,17.38,1,whatsapp,0,0,0.10673852268549665,0.6457304331194986,0.10673852268549665,0.17598207275468647,0.07154897144031824
sess_42_001709,1279.61,cod,mobile_android,genuine_browse_abandon,482,1,6,0.876,80.33,0,whatsapp,0,0,0.10673852268549665,0.6457304331194986,0.10673852268549665,0.17598207275468647,0.07154897144031824
sess_42_001710,4137.72,upi,desktop,upi_app_switch_abort,324,1,8,0.814,40.5,0,whatsapp,0,0,0.766083108012708,0.049837407703541635,0.766083108012708,0.06949749160850477,0.1145819926752455
sess_42_001711,4112.06,upi,mobile_ios,vpa_validation_failure,600,2,6,0.827,100.0,1,none,1,0,0.11695868075619749,0.11695868075619749,0.579300138099923,0.17448184855563614,0.12925933258824335
sess_42_001712,1263.22,upi,mobile_android,otp_timeout,254,1,6,0.923,42.33,0,whatsapp,1,0,0.13562242514266395,0.16564960413762098,0.13562242514266395,0.6078175404546194,0.09091043026509557
sess_42_001713,2647.09,card,mobile_android,genuine_browse_abandon,190,1,7,0.808,27.14,0,sms,0,0,0.11931676263392972,0.39614560278704986,0.39614560278704986,0.11931676263392972,0.0883920317919707
sess_42_001714,1783.35,netbanking,mobile_ios,otp_timeout,476,2,6,0.615,79.33,0,none,0,0,0.2282430144379751,0.2282430144379751,0.18686957509559202,0.45962498828569537,0.12526242218073758
sess_42_001715,4736.42,cod,mobile_android,upi_app_switch_abort,396,1,7,0.592,56.57,0,whatsapp,0,0,0.8204386747606477,0.049994806056778376,0.8204386747606477,0.07442851737376392,0.0551380018088101
sess_42_001716,2087.4,cod,desktop,otp_timeout,573,2,8,0.683,71.62,0,sms,1,1,0.39845628103298136,0.19786753336435833,0.16200023460108376,0.39845628103298136,0.24167595100157666
sess_42_001717,1554.38,netbanking,mobile_android,genuine_browse_abandon,202,2,12,0.916,16.83,1,email,0,0,0.07772002399982632,0.7014242657747766,0.11594465130421318,0.10491105892118391,0.07772002399982632
sess_42_001718,6002.36,upi,mobile_android,genuine_browse_abandon,215,2,8,0.44,26.88,0,sms,0,0,0.11931676263392972,0.39614560278704986,0.39614560278704986,0.11931676263392972,0.0883920317919707
sess_42_001719,904.29,cod,mobile_android,upi_app_switch_abort,160,2,6,0.885,26.67,0,sms,0,0,0.24031872484904457,0.1780324901391686,0.483942482820616,0.24031872484904457,0.0977063021911707
sess_42_001720,2297.1,upi,mobile_ios,vpa_validation_failure,505,2,12,0.912,42.08,1,whatsapp,0,0,0.2633963223194074,0.32171299457016933,0.2633963223194074,0.23833084820766,0.17655983490276325
sess_42_001721,5036.94,card,mobile_android,price_shock_breakdown,432,1,8,0.493,54.0,0,whatsapp,0,0,0.579300138099923,0.11695868075619749,0.579300138099923,0.17448184855563614,0.12925933258824335
sess_42_001722,2979.83,card,mobile_ios,upi_app_switch_abort,311,1,7,0.441,44.43,0,whatsapp,1,0,0.8204386747606477,0.049994806056778376,0.8204386747606477,0.07442851737376392,0.0551380018088101
sess_42_001723,1020.32,upi,mobile_ios,upi_app_switch_abort,209,1,4,0.723,52.25,0,whatsapp,0,0,0.483942482820616,0.1780324901391686,0.483942482820616,0.24031872484904457,0.0977063021911707
sess_42_001724,979.95,cod,mobile_android,upi_app_switch_abort,393,1,5,0.454,78.6,0,sms,1,1,0.24031872484904457,0.1780324901391686,0.483942482820616,0.24031872484904457,0.0977063021911707
sess_42_001725,628.69,card,mobile_android,genuine_browse_abandon,156,1,7,0.794,22.29,0,none,0,0,0.6784017024227375,0.6784017024227375,0.061543213951843805,0.18488603235859524,0.07516905126682347
sess_42_001726,5498.28,cod,desktop,genuine_browse_abandon,600,2,6,0.604,100.0,1,whatsapp,0,0,0.3574263069649042,0.3574263069649042,0.3574263069649042,0.10765473484298313,0.17749265122720856
sess_42_001727,773.04,card,mobile_android,otp_timeout,289,1,6,0.571,48.17,1,sms,1,0,0.647434897682398,0.17644659353817646,0.0792825650965213,0.647434897682398,0.09683594368290428
sess_42_001728,3087.3,cod,mobile_ios,otp_timeout,277,1,6,0.552,46.17,0,whatsapp,0,0,0.4456809751737707,0.08998143702404678,0.4456809751737707,0.36489272043655063,0.09944486736563182
sess_42_001729,620.25,upi,mobile_android,vpa_validation_failure,454,1,5,0.837,90.8,1,sms,1,0,0.40318370559932304,0.2986858353899521,0.13420819701225414,0.40318370559932304,0.16392226199847068
sess_42_001730,12305.7,card,mobile_android,price_shock_breakdown,249,1,5,0.889,49.8,1,email,0,0,0.12925933258824335,0.11695868075619749,0.579300138099923,0.17448184855563614,0.12925933258824335
sess_42_001731,655.45,card,desktop,otp_timeout,600,1,10,0.486,60.0,1,none,0,0,0.1577280003341284,0.1577280003341284,0.07087175900241471,0.5787508260162643,0.19264941464719262
sess_42_001732,1866.63,upi,mobile_android,upi_app_switch_abort,414,2,11,0.508,37.64,1,whatsapp,1,1,0.5427974771347435,0.1996840325575982,0.5427974771347435,0.14792956969787008,0.10958892060978828
sess_42_001733,4487.47,upi,mobile_android,upi_app_switch_abort,512,2,9,0.8,56.89,0,whatsapp,0,0,0.8204386747606477,0.049994806056778376,0.8204386747606477,0.07442851737376392,0.0551380018088101
sess_42_001734,1067.1,card,mobile_android,otp_timeout,94,1,10,0.898,9.4,0,sms,0,0,0.6078175404546194,0.16564960413762098,0.13562242514266395,0.6078175404546194,0.09091043026509557
sess_42_001735,2759.57,card,mobile_android,genuine_browse_abandon,471,2,12,0.911,39.25,0,whatsapp,0,0,0.39614560278704986,0.39614560278704986,0.39614560278704986,0.11931676263392972,0.0883920317919707
sess_42_001736,1463.56,cod,mobile_android,price_shock_breakdown,589,2,6,0.862,98.17,1,whatsapp,1,0,0.2202427743860977,0.26900513210002774,0.2202427743860977,0.3631189468483686,0.14763314666550595
sess_42_001737,2419.08,upi,mobile_android,genuine_browse_abandon,318,1,7,0.626,45.43,1,none,0,0,0.7014242657747766,0.7014242657747766,0.11594465130421318,0.10491105892118391,0.07772002399982632
sess_42_001738,4066.66,card,mobile_ios,price_shock_breakdown,547,2,10,0.447,54.7,0,whatsapp,0,0,0.579300138099923,0.11695868075619749,0.579300138099923,0.17448184855563614,0.12925933258824335
sess_42_001739,1311.23,netbanking,mobile_android,price_shock_breakdown,117,1,10,0.444,11.7,1,sms,1,0,0.3631189468483686,0.26900513210002774,0.2202427743860977,0.3631189468483686,0.14763314666550595
sess_42_001740,5556.27,upi,mobile_android,genuine_browse_abandon,482,2,12,0.45,40.17,1,whatsapp,0,0,0.39614560278704986,0.39614560278704986,0.39614560278704986,0.11931676263392972,0.0883920317919707
sess_42_001741,2355.06,card,mobile_android,otp_timeout,600,1,10,0.694,60.0,0,none,0,0,0.2282430144379751,0.2282430144379751,0.18686957509559202,0.45962498828569537,0.12526242218073758
sess_42_001742,7795.87,card,mobile_android,price_shock_breakdown,434,2,9,0.581,48.22,1,whatsapp,0,0,0.579300138099923,0.11695868075619749,0.579300138099923,0.17448184855563614,0.12925933258824335
sess_42_001743,968.78,cod,mobile_android,genuine_browse_abandon,154,1,4,0.905,38.5,0,sms,0,0,0.17598207275468647,0.6457304331194986,0.10673852268549665,0.17598207275468647,0.07154897144031824
sess_42_001744,1117.05,netbanking,desktop,price_shock_breakdown,296,1,5,0.742,59.2,0,email,0,0,0.2782243497159696,0.22779083136758763,0.1864993589098446,0.30748546000659815,0.2782243497159696
sess_42_001745,1518.99,cod,mobile_android,price_shock_breakdown,464,2,7,0.84,66.29,0,none,0,0,0.32171299457016933,0.32171299457016933,0.2633963223194074,0.23833084820766,0.17655983490276325
sess_42_001746,728.15,card,mobile_ios,price_shock_breakdown,152,2,12,0.9,12.67,0,none,1,0,0.2986858353899521,0.2986858353899521,0.13420819701225414,0.40318370559932304,0.16392226199847068
sess_42_001747,3620.66,upi,mobile_android,upi_app_switch_abort,332,1,10,0.628,33.2,0,whatsapp,0,0,0.8204386747606477,0.049994806056778376,0.8204386747606477,0.07442851737376392,0.0551380018088101
sess_42_001748,1708.07,upi,mobile_android,upi_app_switch_abort,597,2,7,0.486,85.29,0,email,0,0,0.10958892060978828,0.1996840325575982,0.5427974771347435,0.14792956969787008,0.10958892060978828
sess_42_001749,765.41,card,mobile_android,otp_timeout,428,2,8,0.445,53.5,0,sms,0,0,0.647434897682398,0.17644659353817646,0.0792825650965213,0.647434897682398,0.09683594368290428
sess_42_001750,975.46,netbanking,desktop,otp_timeout,508,1,5,0.824,101.6,1,sms,1,1,0.5468864821310532,0.14904395356123945,0.12202686834091331,0.5468864821310532,0.18204269596679412
sess_42_001751,941.55,card,mobile_android,genuine_browse_abandon,497,1,7,0.443,71.0,0,whatsapp,0,0,0.10673852268549665,0.6457304331194986,0.10673852268549665,0.17598207275468647,0.07154897144031824
sess_42_001752,3614.63,upi,mobile_android,vpa_validation_failure,391,1,10,0.723,39.1,0,whatsapp,1,0,0.579300138099923,0.11695868075619749,0.579300138099923,0.17448184855563614,0.12925933258824335
sess_42_001753,2547.54,card,mobile_android,genuine_browse_abandon,239,1,5,0.682,47.8,1,whatsapp,0,0,0.39614560278704986,0.39614560278704986,0.39614560278704986,0.11931676263392972,0.0883920317919707
sess_42_001754,1636.93,upi,mobile_android,price_shock_breakdown,102,2,12,0.697,8.5,1,sms,0,0,0.23833084820766,0.32171299457016933,0.2633963223194074,0.23833084820766,0.17655983490276325
sess_42_001755,1374.75,cod,mobile_android,genuine_browse_abandon,439,2,11,0.929,39.91,0,whatsapp,0,0,0.10673852268549665,0.6457304331194986,0.10673852268549665,0.17598207275468647,0.07154897144031824
sess_42_001756,1511.64,cod,desktop,otp_timeout,529,2,12,0.498,44.08,0,email,1,0,0.24167595100157666,0.19786753336435833,0.16200023460108376,0.39845628103298136,0.24167595100157666
sess_42_001757,6876.3,card,desktop,upi_app_switch_abort,227,1,6,0.73,37.83,0,whatsapp,1,0,0.766083108012708,0.049837407703541635,0.766083108012708,0.06949749160850477,0.1145819926752455
sess_42_001758,1517.13,upi,mobile_android,otp_timeout,211,1,6,0.514,35.17,0,none,1,1,0.2282430144379751,0.2282430144379751,0.18686957509559202,0.45962498828569537,0.12526242218073758
sess_42_001759,3439.77,cod,mobile_ios,otp_timeout,193,2,10,0.496,19.3,1,whatsapp,0,0,0.4456809751737707,0.08998143702404678,0.4456809751737707,0.36489272043655063,0.09944486736563182
sess_42_001760,1412.36,card,mobile_android,price_shock_breakdown,206,2,9,0.746,22.89,1,sms,1,0,0.3631189468483686,0.26900513210002774,0.2202427743860977,0.3631189468483686,0.14763314666550595
sess_42_001761,6386.06,upi,mobile_ios,otp_timeout,332,1,7,0.642,47.43,0,email,0,0,0.09944486736563182,0.08998143702404678,0.4456809751737707,0.36489272043655063,0.09944486736563182
sess_42_001762,724.59,card,mobile_android,genuine_browse_abandon,553,1,8,0.461,69.12,0,none,0,0,0.6784017024227375,0.6784017024227375,0.061543213951843805,0.18488603235859524,0.07516905126682347
sess_42_001763,3311.89,cod,mobile_android,otp_timeout,546,1,8,0.727,68.25,0,whatsapp,0,0,0.4456809751737707,0.08998143702404678,0.4456809751737707,0.36489272043655063,0.09944486736563182
sess_42_001764,1022.96,netbanking,mobile_android,genuine_browse_abandon,600,2,9,0.923,66.67,1,none,1,0,0.6457304331194986,0.6457304331194986,0.10673852268549665,0.17598207275468647,0.07154897144031824
sess_42_001765,9508.81,upi,desktop,price_shock_breakdown,549,2,10,0.445,54.9,0,sms,0,0,0.1506215041019237,0.10096461356355876,0.5000810046968293,0.1506215041019237,0.24833287763768827
sess_42_001766,3050.34,upi,mobile_android,price_shock_breakdown,161,2,8,0.582,20.12,0,whatsapp,1,0,0.579300138099923,0.11695868075619749,0.579300138099923,0.17448184855563614,0.12925933258824335
sess_42_001767,503.79,upi,mobile_android,otp_timeout,600,2,7,0.771,85.71,0,whatsapp,1,1,0.0792825650965213,0.17644659353817646,0.0792825650965213,0.647434897682398,0.09683594368290428
sess_42_001768,899.11,upi,mobile_android,otp_timeout,81,1,8,0.847,10.12,0,sms,0,0,0.6078175404546194,0.16564960413762098,0.13562242514266395,0.6078175404546194,0.09091043026509557
sess_42_001769,3022.57,upi,mobile_android,price_shock_breakdown,103,1,5,0.702,20.6,1,sms,0,0,0.17448184855563614,0.11695868075619749,0.579300138099923,0.17448184855563614,0.12925933258824335
sess_42_001770,2961.18,upi,mobile_android,genuine_browse_abandon,539,1,10,0.622,53.9,1,whatsapp,0,0,0.39614560278704986,0.39614560278704986,0.39614560278704986,0.11931676263392972,0.0883920317919707
sess_42_001771,2799.91,upi,mobile_android,upi_app_switch_abort,173,2,8,0.51,21.62,0,whatsapp,0,0,0.8204386747606477,0.049994806056778376,0.8204386747606477,0.07442851737376392,0.0551380018088101
sess_42_001772,2033.35,upi,mobile_ios,price_shock_breakdown,480,2,6,0.505,80.0,0,none,0,0,0.32171299457016933,0.32171299457016933,0.2633963223194074,0.23833084820766,0.17655983490276325
sess_42_001773,1423.41,cod,mobile_android,vpa_validation_failure,597,1,9,0.909,66.33,0,email,0,0,0.14763314666550595,0.26900513210002774,0.2202427743860977,0.3631189468483686,0.14763314666550595
sess_42_001774,4084.93,cod,mobile_android,price_shock_breakdown,600,1,9,0.439,66.67,0,whatsapp,0,0,0.579300138099923,0.11695868075619749,0.579300138099923,0.17448184855563614,0.12925933258824335
sess_42_001775,945.66,upi,mobile_android,price_shock_breakdown,169,3,10,0.771,16.9,1,none,0,0,0.26900513210002774,0.26900513210002774,0.2202427743860977,0.3631189468483686,0.14763314666550595
sess_42_001776,1881.97,upi,desktop,upi_app_switch_abort,191,1,9,0.721,21.22,0,sms,0,0,0.13041419849833935,0.17604075447594858,0.47852838396019126,0.13041419849833935,0.2150166630655208
sess_42_001777,1135.57,cod,mobile_android,upi_app_switch_abort,352,1,8,0.816,44.0,1,none,1,1,0.1780324901391686,0.1780324901391686,0.483942482820616,0.24031872484904457,0.0977063021911707
sess_42_001778,1069.62,card,mobile_android,otp_timeout,327,2,10,0.506,32.7,1,whatsapp,0,0,0.13562242514266395,0.16564960413762098,0.13562242514266395,0.6078175404546194,0.09091043026509557
sess_42_001779,1281.45,upi,mobile_android,upi_app_switch_abort,600,1,6,0.731,100.0,1,whatsapp,1,0,0.483942482820616,0.1780324901391686,0.483942482820616,0.24031872484904457,0.0977063021911707
sess_42_001780,1041.64,cod,mobile_android,upi_app_switch_abort,177,2,12,0.755,14.75,0,whatsapp,0,0,0.483942482820616,0.1780324901391686,0.483942482820616,0.24031872484904457,0.0977063021911707
sess_42_001781,2730.62,card,desktop,otp_timeout,240,2,6,0.84,40.0,1,email,0,0,0.19727587123555898,0.08020638384327146,0.397264819819204,0.32525292510196563,0.19727587123555898
sess_42_001782,597.6,cod,mobile_android,price_shock_breakdown,349,1,6,0.924,58.17,1,email,1,1,0.16392226199847068,0.2986858353899521,0.13420819701225414,0.40318370559932304,0.16392226199847068
sess_42_001783,2498.04,upi,mobile_android,upi_app_switch_abort,441,2,9,0.775,49.0,0,whatsapp,0,0,0.5427974771347435,0.1996840325575982,0.5427974771347435,0.14792956969787008,0.10958892060978828
sess_42_001784,1123.61,cod,mobile_android,upi_app_switch_abort,218,3,12,0.77,18.17,0,email,0,0,0.0977063021911707,0.1780324901391686,0.483942482820616,0.24031872484904457,0.0977063021911707
sess_42_001785,1849.72,upi,mobile_android,upi_app_switch_abort,98,1,6,0.517,16.33,0,none,1,1,0.1996840325575982,0.1996840325575982,0.5427974771347435,0.14792956969787008,0.10958892060978828
sess_42_001786,1595.38,netbanking,mobile_android,otp_timeout,600,2,8,0.669,75.0,1,whatsapp,0,0,0.18686957509559202,0.2282430144379751,0.18686957509559202,0.45962498828569537,0.12526242218073758
sess_42_001787,1243.37,upi,desktop,upi_app_switch_abort,600,2,11,0.822,54.55,0,whatsapp,0,0,0.4321906469343732,0.1589940536737414,0.4321906469343732,0.2146195237037115,0.19419577568817373
sess_42_001788,4491.05,card,mobile_android,otp_timeout,398,1,10,0.917,39.8,0,whatsapp,0,0,0.4456809751737707,0.08998143702404678,0.4456809751737707,0.36489272043655063,0.09944486736563182
sess_42_001789,1369.0,upi,mobile_android,upi_app_switch_abort,501,2,11,0.547,45.55,1,whatsapp,0,0,0.483942482820616,0.1780324901391686,0.483942482820616,0.24031872484904457,0.0977063021911707
sess_42_001790,3064.46,cod,mobile_android,otp_timeout,282,1,7,0.455,40.29,1,whatsapp,0,0,0.4456809751737707,0.08998143702404678,0.4456809751737707,0.36489272043655063,0.09944486736563182
sess_42_001791,3094.22,upi,mobile_android,price_shock_breakdown,346,1,8,0.816,43.25,1,whatsapp,0,0,0.579300138099923,0.11695868075619749,0.579300138099923,0.17448184855563614,0.12925933258824335
sess_42_001792,1473.74,cod,mobile_android,otp_timeout,546,2,12,0.526,45.5,0,sms,0,0,0.6078175404546194,0.16564960413762098,0.13562242514266395,0.6078175404546194,0.09091043026509557
sess_42_001793,703.86,upi,desktop,price_shock_breakdown,462,1,4,0.743,115.5,0,email,0,0,0.3037869061997484,0.24871968248815027,0.11175695728796482,0.3357364540241366,0.3037869061997484
sess_42_001794,932.99,cod,mobile_android,price_shock_breakdown,543,2,8,0.553,67.88,1,whatsapp,0,0,0.2202427743860977,0.26900513210002774,0.2202427743860977,0.3631189468483686,0.14763314666550595
sess_42_001795,4717.8,cod,desktop,upi_app_switch_abort,235,1,8,0.906,29.38,1,whatsapp,1,0,0.766083108012708,0.049837407703541635,0.766083108012708,0.06949749160850477,0.1145819926752455
sess_42_001796,2616.03,cod,mobile_android,vpa_validation_failure,169,1,4,0.826,42.25,0,sms,0,0,0.17448184855563614,0.11695868075619749,0.579300138099923,0.17448184855563614,0.12925933258824335
sess_42_001797,2006.49,upi,mobile_android,price_shock_breakdown,216,1,7,0.725,30.86,0,none,1,0,0.32171299457016933,0.32171299457016933,0.2633963223194074,0.23833084820766,0.17655983490276325
sess_42_001798,1181.72,card,mobile_android,otp_timeout,318,2,12,0.503,26.5,0,sms,0,0,0.6078175404546194,0.16564960413762098,0.13562242514266395,0.6078175404546194,0.09091043026509557
sess_42_001799,6626.73,card,mobile_android,price_shock_breakdown,600,2,12,0.744,50.0,1,whatsapp,0,0,0.579300138099923,0.11695868075619749,0.579300138099923,0.17448184855563614,0.12925933258824335
sess_42_001800,942.86,cod,mobile_android,genuine_browse_abandon,478,2,7,0.449,68.29,0,none,0,0,0.6457304331194986,0.6457304331194986,0.10673852268549665,0.17598207275468647,0.07154897144031824
sess_42_001801,2007.77,card,desktop,genuine_browse_abandon,305,2,9,0.477,33.89,1,none,0,0,0.6404244338089113,0.6404244338089113,0.10586144689855206,0.0957873982812367,0.15792672101129984
sess_42_001802,2634.25,cod,mobile_android,genuine_browse_abandon,233,1,6,0.772,38.83,1,none,0,0,0.39614560278704986,0.39614560278704986,0.39614560278704986,0.11931676263392972,0.0883920317919707
sess_42_001803,679.07,cod,mobile_ios,otp_timeout,198,2,7,0.504,28.29,0,sms,0,0,0.647434897682398,0.17644659353817646,0.0792825650965213,0.647434897682398,0.09683594368290428
sess_42_001804,1023.66,card,mobile_android,genuine_browse_abandon,333,1,9,0.478,37.0,1,none,0,0,0.6457304331194986,0.6457304331194986,0.10673852268549665,0.17598207275468647,0.07154897144031824
sess_42_001805,1282.85,upi,mobile_android,upi_app_switch_abort,361,1,8,0.656,45.12,0,sms,0,0,0.24031872484904457,0.1780324901391686,0.483942482820616,0.24031872484904457,0.0977063021911707
sess_42_001806,3451.05,upi,mobile_android,price_shock_breakdown,197,1,4,0.908,49.25,0,none,0,0,0.11695868075619749,0.11695868075619749,0.579300138099923,0.17448184855563614,0.12925933258824335
sess_42_001807,1301.95,cod,mobile_android,price_shock_breakdown,212,1,7,0.803,30.29,0,sms,0,0,0.3631189468483686,0.26900513210002774,0.2202427743860977,0.3631189468483686,0.14763314666550595
sess_42_001808,615.76,upi,mobile_android,upi_app_switch_abort,263,1,4,0.67,65.75,1,email,1,0,0.12499994156242572,0.22776474356861084,0.3397850697075843,0.30745024516137914,0.12499994156242572
sess_42_001809,572.94,upi,mobile_android,upi_app_switch_abort,257,2,8,0.517,32.12,0,none,0,0,0.22776474356861084,0.22776474356861084,0.3397850697075843,0.30745024516137914,0.12499994156242572
sess_42_001810,1017.14,upi,mobile_android,price_shock_breakdown,537,2,6,0.544,89.5,1,email,0,0,0.14763314666550595,0.26900513210002774,0.2202427743860977,0.3631189468483686,0.14763314666550595
sess_42_001811,591.36,cod,mobile_android,price_shock_breakdown,286,3,12,0.852,23.83,0,whatsapp,1,1,0.13420819701225414,0.2986858353899521,0.13420819701225414,0.40318370559932304,0.16392226199847068
sess_42_001812,3217.89,cod,mobile_android,genuine_browse_abandon,182,2,12,0.478,15.17,0,whatsapp,0,0,0.39614560278704986,0.39614560278704986,0.39614560278704986,0.11931676263392972,0.0883920317919707
sess_42_001813,3313.9,upi,mobile_ios,genuine_browse_abandon,179,3,11,0.726,16.27,0,whatsapp,0,0,0.39614560278704986,0.39614560278704986,0.39614560278704986,0.11931676263392972,0.0883920317919707
sess_42_001814,1817.63,card,mobile_android,upi_app_switch_abort,56,2,6,0.877,9.33,0,sms,1,0,0.14792956969787008,0.1996840325575982,0.5427974771347435,0.14792956969787008,0.10958892060978828
sess_42_001815,1484.25,card,mobile_android,upi_app_switch_abort,589,2,9,0.662,65.44,0,whatsapp,1,0,0.483942482820616,0.1780324901391686,0.483942482820616,0.24031872484904457,0.0977063021911707
sess_42_001816,3153.28,cod,mobile_android,otp_timeout,557,3,11,0.91,50.64,1,sms,0,0,0.36489272043655063,0.08998143702404678,0.4456809751737707,0.36489272043655063,0.09944486736563182
sess_42_001817,3056.83,upi,mobile_ios,upi_app_switch_abort,159,2,12,0.816,13.25,1,whatsapp,1,1,0.8204386747606477,0.049994806056778376,0.8204386747606477,0.07442851737376392,0.0551380018088101
sess_42_001818,862.63,upi,mobile_android,upi_app_switch_abort,185,1,8,0.782,23.12,0,sms,0,0,0.24031872484904457,0.1780324901391686,0.483942482820616,0.24031872484904457,0.0977063021911707
sess_42_001819,956.82,card,desktop,vpa_validation_failure,78,1,7,0.638,11.14,0,sms,0,0,0.30748546000659815,0.22779083136758763,0.1864993589098446,0.30748546000659815,0.2782243497159696
sess_42_001820,3071.46,netbanking,mobile_ios,genuine_browse_abandon,130,1,6,0.51,21.67,0,whatsapp,0,0,0.39614560278704986,0.39614560278704986,0.39614560278704986,0.11931676263392972,0.0883920317919707
sess_42_001821,2214.8,cod,mobile_android,price_shock_breakdown,600,2,9,0.554,66.67,1,email,0,0,0.17655983490276325,0.32171299457016933,0.2633963223194074,0.23833084820766,0.17655983490276325
sess_42_001822,2853.14,upi,mobile_android,upi_app_switch_abort,362,1,10,0.519,36.2,0,whatsapp,0,0,0.8204386747606477,0.049994806056778376,0.8204386747606477,0.07442851737376392,0.0551380018088101
sess_42_001823,924.78,upi,mobile_android,vpa_validation_failure,399,2,11,0.806,36.27,1,none,1,0,0.26900513210002774,0.26900513210002774,0.2202427743860977,0.3631189468483686,0.14763314666550595
sess_42_001824,1028.91,cod,mobile_android,price_shock_breakdown,600,2,11,0.739,54.55,1,email,1,0,0.14763314666550595,0.26900513210002774,0.2202427743860977,0.3631189468483686,0.14763314666550595
sess_42_001825,2560.39,upi,mobile_android,vpa_validation_failure,362,1,9,0.734,40.22,0,whatsapp,0,0,0.579300138099923,0.11695868075619749,0.579300138099923,0.17448184855563614,0.12925933258824335
sess_42_001826,1084.13,card,mobile_android,otp_timeout,600,2,10,0.602,60.0,0,sms,1,1,0.6078175404546194,0.16564960413762098,0.13562242514266395,0.6078175404546194,0.09091043026509557
sess_42_001827,578.27,upi,desktop,otp_timeout,414,1,4,0.537,103.5,1,email,1,0,0.19264941464719262,0.1577280003341284,0.07087175900241471,0.5787508260162643,0.19264941464719262
sess_42_001828,1096.51,upi,mobile_android,price_shock_breakdown,200,3,14,0.838,14.29,0,sms,0,0,0.3631189468483686,0.26900513210002774,0.2202427743860977,0.3631189468483686,0.14763314666550595
sess_42_001829,1550.21,card,mobile_android,otp_timeout,401,2,9,0.553,44.56,1,none,1,0,0.2282430144379751,0.2282430144379751,0.18686957509559202,0.45962498828569537,0.12526242218073758
sess_42_001830,6476.99,upi,mobile_android,upi_app_switch_abort,272,2,6,0.479,45.33,1,whatsapp,0,0,0.8204386747606477,0.049994806056778376,0.8204386747606477,0.07442851737376392,0.0551380018088101
sess_42_001831,964.07,upi,mobile_android,upi_app_switch_abort,287,3,10,0.678,28.7,0,email,0,0,0.0977063021911707,0.1780324901391686,0.483942482820616,0.24031872484904457,0.0977063021911707
sess_42_001832,1726.3,cod,desktop,price_shock_breakdown,523,2,11,0.805,47.55,0,sms,0,0,0.19593432373852326,0.2644836726048936,0.21654091644863488,0.19593432373852326,0.32304108720794833
sess_42_001833,8368.21,upi,mobile_android,price_shock_breakdown,548,1,8,0.441,68.5,0,email,0,0,0.12925933258824335,0.11695868075619749,0.579300138099923,0.17448184855563614,0.12925933258824335
sess_42_001834,796.27,upi,mobile_ios,vpa_validation_failure,431,1,8,0.562,53.88,1,sms,0,0,0.40318370559932304,0.2986858353899521,0.13420819701225414,0.40318370559932304,0.16392226199847068
sess_42_001835,2967.18,netbanking,mobile_android,upi_app_switch_abort,600,2,8,0.766,75.0,1,none,0,0,0.049994806056778376,0.049994806056778376,0.8204386747606477,0.07442851737376392,0.0551380018088101
sess_42_001836,1060.79,cod,desktop,genuine_browse_abandon,263,2,11,0.648,23.91,0,none,0,0,0.5936734669792981,0.5936734669792981,0.09813356405833273,0.16179489443258677,0.14639807452978248
sess_42_001837,2443.7,upi,mobile_android,otp_timeout,344,1,8,0.433,43.0,1,whatsapp,1,1,0.18686957509559202,0.2282430144379751,0.18686957509559202,0.45962498828569537,0.12526242218073758
sess_42_001838,10414.78,upi,mobile_ios,upi_app_switch_abort,565,3,9,0.788,62.78,1,whatsapp,0,0,0.8204386747606477,0.049994806056778376,0.8204386747606477,0.07442851737376392,0.0551380018088101
sess_42_001839,3273.66,card,mobile_android,price_shock_breakdown,287,2,9,0.539,31.89,1,whatsapp,0,0,0.579300138099923,0.11695868075619749,0.579300138099923,0.17448184855563614,0.12925933258824335
sess_42_001840,2026.15,cod,mobile_android,upi_app_switch_abort,201,1,9,0.573,22.33,1,none,0,0,0.1996840325575982,0.1996840325575982,0.5427974771347435,0.14792956969787008,0.10958892060978828
sess_42_001841,885.95,upi,mobile_android,genuine_browse_abandon,331,1,7,0.676,47.29,0,none,1,0,0.6457304331194986,0.6457304331194986,0.10673852268549665,0.17598207275468647,0.07154897144031824
sess_42_001842,1585.15,upi,mobile_android,vpa_validation_failure,162,1,10,0.895,16.2,1,sms,1,0,0.23833084820766,0.32171299457016933,0.2633963223194074,0.23833084820766,0.17655983490276325
sess_42_001843,1183.2,cod,mobile_android,price_shock_breakdown,198,3,14,0.673,14.14,1,none,0,0,0.26900513210002774,0.26900513210002774,0.2202427743860977,0.3631189468483686,0.14763314666550595
sess_42_001844,609.16,cod,mobile_android,price_shock_breakdown,449,1,5,0.455,89.8,1,sms,0,0,0.40318370559932304,0.2986858353899521,0.13420819701225414,0.40318370559932304,0.16392226199847068
sess_42_001845,366.25,upi,mobile_android,upi_app_switch_abort,264,2,12,0.669,22.0,0,sms,0,0,0.30745024516137914,0.22776474356861084,0.3397850697075843,0.30745024516137914,0.12499994156242572
sess_42_001846,969.86,upi,mobile_android,vpa_validation_failure,147,1,9,0.619,16.33,1,none,1,0,0.26900513210002774,0.26900513210002774,0.2202427743860977,0.3631189468483686,0.14763314666550595
sess_42_001847,1765.77,netbanking,mobile_android,price_shock_breakdown,302,3,14,0.514,21.57,1,email,0,0,0.17655983490276325,0.32171299457016933,0.2633963223194074,0.23833084820766,0.17655983490276325
sess_42_001848,4185.95,card,desktop,otp_timeout,527,1,9,0.513,58.56,1,email,1,1,0.19727587123555898,0.08020638384327146,0.397264819819204,0.32525292510196563,0.19727587123555898
sess_42_001849,1039.36,cod,mobile_android,genuine_browse_abandon,261,2,10,0.74,26.1,1,sms,0,0,0.17598207275468647,0.6457304331194986,0.10673852268549665,0.17598207275468647,0.07154897144031824
sess_42_001850,2087.48,cod,mobile_ios,price_shock_breakdown,221,2,9,0.926,24.56,0,sms,0,0,0.23833084820766,0.32171299457016933,0.2633963223194074,0.23833084820766,0.17655983490276325
sess_42_001851,504.77,upi,mobile_android,upi_app_switch_abort,163,2,10,0.882,16.3,0,whatsapp,0,0,0.3397850697075843,0.22776474356861084,0.3397850697075843,0.30745024516137914,0.12499994156242572
sess_42_001852,991.98,upi,mobile_android,upi_app_switch_abort,210,1,9,0.851,23.33,0,whatsapp,0,0,0.483942482820616,0.1780324901391686,0.483942482820616,0.24031872484904457,0.0977063021911707
sess_42_001853,288.44,upi,mobile_android,upi_app_switch_abort,345,3,9,0.558,38.33,0,email,1,0,0.12499994156242572,0.22776474356861084,0.3397850697075843,0.30745024516137914,0.12499994156242572
sess_42_001854,9658.5,upi,mobile_ios,price_shock_breakdown,328,1,6,0.716,54.67,0,whatsapp,1,0,0.579300138099923,0.11695868075619749,0.579300138099923,0.17448184855563614,0.12925933258824335
sess_42_001855,2097.48,cod,mobile_android,price_shock_breakdown,486,1,4,0.488,121.5,0,whatsapp,0,0,0.2633963223194074,0.32171299457016933,0.2633963223194074,0.23833084820766,0.17655983490276325
sess_42_001856,2048.39,upi,mobile_android,genuine_browse_abandon,339,1,7,0.644,48.43,1,none,0,0,0.7014242657747766,0.7014242657747766,0.11594465130421318,0.10491105892118391,0.07772002399982632
sess_42_001857,2701.1,upi,mobile_ios,vpa_validation_failure,458,1,5,0.787,91.6,0,whatsapp,0,0,0.579300138099923,0.11695868075619749,0.579300138099923,0.17448184855563614,0.12925933258824335
sess_42_001858,12079.53,cod,mobile_android,upi_app_switch_abort,593,2,8,0.541,74.12,1,whatsapp,1,1,0.8204386747606477,0.049994806056778376,0.8204386747606477,0.07442851737376392,0.0551380018088101
sess_42_001859,1304.46,card,mobile_android,otp_timeout,600,1,6,0.853,100.0,1,sms,1,0,0.6078175404546194,0.16564960413762098,0.13562242514266395,0.6078175404546194,0.09091043026509557
sess_42_001860,866.46,netbanking,mobile_android,price_shock_breakdown,600,1,4,0.784,150.0,0,whatsapp,0,0,0.2202427743860977,0.26900513210002774,0.2202427743860977,0.3631189468483686,0.14763314666550595
sess_42_001861,8104.19,card,mobile_android,upi_app_switch_abort,127,2,6,0.757,21.17,0,whatsapp,1,0,0.8204386747606477,0.049994806056778376,0.8204386747606477,0.07442851737376392,0.0551380018088101
sess_42_001862,718.26,cod,mobile_android,genuine_browse_abandon,187,2,11,0.887,17.0,1,sms,0,0,0.18488603235859524,0.6784017024227375,0.061543213951843805,0.18488603235859524,0.07516905126682347
sess_42_001863,4786.69,netbanking,mobile_android,genuine_browse_abandon,191,1,7,0.565,27.29,0,email,0,0,0.0883920317919707,0.39614560278704986,0.39614560278704986,0.11931676263392972,0.0883920317919707
sess_42_001864,1710.66,upi,desktop,upi_app_switch_abort,479,1,6,0.896,79.83,1,whatsapp,0,0,0.47852838396019126,0.17604075447594858,0.47852838396019126,0.13041419849833935,0.2150166630655208
sess_42_001865,2502.41,cod,mobile_ios,genuine_browse_abandon,324,3,10,0.636,32.4,1,whatsapp,0,0,0.39614560278704986,0.39614560278704986,0.39614560278704986,0.11931676263392972,0.0883920317919707
sess_42_001866,615.52,card,mobile_android,price_shock_breakdown,41,2,6,0.624,6.83,0,sms,1,0,0.40318370559932304,0.2986858353899521,0.13420819701225414,0.40318370559932304,0.16392226199847068
sess_42_001867,12647.09,cod,mobile_android,price_shock_breakdown,359,1,8,0.843,44.88,0,whatsapp,0,0,0.579300138099923,0.11695868075619749,0.579300138099923,0.17448184855563614,0.12925933258824335
sess_42_001868,1357.4,cod,desktop,price_shock_breakdown,400,1,10,0.869,40.0,1,none,1,0,0.22779083136758763,0.22779083136758763,0.1864993589098446,0.30748546000659815,0.2782243497159696
sess_42_001869,1068.47,card,mobile_android,otp_timeout,198,3,14,0.814,14.14,0,sms,0,0,0.6078175404546194,0.16564960413762098,0.13562242514266395,0.6078175404546194,0.09091043026509557
sess_42_001870,2727.87,cod,mobile_android,vpa_validation_failure,318,2,7,0.624,45.43,1,whatsapp,0,0,0.579300138099923,0.11695868075619749,0.579300138099923,0.17448184855563614,0.12925933258824335
sess_42_001871,1114.63,upi,mobile_android,upi_app_switch_abort,270,1,10,0.886,27.0,0,whatsapp,1,0,0.483942482820616,0.1780324901391686,0.483942482820616,0.24031872484904457,0.0977063021911707
sess_42_001872,2485.79,upi,mobile_android,upi_app_switch_abort,370,2,7,0.82,52.86,0,whatsapp,1,0,0.5427974771347435,0.1996840325575982,0.5427974771347435,0.14792956969787008,0.10958892060978828
sess_42_001873,702.23,netbanking,mobile_android,genuine_browse_abandon,180,1,8,0.651,22.5,1,none,0,0,0.6784017024227375,0.6784017024227375,0.061543213951843805,0.18488603235859524,0.07516905126682347
sess_42_001874,2016.68,cod,mobile_android,genuine_browse_abandon,340,1,5,0.613,68.0,0,none,0,0,0.7014242657747766,0.7014242657747766,0.11594465130421318,0.10491105892118391,0.07772002399982632
sess_42_001875,1150.12,upi,mobile_android,upi_app_switch_abort,365,1,10,0.698,36.5,1,email,1,0,0.0977063021911707,0.1780324901391686,0.483942482820616,0.24031872484904457,0.0977063021911707
sess_42_001876,1004.77,upi,desktop,upi_app_switch_abort,373,3,12,0.889,31.08,0,email,1,0,0.19419577568817373,0.1589940536737414,0.4321906469343732,0.2146195237037115,0.19419577568817373
sess_42_001877,892.48,upi,mobile_android,genuine_browse_abandon,332,1,5,0.834,66.4,0,sms,0,0,0.17598207275468647,0.6457304331194986,0.10673852268549665,0.17598207275468647,0.07154897144031824
sess_42_001878,3513.61,upi,mobile_android,genuine_browse_abandon,557,1,6,0.445,92.83,0,email,0,0,0.0883920317919707,0.39614560278704986,0.39614560278704986,0.11931676263392972,0.0883920317919707
sess_42_001879,1390.2,card,desktop,otp_timeout,570,3,11,0.787,51.82,0,none,0,0,0.14904395356123945,0.14904395356123945,0.12202686834091331,0.5468864821310532,0.18204269596679412
sess_42_001880,1575.12,card,mobile_ios,genuine_browse_abandon,371,1,4,0.664,92.75,1,none,0,0,0.7014242657747766,0.7014242657747766,0.11594465130421318,0.10491105892118391,0.07772002399982632
sess_42_001881,2490.65,card,mobile_android,price_shock_breakdown,421,1,10,0.511,42.1,0,none,0,0,0.32171299457016933,0.32171299457016933,0.2633963223194074,0.23833084820766,0.17655983490276325
sess_42_001882,4251.89,upi,mobile_android,upi_app_switch_abort,239,2,9,0.441,26.56,0,whatsapp,0,0,0.8204386747606477,0.049994806056778376,0.8204386747606477,0.07442851737376392,0.0551380018088101
sess_42_001883,904.66,card,mobile_android,price_shock_breakdown,431,2,12,0.66,35.92,1,sms,1,0,0.3631189468483686,0.26900513210002774,0.2202427743860977,0.3631189468483686,0.14763314666550595
sess_42_001884,2133.42,netbanking,mobile_android,otp_timeout,166,2,10,0.558,16.6,0,none,0,0,0.2282430144379751,0.2282430144379751,0.18686957509559202,0.45962498828569537,0.12526242218073758
sess_42_001885,913.94,cod,mobile_ios,otp_timeout,528,2,12,0.572,44.0,0,sms,1,1,0.6078175404546194,0.16564960413762098,0.13562242514266395,0.6078175404546194,0.09091043026509557
sess_42_001886,1546.29,upi,mobile_android,otp_timeout,297,2,9,0.745,33.0,0,sms,1,0,0.45962498828569537,0.2282430144379751,0.18686957509559202,0.45962498828569537,0.12526242218073758
sess_42_001887,4019.11,upi,mobile_android,upi_app_switch_abort,126,3,13,0.702,9.69,0,whatsapp,1,1,0.8204386747606477,0.049994806056778376,0.8204386747606477,0.07442851737376392,0.0551380018088101
sess_42_001888,311.21,upi,mobile_android,genuine_browse_abandon,455,2,10,0.545,45.5,0,none,0,0,0.6784017024227375,0.6784017024227375,0.061543213951843805,0.18488603235859524,0.07516905126682347
sess_42_001889,904.91,upi,mobile_ios,vpa_validation_failure,421,1,4,0.865,105.25,0,whatsapp,0,0,0.2202427743860977,0.26900513210002774,0.2202427743860977,0.3631189468483686,0.14763314666550595
sess_42_001890,1520.06,card,desktop,genuine_browse_abandon,553,1,8,0.683,69.12,1,sms,0,0,0.0957873982812367,0.6404244338089113,0.10586144689855206,0.0957873982812367,0.15792672101129984
sess_42_001891,2405.39,cod,mobile_android,price_shock_breakdown,515,1,9,0.49,57.22,1,none,0,0,0.32171299457016933,0.32171299457016933,0.2633963223194074,0.23833084820766,0.17655983490276325
sess_42_001892,4513.44,netbanking,mobile_android,price_shock_breakdown,600,3,14,0.554,42.86,0,whatsapp,0,0,0.579300138099923,0.11695868075619749,0.579300138099923,0.17448184855563614,0.12925933258824335
sess_42_001893,506.25,card,mobile_android,vpa_validation_failure,269,1,4,0.901,67.25,1,sms,0,0,0.40318370559932304,0.2986858353899521,0.13420819701225414,0.40318370559932304,0.16392226199847068
sess_42_001894,5227.09,upi,mobile_android,upi_app_switch_abort,452,1,8,0.67,56.5,0,whatsapp,0,0,0.8204386747606477,0.049994806056778376,0.8204386747606477,0.07442851737376392,0.0551380018088101
sess_42_001895,2672.03,cod,mobile_android,otp_timeout,392,2,11,0.814,35.64,0,sms,0,0,0.36489272043655063,0.08998143702404678,0.4456809751737707,0.36489272043655063,0.09944486736563182
sess_42_001896,1509.49,card,mobile_android,otp_timeout,336,2,8,0.931,42.0,1,sms,1,1,0.45962498828569537,0.2282430144379751,0.18686957509559202,0.45962498828569537,0.12526242218073758
sess_42_001897,600.78,cod,mobile_android,price_shock_breakdown,239,2,7,0.593,34.14,0,email,1,0,0.16392226199847068,0.2986858353899521,0.13420819701225414,0.40318370559932304,0.16392226199847068
sess_42_001898,1176.94,upi,mobile_android,genuine_browse_abandon,340,2,12,0.463,28.33,1,none,0,0,0.6457304331194986,0.6457304331194986,0.10673852268549665,0.17598207275468647,0.07154897144031824
sess_42_001899,3900.64,upi,mobile_ios,upi_app_switch_abort,466,1,9,0.734,51.78,1,whatsapp,1,0,0.8204386747606477,0.049994806056778376,0.8204386747606477,0.07442851737376392,0.0551380018088101
sess_42_001900,1844.23,netbanking,mobile_android,otp_timeout,286,1,6,0.436,47.67,1,sms,1,0,0.45962498828569537,0.2282430144379751,0.18686957509559202,0.45962498828569537,0.12526242218073758
sess_42_001901,1578.76,cod,mobile_android,genuine_browse_abandon,320,2,11,0.64,29.09,0,none,0,0,0.7014242657747766,0.7014242657747766,0.11594465130421318,0.10491105892118391,0.07772002399982632
sess_42_001902,872.52,card,mobile_android,otp_timeout,429,2,6,0.521,71.5,1,sms,1,0,0.6078175404546194,0.16564960413762098,0.13562242514266395,0.6078175404546194,0.09091043026509557
sess_42_001903,3136.86,netbanking,mobile_android,otp_timeout,600,1,4,0.849,150.0,0,sms,0,0,0.36489272043655063,0.08998143702404678,0.4456809751737707,0.36489272043655063,0.09944486736563182
sess_42_001904,1616.01,upi,mobile_android,upi_app_switch_abort,168,2,7,0.469,24.0,0,email,1,0,0.10958892060978828,0.1996840325575982,0.5427974771347435,0.14792956969787008,0.10958892060978828
sess_42_001905,1514.03,cod,mobile_android,price_shock_breakdown,399,2,6,0.862,66.5,0,whatsapp,0,0,0.2633963223194074,0.32171299457016933,0.2633963223194074,0.23833084820766,0.17655983490276325
sess_42_001906,1683.41,cod,mobile_ios,upi_app_switch_abort,600,1,9,0.648,66.67,1,whatsapp,0,0,0.5427974771347435,0.1996840325575982,0.5427974771347435,0.14792956969787008,0.10958892060978828
sess_42_001907,1114.39,upi,mobile_android,price_shock_breakdown,42,2,11,0.68,3.82,1,none,0,0,0.26900513210002774,0.26900513210002774,0.2202427743860977,0.3631189468483686,0.14763314666550595
sess_42_001908,980.95,upi,desktop,upi_app_switch_abort,279,3,10,0.452,27.9,0,sms,1,0,0.2146195237037115,0.1589940536737414,0.4321906469343732,0.2146195237037115,0.19419577568817373
sess_42_001909,578.45,upi,desktop,price_shock_breakdown,273,2,9,0.796,30.33,1,none,0,0,0.24871968248815027,0.24871968248815027,0.11175695728796482,0.3357364540241366,0.3037869061997484
sess_42_001910,1136.15,upi,mobile_android,price_shock_breakdown,600,1,10,0.791,60.0,0,sms,0,0,0.3631189468483686,0.26900513210002774,0.2202427743860977,0.3631189468483686,0.14763314666550595
sess_42_001911,468.66,upi,mobile_ios,upi_app_switch_abort,128,1,6,0.755,21.33,0,none,0,0,0.22776474356861084,0.22776474356861084,0.3397850697075843,0.30745024516137914,0.12499994156242572
sess_42_001912,2602.63,cod,mobile_android,genuine_browse_abandon,600,2,9,0.524,66.67,0,whatsapp,0,0,0.39614560278704986,0.39614560278704986,0.39614560278704986,0.11931676263392972,0.0883920317919707
sess_42_001913,1095.84,upi,mobile_android,genuine_browse_abandon,509,2,8,0.651,63.62,0,none,0,0,0.6457304331194986,0.6457304331194986,0.10673852268549665,0.17598207275468647,0.07154897144031824
sess_42_001914,1347.19,upi,mobile_ios,genuine_browse_abandon,165,1,4,0.829,41.25,0,none,0,0,0.6457304331194986,0.6457304331194986,0.10673852268549665,0.17598207275468647,0.07154897144031824
sess_42_001915,1758.38,upi,mobile_android,upi_app_switch_abort,600,1,4,0.418,150.0,1,whatsapp,1,0,0.5427974771347435,0.1996840325575982,0.5427974771347435,0.14792956969787008,0.10958892060978828
sess_42_001916,990.65,card,mobile_android,genuine_browse_abandon,530,2,8,0.811,66.25,0,none,0,0,0.6457304331194986,0.6457304331194986,0.10673852268549665,0.17598207275468647,0.07154897144031824
sess_42_001917,749.01,upi,mobile_android,vpa_validation_failure,475,1,9,0.812,52.78,0,sms,0,0,0.40318370559932304,0.2986858353899521,0.13420819701225414,0.40318370559932304,0.16392226199847068
sess_42_001918,2135.32,upi,mobile_ios,vpa_validation_failure,235,2,11,0.912,21.36,0,none,0,0,0.32171299457016933,0.32171299457016933,0.2633963223194074,0.23833084820766,0.17655983490276325
sess_42_001919,7455.87,upi,desktop,vpa_validation_failure,209,2,12,0.733,17.42,1,whatsapp,0,0,0.5000810046968293,0.10096461356355876,0.5000810046968293,0.1506215041019237,0.24833287763768827
sess_42_001920,3578.16,card,mobile_android,genuine_browse_abandon,562,1,5,0.581,112.4,1,whatsapp,0,0,0.39614560278704986,0.39614560278704986,0.39614560278704986,0.11931676263392972,0.0883920317919707
sess_42_001921,4721.6,upi,mobile_android,upi_app_switch_abort,246,3,9,0.469,27.33,0,whatsapp,1,1,0.8204386747606477,0.049994806056778376,0.8204386747606477,0.07442851737376392,0.0551380018088101
sess_42_001922,682.78,cod,mobile_android,price_shock_breakdown,331,1,8,0.862,41.38,0,sms,0,0,0.40318370559932304,0.2986858353899521,0.13420819701225414,0.40318370559932304,0.16392226199847068
sess_42_001923,1566.19,cod,mobile_ios,genuine_browse_abandon,600,2,9,0.709,66.67,0,whatsapp,0,0,0.11594465130421318,0.7014242657747766,0.11594465130421318,0.10491105892118391,0.07772002399982632
sess_42_001924,1558.53,upi,mobile_android,price_shock_breakdown,600,1,4,0.571,150.0,1,none,0,0,0.32171299457016933,0.32171299457016933,0.2633963223194074,0.23833084820766,0.17655983490276325
sess_42_001925,5278.08,netbanking,mobile_android,genuine_browse_abandon,146,1,9,0.861,16.22,0,none,0,0,0.39614560278704986,0.39614560278704986,0.39614560278704986,0.11931676263392972,0.0883920317919707
sess_42_001926,3596.15,card,mobile_ios,upi_app_switch_abort,498,1,8,0.785,62.25,1,whatsapp,0,0,0.8204386747606477,0.049994806056778376,0.8204386747606477,0.07442851737376392,0.0551380018088101
sess_42_001927,1598.62,upi,mobile_android,price_shock_breakdown,476,2,8,0.477,59.5,1,email,0,0,0.17655983490276325,0.32171299457016933,0.2633963223194074,0.23833084820766,0.17655983490276325
sess_42_001928,324.97,cod,mobile_android,genuine_browse_abandon,600,2,7,0.752,85.71,0,whatsapp,0,0,0.061543213951843805,0.6784017024227375,0.061543213951843805,0.18488603235859524,0.07516905126682347
sess_42_001929,758.16,cod,mobile_android,price_shock_breakdown,230,1,10,0.86,23.0,0,email,0,0,0.16392226199847068,0.2986858353899521,0.13420819701225414,0.40318370559932304,0.16392226199847068
sess_42_001930,2906.52,upi,mobile_ios,upi_app_switch_abort,590,1,8,0.559,73.75,0,whatsapp,1,0,0.8204386747606477,0.049994806056778376,0.8204386747606477,0.07442851737376392,0.0551380018088101
sess_42_001931,1421.47,upi,mobile_android,upi_app_switch_abort,295,1,6,0.533,49.17,1,whatsapp,0,0,0.483942482820616,0.1780324901391686,0.483942482820616,0.24031872484904457,0.0977063021911707
sess_42_001932,1664.6,upi,mobile_android,vpa_validation_failure,386,1,8,0.907,48.25,1,sms,1,1,0.23833084820766,0.32171299457016933,0.2633963223194074,0.23833084820766,0.17655983490276325
sess_42_001933,2864.71,cod,mobile_android,otp_timeout,130,2,12,0.804,10.83,1,email,0,0,0.09944486736563182,0.08998143702404678,0.4456809751737707,0.36489272043655063,0.09944486736563182
sess_42_001934,4225.34,netbanking,mobile_android,otp_timeout,473,2,10,0.883,47.3,0,whatsapp,0,0,0.4456809751737707,0.08998143702404678,0.4456809751737707,0.36489272043655063,0.09944486736563182
sess_42_001935,1008.16,cod,mobile_android,genuine_browse_abandon,176,1,4,0.596,44.0,1,none,0,0,0.6457304331194986,0.6457304331194986,0.10673852268549665,0.17598207275468647,0.07154897144031824
sess_42_001936,2817.88,cod,mobile_android,genuine_browse_abandon,328,1,6,0.884,54.67,0,none,0,0,0.39614560278704986,0.39614560278704986,0.39614560278704986,0.11931676263392972,0.0883920317919707
sess_42_001937,6054.69,upi,mobile_android,genuine_browse_abandon,107,1,4,0.712,26.75,0,none,0,0,0.39614560278704986,0.39614560278704986,0.39614560278704986,0.11931676263392972,0.0883920317919707
sess_42_001938,5276.3,card,mobile_android,price_shock_breakdown,418,2,8,0.711,52.25,0,sms,0,0,0.17448184855563614,0.11695868075619749,0.579300138099923,0.17448184855563614,0.12925933258824335
sess_42_001939,1214.26,upi,mobile_android,vpa_validation_failure,345,2,9,0.567,38.33,1,email,1,0,0.14763314666550595,0.26900513210002774,0.2202427743860977,0.3631189468483686,0.14763314666550595
sess_42_001940,2255.57,card,mobile_android,vpa_validation_failure,464,1,10,0.452,46.4,0,email,1,0,0.17655983490276325,0.32171299457016933,0.2633963223194074,0.23833084820766,0.17655983490276325
sess_42_001941,3175.0,upi,mobile_android,price_shock_breakdown,293,2,6,0.687,48.83,1,whatsapp,0,0,0.579300138099923,0.11695868075619749,0.579300138099923,0.17448184855563614,0.12925933258824335
sess_42_001942,1835.57,upi,desktop,price_shock_breakdown,600,2,12,0.938,50.0,0,email,1,0,0.32304108720794833,0.2644836726048936,0.21654091644863488,0.19593432373852326,0.32304108720794833
sess_42_001943,1499.83,card,desktop,otp_timeout,402,2,11,0.64,36.55,0,sms,0,0,0.5468864821310532,0.14904395356123945,0.12202686834091331,0.5468864821310532,0.18204269596679412
sess_42_001944,493.81,cod,mobile_android,price_shock_breakdown,203,2,8,0.902,25.38,0,email,0,0,0.16392226199847068,0.2986858353899521,0.13420819701225414,0.40318370559932304,0.16392226199847068
sess_42_001945,945.01,card,mobile_android,genuine_browse_abandon,168,2,11,0.477,15.27,0,none,0,0,0.6457304331194986,0.6457304331194986,0.10673852268549665,0.17598207275468647,0.07154897144031824
sess_42_001946,1073.31,upi,mobile_android,vpa_validation_failure,277,2,11,0.556,25.18,0,whatsapp,0,0,0.2202427743860977,0.26900513210002774,0.2202427743860977,0.3631189468483686,0.14763314666550595
sess_42_001947,702.02,cod,mobile_android,genuine_browse_abandon,569,1,4,0.558,142.25,0,none,0,0,0.6784017024227375,0.6784017024227375,0.061543213951843805,0.18488603235859524,0.07516905126682347
sess_42_001948,1962.79,cod,desktop,price_shock_breakdown,305,1,10,0.625,30.5,0,sms,0,0,0.19593432373852326,0.2644836726048936,0.21654091644863488,0.19593432373852326,0.32304108720794833
sess_42_001949,3463.1,upi,mobile_android,price_shock_breakdown,170,1,4,0.694,42.5,1,whatsapp,1,0,0.579300138099923,0.11695868075619749,0.579300138099923,0.17448184855563614,0.12925933258824335
sess_42_001950,1320.26,cod,mobile_android,price_shock_breakdown,370,1,7,0.847,52.86,1,sms,0,0,0.3631189468483686,0.26900513210002774,0.2202427743860977,0.3631189468483686,0.14763314666550595
sess_42_001951,346.27,card,mobile_android,price_shock_breakdown,550,1,7,0.714,78.57,1,sms,1,0,0.40318370559932304,0.2986858353899521,0.13420819701225414,0.40318370559932304,0.16392226199847068
sess_42_001952,1654.44,upi,mobile_android,price_shock_breakdown,547,1,6,0.486,91.17,1,none,0,0,0.32171299457016933,0.32171299457016933,0.2633963223194074,0.23833084820766,0.17655983490276325
sess_42_001953,2220.51,card,mobile_android,genuine_browse_abandon,248,2,12,0.465,20.67,1,none,0,0,0.7014242657747766,0.7014242657747766,0.11594465130421318,0.10491105892118391,0.07772002399982632
sess_42_001954,2110.7,cod,mobile_ios,genuine_browse_abandon,247,1,4,0.763,61.75,1,email,0,0,0.07772002399982632,0.7014242657747766,0.11594465130421318,0.10491105892118391,0.07772002399982632
sess_42_001955,1052.73,upi,mobile_ios,genuine_browse_abandon,387,1,9,0.794,43.0,1,none,0,0,0.6457304331194986,0.6457304331194986,0.10673852268549665,0.17598207275468647,0.07154897144031824
sess_42_001956,732.35,upi,mobile_android,otp_timeout,275,2,11,0.446,25.0,0,sms,1,0,0.647434897682398,0.17644659353817646,0.0792825650965213,0.647434897682398,0.09683594368290428
sess_42_001957,3515.02,card,mobile_android,upi_app_switch_abort,447,2,8,0.475,55.88,1,whatsapp,1,0,0.8204386747606477,0.049994806056778376,0.8204386747606477,0.07442851737376392,0.0551380018088101
sess_42_001958,2353.82,cod,mobile_android,price_shock_breakdown,524,2,7,0.869,74.86,0,email,0,0,0.17655983490276325,0.32171299457016933,0.2633963223194074,0.23833084820766,0.17655983490276325
sess_42_001959,1084.72,cod,mobile_android,price_shock_breakdown,406,2,8,0.726,50.75,1,none,0,0,0.26900513210002774,0.26900513210002774,0.2202427743860977,0.3631189468483686,0.14763314666550595
sess_42_001960,586.46,card,mobile_android,genuine_browse_abandon,600,2,11,0.676,54.55,1,none,0,0,0.6784017024227375,0.6784017024227375,0.061543213951843805,0.18488603235859524,0.07516905126682347
sess_42_001961,2136.57,cod,mobile_ios,price_shock_breakdown,516,2,11,0.49,46.91,0,email,1,0,0.17655983490276325,0.32171299457016933,0.2633963223194074,0.23833084820766,0.17655983490276325
sess_42_001962,922.27,card,mobile_ios,price_shock_breakdown,600,2,10,0.58,60.0,0,email,0,0,0.14763314666550595,0.26900513210002774,0.2202427743860977,0.3631189468483686,0.14763314666550595
sess_42_001963,2409.13,card,mobile_android,genuine_browse_abandon,296,1,6,0.784,49.33,0,whatsapp,0,0,0.11594465130421318,0.7014242657747766,0.11594465130421318,0.10491105892118391,0.07772002399982632
sess_42_001964,2035.26,cod,desktop,genuine_browse_abandon,187,1,10,0.725,18.7,1,none,1,0,0.6404244338089113,0.6404244338089113,0.10586144689855206,0.0957873982812367,0.15792672101129984
sess_42_001965,8584.22,upi,mobile_android,genuine_browse_abandon,438,2,10,0.712,43.8,0,whatsapp,0,0,0.39614560278704986,0.39614560278704986,0.39614560278704986,0.11931676263392972,0.0883920317919707
sess_42_001966,1705.43,upi,desktop,upi_app_switch_abort,555,2,6,0.822,92.5,0,whatsapp,0,0,0.47852838396019126,0.17604075447594858,0.47852838396019126,0.13041419849833935,0.2150166630655208
sess_42_001967,8107.7,card,mobile_ios,price_shock_breakdown,146,1,4,0.781,36.5,0,whatsapp,1,1,0.579300138099923,0.11695868075619749,0.579300138099923,0.17448184855563614,0.12925933258824335
sess_42_001968,1922.6,card,mobile_android,genuine_browse_abandon,494,1,8,0.574,61.75,0,none,0,0,0.7014242657747766,0.7014242657747766,0.11594465130421318,0.10491105892118391,0.07772002399982632
sess_42_001969,1096.42,upi,mobile_android,genuine_browse_abandon,144,3,13,0.914,11.08,1,sms,0,0,0.17598207275468647,0.6457304331194986,0.10673852268549665,0.17598207275468647,0.07154897144031824
sess_42_001970,819.25,upi,mobile_android,upi_app_switch_abort,304,2,10,0.741,30.4,1,whatsapp,0,0,0.483942482820616,0.1780324901391686,0.483942482820616,0.24031872484904457,0.0977063021911707
sess_42_001971,936.57,upi,mobile_android,genuine_browse_abandon,545,1,5,0.484,109.0,0,none,0,0,0.6457304331194986,0.6457304331194986,0.10673852268549665,0.17598207275468647,0.07154897144031824
sess_42_001972,2494.42,cod,mobile_ios,otp_timeout,242,1,9,0.692,26.89,1,sms,0,0,0.45962498828569537,0.2282430144379751,0.18686957509559202,0.45962498828569537,0.12526242218073758
sess_42_001973,1991.95,cod,desktop,upi_app_switch_abort,562,2,8,0.644,70.25,1,none,1,0,0.17604075447594858,0.17604075447594858,0.47852838396019126,0.13041419849833935,0.2150166630655208
sess_42_001974,455.33,netbanking,mobile_android,otp_timeout,354,2,10,0.843,35.4,0,sms,1,1,0.647434897682398,0.17644659353817646,0.0792825650965213,0.647434897682398,0.09683594368290428
sess_42_001975,3885.95,upi,mobile_android,upi_app_switch_abort,331,2,10,0.905,33.1,1,whatsapp,1,0,0.8204386747606477,0.049994806056778376,0.8204386747606477,0.07442851737376392,0.0551380018088101
sess_42_001976,5473.53,cod,mobile_android,price_shock_breakdown,445,1,5,0.528,89.0,1,whatsapp,0,0,0.579300138099923,0.11695868075619749,0.579300138099923,0.17448184855563614,0.12925933258824335
sess_42_001977,451.88,cod,mobile_android,price_shock_breakdown,500,1,5,0.782,100.0,0,sms,0,0,0.40318370559932304,0.2986858353899521,0.13420819701225414,0.40318370559932304,0.16392226199847068
sess_42_001978,3862.3,netbanking,mobile_android,price_shock_breakdown,490,2,11,0.713,44.55,0,whatsapp,1,0,0.579300138099923,0.11695868075619749,0.579300138099923,0.17448184855563614,0.12925933258824335
sess_42_001979,6388.91,cod,mobile_android,price_shock_breakdown,558,1,10,0.891,55.8,0,whatsapp,0,0,0.579300138099923,0.11695868075619749,0.579300138099923,0.17448184855563614,0.12925933258824335
sess_42_001980,470.1,card,mobile_android,price_shock_breakdown,252,3,12,0.485,21.0,1,whatsapp,0,0,0.13420819701225414,0.2986858353899521,0.13420819701225414,0.40318370559932304,0.16392226199847068
sess_42_001981,1273.54,card,mobile_ios,genuine_browse_abandon,381,2,8,0.786,47.62,0,none,0,0,0.6457304331194986,0.6457304331194986,0.10673852268549665,0.17598207275468647,0.07154897144031824
sess_42_001982,956.08,card,mobile_android,genuine_browse_abandon,411,1,6,0.908,68.5,0,none,0,0,0.6457304331194986,0.6457304331194986,0.10673852268549665,0.17598207275468647,0.07154897144031824
sess_42_001983,3753.42,upi,mobile_android,price_shock_breakdown,600,3,11,0.732,54.55,0,sms,0,0,0.17448184855563614,0.11695868075619749,0.579300138099923,0.17448184855563614,0.12925933258824335
sess_42_001984,1324.76,upi,mobile_android,genuine_browse_abandon,579,1,9,0.589,64.33,1,none,0,0,0.6457304331194986,0.6457304331194986,0.10673852268549665,0.17598207275468647,0.07154897144031824
sess_42_001985,1285.73,cod,mobile_android,upi_app_switch_abort,359,1,10,0.77,35.9,0,email,0,0,0.0977063021911707,0.1780324901391686,0.483942482820616,0.24031872484904457,0.0977063021911707
sess_42_001986,2479.84,upi,mobile_android,vpa_validation_failure,291,1,9,0.448,32.33,0,whatsapp,1,0,0.2633963223194074,0.32171299457016933,0.2633963223194074,0.23833084820766,0.17655983490276325
sess_42_001987,5823.84,card,mobile_android,price_shock_breakdown,281,2,12,0.725,23.42,0,whatsapp,0,0,0.579300138099923,0.11695868075619749,0.579300138099923,0.17448184855563614,0.12925933258824335
sess_42_001988,1726.35,upi,desktop,upi_app_switch_abort,148,2,9,0.631,16.44,0,email,0,0,0.2150166630655208,0.17604075447594858,0.47852838396019126,0.13041419849833935,0.2150166630655208
sess_42_001989,1270.23,cod,mobile_android,otp_timeout,39,1,10,0.497,3.9,1,sms,1,1,0.6078175404546194,0.16564960413762098,0.13562242514266395,0.6078175404546194,0.09091043026509557
sess_42_001990,1460.79,card,mobile_android,otp_timeout,86,2,10,0.895,8.6,0,sms,1,0,0.6078175404546194,0.16564960413762098,0.13562242514266395,0.6078175404546194,0.09091043026509557
sess_42_001991,2961.97,card,mobile_android,genuine_browse_abandon,143,1,10,0.678,14.3,1,none,0,0,0.39614560278704986,0.39614560278704986,0.39614560278704986,0.11931676263392972,0.0883920317919707
sess_42_001992,666.12,netbanking,mobile_android,price_shock_breakdown,498,1,4,0.856,124.5,1,none,1,1,0.2986858353899521,0.2986858353899521,0.13420819701225414,0.40318370559932304,0.16392226199847068
sess_42_001993,1785.89,card,mobile_android,genuine_browse_abandon,556,1,9,0.565,61.78,0,none,0,0,0.7014242657747766,0.7014242657747766,0.11594465130421318,0.10491105892118391,0.07772002399982632
sess_42_001994,894.89,upi,mobile_android,upi_app_switch_abort,117,1,10,0.596,11.7,0,sms,1,0,0.24031872484904457,0.1780324901391686,0.483942482820616,0.24031872484904457,0.0977063021911707
sess_42_001995,733.44,cod,mobile_android,price_shock_breakdown,475,1,4,0.909,118.75,0,email,0,0,0.16392226199847068,0.2986858353899521,0.13420819701225414,0.40318370559932304,0.16392226199847068
sess_42_001996,420.52,upi,mobile_android,price_shock_breakdown,376,1,10,0.716,37.6,0,none,0,0,0.2986858353899521,0.2986858353899521,0.13420819701225414,0.40318370559932304,0.16392226199847068
sess_42_001997,1228.76,upi,mobile_android,upi_app_switch_abort,170,2,7,0.616,24.29,0,whatsapp,0,0,0.483942482820616,0.1780324901391686,0.483942482820616,0.24031872484904457,0.0977063021911707
sess_42_001998,4060.44,upi,mobile_android,price_shock_breakdown,522,2,9,0.811,58.0,0,whatsapp,0,0,0.579300138099923,0.11695868075619749,0.579300138099923,0.17448184855563614,0.12925933258824335
sess_42_001999,408.49,upi,mobile_android,upi_app_switch_abort,473,1,8,0.46,59.12,0,whatsapp,1,0,0.3397850697075843,0.22776474356861084,0.3397850697075843,0.30745024516137914,0.12499994156242572
sess_42_002000,2716.34,cod,mobile_android,upi_app_switch_abort,600,1,4,0.8,150.0,0,whatsapp,0,0,0.8204386747606477,0.049994806056778376,0.8204386747606477,0.07442851737376392,0.0551380018088101
sess_42_002001,1111.4,card,mobile_android,price_shock_breakdown,291,1,8,0.507,36.38,1,sms,0,0,0.3631189468483686,0.26900513210002774,0.2202427743860977,0.3631189468483686,0.14763314666550595
sess_42_002002,814.4,upi,mobile_android,price_shock_breakdown,165,1,9,0.446,18.33,0,whatsapp,0,0,0.2202427743860977,0.26900513210002774,0.2202427743860977,0.3631189468483686,0.14763314666550595
sess_42_002003,2340.0,card,mobile_android,upi_app_switch_abort,280,1,8,0.929,35.0,0,none,0,0,0.1996840325575982,0.1996840325575982,0.5427974771347435,0.14792956969787008,0.10958892060978828
sess_42_002004,4831.56,cod,mobile_android,genuine_browse_abandon,441,2,7,0.529,63.0,0,none,0,0,0.39614560278704986,0.39614560278704986,0.39614560278704986,0.11931676263392972,0.0883920317919707
sess_42_002005,5560.79,card,mobile_android,otp_timeout,600,1,4,0.865,150.0,0,sms,0,0,0.36489272043655063,0.08998143702404678,0.4456809751737707,0.36489272043655063,0.09944486736563182
sess_42_002006,2236.74,upi,mobile_android,price_shock_breakdown,422,1,8,0.684,52.75,1,sms,0,0,0.23833084820766,0.32171299457016933,0.2633963223194074,0.23833084820766,0.17655983490276325
sess_42_002007,1715.2,upi,mobile_android,price_shock_breakdown,281,2,7,0.51,40.14,0,sms,0,0,0.23833084820766,0.32171299457016933,0.2633963223194074,0.23833084820766,0.17655983490276325
sess_42_002008,2425.19,cod,desktop,price_shock_breakdown,197,1,5,0.681,39.4,0,email,0,0,0.32304108720794833,0.2644836726048936,0.21654091644863488,0.19593432373852326,0.32304108720794833
sess_42_002009,11587.96,netbanking,mobile_android,otp_timeout,442,2,10,0.537,44.2,1,whatsapp,0,0,0.4456809751737707,0.08998143702404678,0.4456809751737707,0.36489272043655063,0.09944486736563182
sess_42_002010,1451.7,cod,mobile_android,upi_app_switch_abort,571,2,8,0.47,71.38,0,whatsapp,1,1,0.483942482820616,0.1780324901391686,0.483942482820616,0.24031872484904457,0.0977063021911707
sess_42_002011,4235.27,cod,desktop,price_shock_breakdown,103,1,7,0.581,14.71,0,whatsapp,0,0,0.5000810046968293,0.10096461356355876,0.5000810046968293,0.1506215041019237,0.24833287763768827
sess_42_002012,1159.47,card,mobile_android,otp_timeout,600,1,10,0.682,60.0,1,none,0,0,0.16564960413762098,0.16564960413762098,0.13562242514266395,0.6078175404546194,0.09091043026509557
sess_42_002013,969.74,card,mobile_ios,otp_timeout,270,1,8,0.765,33.75,0,email,1,1,0.09091043026509557,0.16564960413762098,0.13562242514266395,0.6078175404546194,0.09091043026509557
sess_42_002014,6813.6,card,mobile_android,otp_timeout,600,2,7,0.598,85.71,1,sms,0,0,0.36489272043655063,0.08998143702404678,0.4456809751737707,0.36489272043655063,0.09944486736563182
sess_42_002015,1811.65,netbanking,mobile_ios,price_shock_breakdown,202,1,5,0.567,40.4,0,whatsapp,0,0,0.2633963223194074,0.32171299457016933,0.2633963223194074,0.23833084820766,0.17655983490276325
sess_42_002016,2139.71,upi,mobile_ios,price_shock_breakdown,269,1,10,0.662,26.9,0,email,0,0,0.17655983490276325,0.32171299457016933,0.2633963223194074,0.23833084820766,0.17655983490276325
sess_42_002017,2724.97,card,mobile_android,otp_timeout,568,2,9,0.66,63.11,1,whatsapp,0,0,0.4456809751737707,0.08998143702404678,0.4456809751737707,0.36489272043655063,0.09944486736563182
sess_42_002018,925.67,cod,mobile_ios,price_shock_breakdown,371,2,8,0.846,46.38,1,whatsapp,0,0,0.2202427743860977,0.26900513210002774,0.2202427743860977,0.3631189468483686,0.14763314666550595
sess_42_002019,1301.53,netbanking,mobile_android,price_shock_breakdown,283,1,4,0.468,70.75,1,none,0,0,0.26900513210002774,0.26900513210002774,0.2202427743860977,0.3631189468483686,0.14763314666550595
sess_42_002020,1117.07,upi,mobile_ios,upi_app_switch_abort,262,1,6,0.469,43.67,1,sms,0,0,0.24031872484904457,0.1780324901391686,0.483942482820616,0.24031872484904457,0.0977063021911707
sess_42_002021,2319.56,netbanking,mobile_android,otp_timeout,219,1,4,0.675,54.75,0,sms,1,0,0.45962498828569537,0.2282430144379751,0.18686957509559202,0.45962498828569537,0.12526242218073758
sess_42_002022,2380.29,upi,mobile_android,price_shock_breakdown,533,2,8,0.725,66.62,0,none,1,1,0.32171299457016933,0.32171299457016933,0.2633963223194074,0.23833084820766,0.17655983490276325
sess_42_002023,1152.42,upi,mobile_android,genuine_browse_abandon,221,2,8,0.579,27.62,0,none,1,1,0.6457304331194986,0.6457304331194986,0.10673852268549665,0.17598207275468647,0.07154897144031824
sess_42_002024,8273.6,netbanking,mobile_android,price_shock_breakdown,303,1,5,0.527,60.6,0,whatsapp,1,1,0.579300138099923,0.11695868075619749,0.579300138099923,0.17448184855563614,0.12925933258824335
sess_42_002025,1771.29,cod,mobile_android,price_shock_breakdown,474,1,4,0.846,118.5,0,sms,0,0,0.23833084820766,0.32171299457016933,0.2633963223194074,0.23833084820766,0.17655983490276325
sess_42_002026,1952.93,upi,mobile_android,upi_app_switch_abort,147,2,12,0.553,12.25,1,none,1,0,0.1996840325575982,0.1996840325575982,0.5427974771347435,0.14792956969787008,0.10958892060978828
sess_42_002027,4952.36,card,mobile_android,otp_timeout,290,2,8,0.756,36.25,0,sms,1,0,0.36489272043655063,0.08998143702404678,0.4456809751737707,0.36489272043655063,0.09944486736563182
sess_42_002028,938.05,netbanking,mobile_android,price_shock_breakdown,537,1,7,0.781,76.71,1,sms,0,0,0.3631189468483686,0.26900513210002774,0.2202427743860977,0.3631189468483686,0.14763314666550595
sess_42_002029,1223.35,upi,mobile_ios,upi_app_switch_abort,174,2,8,0.723,21.75,1,sms,1,0,0.24031872484904457,0.1780324901391686,0.483942482820616,0.24031872484904457,0.0977063021911707
sess_42_002030,2239.77,upi,mobile_ios,vpa_validation_failure,462,2,9,0.636,51.33,0,email,1,1,0.17655983490276325,0.32171299457016933,0.2633963223194074,0.23833084820766,0.17655983490276325
sess_42_002031,597.8,cod,mobile_android,price_shock_breakdown,348,2,9,0.847,38.67,0,none,0,0,0.2986858353899521,0.2986858353899521,0.13420819701225414,0.40318370559932304,0.16392226199847068
sess_42_002032,1513.09,upi,mobile_ios,price_shock_breakdown,600,1,5,0.638,120.0,1,sms,0,0,0.23833084820766,0.32171299457016933,0.2633963223194074,0.23833084820766,0.17655983490276325
sess_42_002033,8418.25,card,mobile_android,price_shock_breakdown,372,1,4,0.46,93.0,1,whatsapp,0,0,0.579300138099923,0.11695868075619749,0.579300138099923,0.17448184855563614,0.12925933258824335
sess_42_002034,7127.67,upi,mobile_android,genuine_browse_abandon,364,1,6,0.428,60.67,0,sms,0,0,0.11931676263392972,0.39614560278704986,0.39614560278704986,0.11931676263392972,0.0883920317919707
sess_42_002035,3543.65,cod,mobile_android,price_shock_breakdown,337,1,7,0.889,48.14,0,whatsapp,0,0,0.579300138099923,0.11695868075619749,0.579300138099923,0.17448184855563614,0.12925933258824335
sess_42_002036,4389.91,cod,mobile_android,genuine_browse_abandon,122,1,10,0.853,12.2,0,email,0,0,0.0883920317919707,0.39614560278704986,0.39614560278704986,0.11931676263392972,0.0883920317919707
sess_42_002037,2617.66,cod,mobile_android,genuine_browse_abandon,600,1,5,0.86,120.0,0,whatsapp,1,1,0.39614560278704986,0.39614560278704986,0.39614560278704986,0.11931676263392972,0.0883920317919707
sess_42_002038,1308.14,upi,desktop,vpa_validation_failure,346,3,9,0.563,38.44,0,none,1,0,0.22779083136758763,0.22779083136758763,0.1864993589098446,0.30748546000659815,0.2782243497159696
sess_42_002039,6202.34,upi,mobile_android,price_shock_breakdown,235,1,7,0.561,33.57,0,sms,0,0,0.17448184855563614,0.11695868075619749,0.579300138099923,0.17448184855563614,0.12925933258824335
sess_42_002040,887.48,upi,mobile_android,upi_app_switch_abort,95,2,12,0.745,7.92,0,whatsapp,1,0,0.483942482820616,0.1780324901391686,0.483942482820616,0.24031872484904457,0.0977063021911707
sess_42_002041,3738.15,cod,mobile_ios,upi_app_switch_abort,498,2,7,0.876,71.14,0,whatsapp,0,0,0.8204386747606477,0.049994806056778376,0.8204386747606477,0.07442851737376392,0.0551380018088101
sess_42_002042,1234.11,card,mobile_android,price_shock_breakdown,316,1,7,0.873,45.14,0,email,1,0,0.14763314666550595,0.26900513210002774,0.2202427743860977,0.3631189468483686,0.14763314666550595
sess_42_002043,1291.13,card,mobile_android,genuine_browse_abandon,446,1,8,0.594,55.75,1,none,0,0,0.6457304331194986,0.6457304331194986,0.10673852268549665,0.17598207275468647,0.07154897144031824
sess_42_002044,2708.08,upi,mobile_android,genuine_browse_abandon,161,2,12,0.881,13.42,0,none,0,0,0.39614560278704986,0.39614560278704986,0.39614560278704986,0.11931676263392972,0.0883920317919707
sess_42_002045,8312.22,card,mobile_android,otp_timeout,406,1,5,0.614,81.2,0,email,0,0,0.09944486736563182,0.08998143702404678,0.4456809751737707,0.36489272043655063,0.09944486736563182
sess_42_002046,5279.02,upi,mobile_android,upi_app_switch_abort,255,1,6,0.514,42.5,1,whatsapp,0,0,0.8204386747606477,0.049994806056778376,0.8204386747606477,0.07442851737376392,0.0551380018088101
sess_42_002047,2331.04,netbanking,desktop,price_shock_breakdown,550,1,4,0.493,137.5,1,whatsapp,0,0,0.21654091644863488,0.2644836726048936,0.21654091644863488,0.19593432373852326,0.32304108720794833
sess_42_002048,1895.34,cod,mobile_android,genuine_browse_abandon,531,1,6,0.716,88.5,0,whatsapp,0,0,0.11594465130421318,0.7014242657747766,0.11594465130421318,0.10491105892118391,0.07772002399982632
sess_42_002049,3249.01,upi,mobile_ios,upi_app_switch_abort,166,2,12,0.485,13.83,0,whatsapp,1,1,0.8204386747606477,0.049994806056778376,0.8204386747606477,0.07442851737376392,0.0551380018088101
sess_42_002050,5033.51,cod,mobile_android,price_shock_breakdown,600,2,10,0.721,60.0,0,whatsapp,0,0,0.579300138099923,0.11695868075619749,0.579300138099923,0.17448184855563614,0.12925933258824335
sess_42_002051,482.79,netbanking,mobile_android,price_shock_breakdown,600,2,10,0.45,60.0,0,whatsapp,0,0,0.13420819701225414,0.2986858353899521,0.13420819701225414,0.40318370559932304,0.16392226199847068
sess_42_002052,1643.76,upi,mobile_android,price_shock_breakdown,157,2,10,0.554,15.7,1,email,1,0,0.17655983490276325,0.32171299457016933,0.2633963223194074,0.23833084820766,0.17655983490276325
sess_42_002053,821.12,upi,mobile_android,upi_app_switch_abort,579,1,9,0.879,64.33,0,sms,1,0,0.24031872484904457,0.1780324901391686,0.483942482820616,0.24031872484904457,0.0977063021911707
sess_42_002054,1534.55,upi,mobile_android,genuine_browse_abandon,595,1,5,0.872,119.0,1,email,0,0,0.07772002399982632,0.7014242657747766,0.11594465130421318,0.10491105892118391,0.07772002399982632
sess_42_002055,703.85,netbanking,desktop,genuine_browse_abandon,538,2,6,0.769,89.67,0,none,0,0,0.6211771553301298,0.6211771553301298,0.05635192016168885,0.16929052393388763,0.15318040057429372
sess_42_002056,466.59,upi,mobile_android,otp_timeout,600,2,10,0.488,60.0,0,none,1,0,0.17644659353817646,0.17644659353817646,0.0792825650965213,0.647434897682398,0.09683594368290428
sess_42_002057,672.2,cod,desktop,genuine_browse_abandon,600,1,8,0.887,75.0,1,none,0,0,0.6211771553301298,0.6211771553301298,0.05635192016168885,0.16929052393388763,0.15318040057429372
sess_42_002058,1193.77,cod,mobile_android,price_shock_breakdown,237,2,9,0.567,26.33,0,email,1,0,0.14763314666550595,0.26900513210002774,0.2202427743860977,0.3631189468483686,0.14763314666550595
sess_42_002059,2807.1,upi,mobile_android,vpa_validation_failure,600,2,9,0.475,66.67,0,whatsapp,0,0,0.579300138099923,0.11695868075619749,0.579300138099923,0.17448184855563614,0.12925933258824335
sess_42_002060,981.98,card,mobile_android,price_shock_breakdown,254,1,4,0.59,63.5,0,none,0,0,0.26900513210002774,0.26900513210002774,0.2202427743860977,0.3631189468483686,0.14763314666550595
sess_42_002061,944.56,upi,mobile_android,price_shock_breakdown,152,1,10,0.521,15.2,0,sms,1,0,0.3631189468483686,0.26900513210002774,0.2202427743860977,0.3631189468483686,0.14763314666550595
sess_42_002062,2432.77,cod,mobile_ios,vpa_validation_failure,493,1,5,0.773,98.6,0,none,0,0,0.32171299457016933,0.32171299457016933,0.2633963223194074,0.23833084820766,0.17655983490276325
sess_42_002063,2241.93,card,mobile_ios,otp_timeout,599,3,12,0.611,49.92,1,sms,0,0,0.45962498828569537,0.2282430144379751,0.18686957509559202,0.45962498828569537,0.12526242218073758
sess_42_002064,6481.06,card,mobile_android,genuine_browse_abandon,238,2,8,0.731,29.75,1,none,0,0,0.39614560278704986,0.39614560278704986,0.39614560278704986,0.11931676263392972,0.0883920317919707
sess_42_002065,3644.65,netbanking,mobile_android,otp_timeout,592,1,5,0.903,118.4,0,sms,1,0,0.36489272043655063,0.08998143702404678,0.4456809751737707,0.36489272043655063,0.09944486736563182
sess_42_002066,837.63,cod,mobile_android,genuine_browse_abandon,549,2,6,0.645,91.5,0,none,0,0,0.6457304331194986,0.6457304331194986,0.10673852268549665,0.17598207275468647,0.07154897144031824
sess_42_002067,1093.43,upi,mobile_android,genuine_browse_abandon,320,1,5,0.577,64.0,1,none,1,0,0.6457304331194986,0.6457304331194986,0.10673852268549665,0.17598207275468647,0.07154897144031824
sess_42_002068,3164.85,netbanking,desktop,price_shock_breakdown,556,2,10,0.737,55.6,1,none,0,0,0.10096461356355876,0.10096461356355876,0.5000810046968293,0.1506215041019237,0.24833287763768827
sess_42_002069,929.91,cod,mobile_android,genuine_browse_abandon,436,2,7,0.734,62.29,0,sms,0,0,0.17598207275468647,0.6457304331194986,0.10673852268549665,0.17598207275468647,0.07154897144031824
sess_42_002070,1417.63,upi,mobile_android,genuine_browse_abandon,381,3,12,0.73,31.75,1,sms,0,0,0.17598207275468647,0.6457304331194986,0.10673852268549665,0.17598207275468647,0.07154897144031824
sess_42_002071,501.28,netbanking,mobile_ios,otp_timeout,453,1,8,0.484,56.62,0,sms,1,0,0.647434897682398,0.17644659353817646,0.0792825650965213,0.647434897682398,0.09683594368290428
sess_42_002072,678.6,cod,mobile_android,otp_timeout,527,1,5,0.429,105.4,1,none,1,1,0.17644659353817646,0.17644659353817646,0.0792825650965213,0.647434897682398,0.09683594368290428
sess_42_002073,4649.6,card,mobile_android,price_shock_breakdown,408,3,11,0.877,37.09,1,none,0,0,0.11695868075619749,0.11695868075619749,0.579300138099923,0.17448184855563614,0.12925933258824335
sess_42_002074,2049.59,netbanking,mobile_android,price_shock_breakdown,588,2,9,0.532,65.33,1,sms,1,0,0.23833084820766,0.32171299457016933,0.2633963223194074,0.23833084820766,0.17655983490276325
sess_42_002075,1128.05,upi,mobile_android,price_shock_breakdown,272,1,10,0.46,27.2,0,none,0,0,0.26900513210002774,0.26900513210002774,0.2202427743860977,0.3631189468483686,0.14763314666550595
sess_42_002076,1253.41,card,mobile_android,otp_timeout,195,3,13,0.74,15.0,1,sms,0,0,0.6078175404546194,0.16564960413762098,0.13562242514266395,0.6078175404546194,0.09091043026509557
sess_42_002077,6545.12,card,desktop,otp_timeout,536,2,11,0.521,48.73,1,email,0,0,0.19727587123555898,0.08020638384327146,0.397264819819204,0.32525292510196563,0.19727587123555898
sess_42_002078,1104.77,card,mobile_android,price_shock_breakdown,543,1,6,0.903,90.5,1,none,0,0,0.26900513210002774,0.26900513210002774,0.2202427743860977,0.3631189468483686,0.14763314666550595
sess_42_002079,2578.66,upi,mobile_ios,otp_timeout,529,1,4,0.759,132.25,0,whatsapp,0,0,0.4456809751737707,0.08998143702404678,0.4456809751737707,0.36489272043655063,0.09944486736563182
sess_42_002080,3475.85,cod,mobile_android,vpa_validation_failure,600,2,8,0.93,75.0,1,email,0,0,0.12925933258824335,0.11695868075619749,0.579300138099923,0.17448184855563614,0.12925933258824335
sess_42_002081,5343.99,upi,mobile_ios,genuine_browse_abandon,600,1,10,0.849,60.0,0,none,0,0,0.39614560278704986,0.39614560278704986,0.39614560278704986,0.11931676263392972,0.0883920317919707
sess_42_002082,954.99,card,mobile_ios,genuine_browse_abandon,600,1,6,0.583,100.0,0,none,0,0,0.6457304331194986,0.6457304331194986,0.10673852268549665,0.17598207275468647,0.07154897144031824
sess_42_002083,632.97,upi,mobile_android,price_shock_breakdown,600,2,11,0.787,54.55,0,email,0,0,0.16392226199847068,0.2986858353899521,0.13420819701225414,0.40318370559932304,0.16392226199847068
sess_42_002084,790.17,cod,mobile_android,otp_timeout,299,1,4,0.63,74.75,1,sms,1,0,0.647434897682398,0.17644659353817646,0.0792825650965213,0.647434897682398,0.09683594368290428
sess_42_002085,3128.39,upi,mobile_android,upi_app_switch_abort,600,1,4,0.534,150.0,0,whatsapp,0,0,0.8204386747606477,0.049994806056778376,0.8204386747606477,0.07442851737376392,0.0551380018088101
sess_42_002086,8054.04,upi,mobile_android,upi_app_switch_abort,283,1,7,0.7,40.43,0,whatsapp,0,0,0.8204386747606477,0.049994806056778376,0.8204386747606477,0.07442851737376392,0.0551380018088101
sess_42_002087,3211.02,card,mobile_ios,price_shock_breakdown,600,1,10,0.908,60.0,1,whatsapp,0,0,0.579300138099923,0.11695868075619749,0.579300138099923,0.17448184855563614,0.12925933258824335
sess_42_002088,1102.55,netbanking,mobile_android,genuine_browse_abandon,600,2,11,0.448,54.55,0,none,0,0,0.6457304331194986,0.6457304331194986,0.10673852268549665,0.17598207275468647,0.07154897144031824
sess_42_002089,4406.65,cod,mobile_ios,genuine_browse_abandon,565,2,10,0.901,56.5,0,whatsapp,0,0,0.39614560278704986,0.39614560278704986,0.39614560278704986,0.11931676263392972,0.0883920317919707
sess_42_002090,1271.79,cod,mobile_android,otp_timeout,600,1,5,0.547,120.0,1,email,1,0,0.09091043026509557,0.16564960413762098,0.13562242514266395,0.6078175404546194,0.09091043026509557
sess_42_002091,968.96,card,mobile_ios,otp_timeout,377,2,8,0.475,47.12,0,sms,1,1,0.6078175404546194,0.16564960413762098,0.13562242514266395,0.6078175404546194,0.09091043026509557
sess_42_002092,1410.12,cod,mobile_android,price_shock_breakdown,155,2,7,0.925,22.14,1,sms,0,0,0.3631189468483686,0.26900513210002774,0.2202427743860977,0.3631189468483686,0.14763314666550595
sess_42_002093,1169.3,cod,mobile_android,upi_app_switch_abort,365,2,6,0.479,60.83,1,whatsapp,0,0,0.483942482820616,0.1780324901391686,0.483942482820616,0.24031872484904457,0.0977063021911707
sess_42_002094,1068.04,upi,mobile_android,price_shock_breakdown,302,1,4,0.9,75.5,1,whatsapp,0,0,0.2202427743860977,0.26900513210002774,0.2202427743860977,0.3631189468483686,0.14763314666550595
sess_42_002095,4520.23,upi,mobile_ios,upi_app_switch_abort,600,1,9,0.737,66.67,0,whatsapp,1,0,0.8204386747606477,0.049994806056778376,0.8204386747606477,0.07442851737376392,0.0551380018088101
sess_42_002096,1228.03,upi,mobile_android,genuine_browse_abandon,507,1,4,0.844,126.75,1,none,0,0,0.6457304331194986,0.6457304331194986,0.10673852268549665,0.17598207275468647,0.07154897144031824
sess_42_002097,549.79,cod,mobile_android,price_shock_breakdown,239,2,7,0.745,34.14,1,whatsapp,1,0,0.13420819701225414,0.2986858353899521,0.13420819701225414,0.40318370559932304,0.16392226199847068
sess_42_002098,2805.68,upi,mobile_ios,upi_app_switch_abort,465,1,6,0.441,77.5,0,none,0,0,0.049994806056778376,0.049994806056778376,0.8204386747606477,0.07442851737376392,0.0551380018088101
sess_42_002099,883.62,card,desktop,genuine_browse_abandon,520,1,7,0.808,74.29,1,none,0,0,0.5936734669792981,0.5936734669792981,0.09813356405833273,0.16179489443258677,0.14639807452978248
sess_42_002100,905.24,cod,mobile_android,genuine_browse_abandon,285,3,14,0.823,20.36,1,whatsapp,0,0,0.10673852268549665,0.6457304331194986,0.10673852268549665,0.17598207275468647,0.07154897144031824
sess_42_002101,3059.27,upi,mobile_android,price_shock_breakdown,600,2,12,0.534,50.0,1,whatsapp,0,0,0.579300138099923,0.11695868075619749,0.579300138099923,0.17448184855563614,0.12925933258824335
sess_42_002102,1049.35,cod,desktop,upi_app_switch_abort,560,1,10,0.485,56.0,1,whatsapp,1,0,0.4321906469343732,0.1589940536737414,0.4321906469343732,0.2146195237037115,0.19419577568817373
sess_42_002103,1287.38,card,mobile_android,otp_timeout,489,1,9,0.626,54.33,1,sms,1,0,0.6078175404546194,0.16564960413762098,0.13562242514266395,0.6078175404546194,0.09091043026509557
sess_42_002104,1866.15,cod,mobile_ios,upi_app_switch_abort,296,2,6,0.436,49.33,0,whatsapp,0,0,0.5427974771347435,0.1996840325575982,0.5427974771347435,0.14792956969787008,0.10958892060978828
sess_42_002105,1458.62,card,mobile_android,genuine_browse_abandon,600,1,7,0.429,85.71,0,none,0,0,0.6457304331194986,0.6457304331194986,0.10673852268549665,0.17598207275468647,0.07154897144031824
sess_42_002106,1310.4,card,mobile_android,price_shock_breakdown,465,2,11,0.861,42.27,0,sms,0,0,0.3631189468483686,0.26900513210002774,0.2202427743860977,0.3631189468483686,0.14763314666550595
sess_42_002107,311.93,upi,mobile_ios,genuine_browse_abandon,600,1,6,0.833,100.0,0,none,0,0,0.6784017024227375,0.6784017024227375,0.061543213951843805,0.18488603235859524,0.07516905126682347
sess_42_002108,1588.19,netbanking,mobile_ios,otp_timeout,540,1,10,0.673,54.0,0,none,0,0,0.2282430144379751,0.2282430144379751,0.18686957509559202,0.45962498828569537,0.12526242218073758
sess_42_002109,6063.79,upi,mobile_android,upi_app_switch_abort,600,1,8,0.658,75.0,0,whatsapp,0,0,0.8204386747606477,0.049994806056778376,0.8204386747606477,0.07442851737376392,0.0551380018088101
sess_42_002110,2899.32,cod,mobile_android,price_shock_breakdown,533,1,8,0.619,66.62,1,whatsapp,0,0,0.579300138099923,0.11695868075619749,0.579300138099923,0.17448184855563614,0.12925933258824335
sess_42_002111,1364.27,cod,mobile_ios,price_shock_breakdown,600,1,8,0.506,75.0,1,whatsapp,0,0,0.2202427743860977,0.26900513210002774,0.2202427743860977,0.3631189468483686,0.14763314666550595
sess_42_002112,2572.5,card,mobile_android,price_shock_breakdown,201,1,5,0.742,40.2,0,whatsapp,0,0,0.579300138099923,0.11695868075619749,0.579300138099923,0.17448184855563614,0.12925933258824335
sess_42_002113,2894.36,upi,mobile_android,upi_app_switch_abort,561,1,5,0.586,112.2,1,whatsapp,1,1,0.8204386747606477,0.049994806056778376,0.8204386747606477,0.07442851737376392,0.0551380018088101
sess_42_002114,961.46,netbanking,mobile_android,price_shock_breakdown,322,1,4,0.562,80.5,0,whatsapp,0,0,0.2202427743860977,0.26900513210002774,0.2202427743860977,0.3631189468483686,0.14763314666550595
sess_42_002115,4641.91,netbanking,mobile_android,upi_app_switch_abort,463,2,11,0.484,42.09,0,whatsapp,0,0,0.8204386747606477,0.049994806056778376,0.8204386747606477,0.07442851737376392,0.0551380018088101
sess_42_002116,2043.27,upi,mobile_android,upi_app_switch_abort,600,2,11,0.715,54.55,0,sms,1,0,0.14792956969787008,0.1996840325575982,0.5427974771347435,0.14792956969787008,0.10958892060978828
sess_42_002117,1430.46,upi,mobile_ios,price_shock_breakdown,600,1,4,0.906,150.0,1,none,1,1,0.26900513210002774,0.26900513210002774,0.2202427743860977,0.3631189468483686,0.14763314666550595
sess_42_002118,5960.01,upi,mobile_ios,price_shock_breakdown,113,1,5,0.88,22.6,0,whatsapp,0,0,0.579300138099923,0.11695868075619749,0.579300138099923,0.17448184855563614,0.12925933258824335
sess_42_002119,383.27,cod,mobile_android,genuine_browse_abandon,531,3,9,0.53,59.0,0,none,0,0,0.6784017024227375,0.6784017024227375,0.061543213951843805,0.18488603235859524,0.07516905126682347
sess_42_002120,748.55,cod,mobile_android,otp_timeout,600,2,10,0.672,60.0,1,whatsapp,0,0,0.0792825650965213,0.17644659353817646,0.0792825650965213,0.647434897682398,0.09683594368290428
sess_42_002121,2925.44,upi,mobile_android,upi_app_switch_abort,416,1,5,0.655,83.2,0,whatsapp,1,0,0.8204386747606477,0.049994806056778376,0.8204386747606477,0.07442851737376392,0.0551380018088101
sess_42_002122,2997.59,upi,mobile_android,upi_app_switch_abort,512,1,4,0.6,128.0,0,whatsapp,0,0,0.8204386747606477,0.049994806056778376,0.8204386747606477,0.07442851737376392,0.0551380018088101
sess_42_002123,6217.31,card,desktop,otp_timeout,550,1,8,0.555,68.75,1,whatsapp,1,0,0.397264819819204,0.08020638384327146,0.397264819819204,0.32525292510196563,0.19727587123555898
sess_42_002124,332.96,netbanking,mobile_android,upi_app_switch_abort,600,2,6,0.796,100.0,1,none,1,0,0.22776474356861084,0.22776474356861084,0.3397850697075843,0.30745024516137914,0.12499994156242572
sess_42_002125,3442.74,cod,mobile_android,price_shock_breakdown,147,2,6,0.612,24.5,0,sms,0,0,0.17448184855563614,0.11695868075619749,0.579300138099923,0.17448184855563614,0.12925933258824335
sess_42_002126,710.51,card,mobile_android,price_shock_breakdown,511,1,4,0.808,127.75,0,sms,0,0,0.40318370559932304,0.2986858353899521,0.13420819701225414,0.40318370559932304,0.16392226199847068
sess_42_002127,2475.44,upi,mobile_ios,price_shock_breakdown,594,1,10,0.477,59.4,0,sms,0,0,0.23833084820766,0.32171299457016933,0.2633963223194074,0.23833084820766,0.17655983490276325
sess_42_002128,1721.99,upi,mobile_ios,upi_app_switch_abort,127,2,12,0.896,10.58,0,whatsapp,1,0,0.5427974771347435,0.1996840325575982,0.5427974771347435,0.14792956969787008,0.10958892060978828
sess_42_002129,3420.1,card,mobile_android,price_shock_breakdown,312,1,8,0.811,39.0,0,none,0,0,0.11695868075619749,0.11695868075619749,0.579300138099923,0.17448184855563614,0.12925933258824335
sess_42_002130,1515.45,upi,mobile_ios,upi_app_switch_abort,579,2,9,0.601,64.33,1,whatsapp,1,0,0.5427974771347435,0.1996840325575982,0.5427974771347435,0.14792956969787008,0.10958892060978828
sess_42_002131,3859.38,upi,mobile_android,upi_app_switch_abort,106,2,12,0.81,8.83,1,whatsapp,0,0,0.8204386747606477,0.049994806056778376,0.8204386747606477,0.07442851737376392,0.0551380018088101
sess_42_002132,971.59,cod,desktop,genuine_browse_abandon,141,2,6,0.714,23.5,0,none,0,0,0.5936734669792981,0.5936734669792981,0.09813356405833273,0.16179489443258677,0.14639807452978248
sess_42_002133,1700.91,cod,mobile_ios,genuine_browse_abandon,264,2,6,0.56,44.0,1,sms,0,0,0.10491105892118391,0.7014242657747766,0.11594465130421318,0.10491105892118391,0.07772002399982632
sess_42_002134,2089.31,card,mobile_ios,otp_timeout,600,2,9,0.613,66.67,0,sms,1,0,0.45962498828569537,0.2282430144379751,0.18686957509559202,0.45962498828569537,0.12526242218073758
sess_42_002135,6358.36,netbanking,mobile_android,otp_timeout,344,1,5,0.704,68.8,0,whatsapp,0,0,0.4456809751737707,0.08998143702404678,0.4456809751737707,0.36489272043655063,0.09944486736563182
sess_42_002136,3376.89,upi,desktop,upi_app_switch_abort,600,2,9,0.687,66.67,0,whatsapp,0,0,0.766083108012708,0.049837407703541635,0.766083108012708,0.06949749160850477,0.1145819926752455
sess_42_002137,2107.53,cod,mobile_ios,genuine_browse_abandon,600,2,11,0.555,54.55,0,none,1,1,0.7014242657747766,0.7014242657747766,0.11594465130421318,0.10491105892118391,0.07772002399982632
sess_42_002138,2921.51,upi,mobile_ios,vpa_validation_failure,432,1,4,0.842,108.0,0,whatsapp,0,0,0.579300138099923,0.11695868075619749,0.579300138099923,0.17448184855563614,0.12925933258824335
sess_42_002139,4083.12,upi,mobile_ios,genuine_browse_abandon,447,2,11,0.915,40.64,0,none,0,0,0.39614560278704986,0.39614560278704986,0.39614560278704986,0.11931676263392972,0.0883920317919707
sess_42_002140,2394.43,upi,mobile_ios,vpa_validation_failure,534,3,14,0.794,38.14,0,sms,1,0,0.23833084820766,0.32171299457016933,0.2633963223194074,0.23833084820766,0.17655983490276325
sess_42_002141,838.04,upi,mobile_android,upi_app_switch_abort,88,2,7,0.731,12.57,1,none,1,0,0.1780324901391686,0.1780324901391686,0.483942482820616,0.24031872484904457,0.0977063021911707
sess_42_002142,2896.57,card,mobile_android,genuine_browse_abandon,255,1,10,0.8,25.5,1,none,0,0,0.39614560278704986,0.39614560278704986,0.39614560278704986,0.11931676263392972,0.0883920317919707
sess_42_002143,1770.05,netbanking,mobile_android,genuine_browse_abandon,97,2,11,0.555,8.82,1,none,0,0,0.7014242657747766,0.7014242657747766,0.11594465130421318,0.10491105892118391,0.07772002399982632
sess_42_002144,1387.5,netbanking,mobile_android,otp_timeout,159,1,6,0.562,26.5,0,email,1,0,0.09091043026509557,0.16564960413762098,0.13562242514266395,0.6078175404546194,0.09091043026509557
sess_42_002145,1003.32,netbanking,mobile_android,otp_timeout,328,1,9,0.446,36.44,1,none,1,1,0.16564960413762098,0.16564960413762098,0.13562242514266395,0.6078175404546194,0.09091043026509557
sess_42_002146,2791.96,cod,mobile_android,genuine_browse_abandon,600,1,10,0.47,60.0,1,sms,0,0,0.11931676263392972,0.39614560278704986,0.39614560278704986,0.11931676263392972,0.0883920317919707
sess_42_002147,2654.47,cod,mobile_android,genuine_browse_abandon,600,1,6,0.564,100.0,0,whatsapp,0,0,0.39614560278704986,0.39614560278704986,0.39614560278704986,0.11931676263392972,0.0883920317919707
sess_42_002148,883.0,card,mobile_ios,price_shock_breakdown,332,2,11,0.507,30.18,0,sms,0,0,0.3631189468483686,0.26900513210002774,0.2202427743860977,0.3631189468483686,0.14763314666550595
sess_42_002149,788.72,upi,mobile_ios,upi_app_switch_abort,269,2,8,0.626,33.62,1,none,1,0,0.22776474356861084,0.22776474356861084,0.3397850697075843,0.30745024516137914,0.12499994156242572
sess_42_002150,7470.5,netbanking,mobile_ios,otp_timeout,600,3,12,0.596,50.0,0,whatsapp,0,0,0.4456809751737707,0.08998143702404678,0.4456809751737707,0.36489272043655063,0.09944486736563182
sess_42_002151,3447.73,cod,mobile_android,price_shock_breakdown,600,1,6,0.848,100.0,0,whatsapp,0,0,0.579300138099923,0.11695868075619749,0.579300138099923,0.17448184855563614,0.12925933258824335
sess_42_002152,1929.55,upi,mobile_ios,upi_app_switch_abort,380,2,6,0.919,63.33,1,none,1,0,0.1996840325575982,0.1996840325575982,0.5427974771347435,0.14792956969787008,0.10958892060978828
sess_42_002153,2848.89,upi,desktop,upi_app_switch_abort,116,1,9,0.567,12.89,0,whatsapp,0,0,0.766083108012708,0.049837407703541635,0.766083108012708,0.06949749160850477,0.1145819926752455
sess_42_002154,1273.09,cod,mobile_ios,upi_app_switch_abort,419,2,6,0.516,69.83,0,email,0,0,0.0977063021911707,0.1780324901391686,0.483942482820616,0.24031872484904457,0.0977063021911707
sess_42_002155,1588.75,upi,mobile_android,vpa_validation_failure,408,1,6,0.547,68.0,1,sms,1,0,0.23833084820766,0.32171299457016933,0.2633963223194074,0.23833084820766,0.17655983490276325
sess_42_002156,1837.39,upi,desktop,price_shock_breakdown,453,2,10,0.477,45.3,1,whatsapp,0,0,0.21654091644863488,0.2644836726048936,0.21654091644863488,0.19593432373852326,0.32304108720794833
sess_42_002157,3726.51,card,mobile_android,genuine_browse_abandon,600,1,4,0.683,150.0,0,whatsapp,0,0,0.39614560278704986,0.39614560278704986,0.39614560278704986,0.11931676263392972,0.0883920317919707
sess_42_002158,626.41,cod,mobile_android,otp_timeout,463,2,7,0.849,66.14,0,sms,0,0,0.647434897682398,0.17644659353817646,0.0792825650965213,0.647434897682398,0.09683594368290428
sess_42_002159,841.18,cod,mobile_android,genuine_browse_abandon,410,1,7,0.587,58.57,0,none,0,0,0.6457304331194986,0.6457304331194986,0.10673852268549665,0.17598207275468647,0.07154897144031824
sess_42_002160,721.58,card,mobile_ios,otp_timeout,394,1,6,0.803,65.67,1,none,0,0,0.17644659353817646,0.17644659353817646,0.0792825650965213,0.647434897682398,0.09683594368290428
sess_42_002161,3428.36,upi,mobile_ios,genuine_browse_abandon,366,1,4,0.875,91.5,1,whatsapp,0,0,0.39614560278704986,0.39614560278704986,0.39614560278704986,0.11931676263392972,0.0883920317919707
sess_42_002162,1676.25,upi,mobile_ios,price_shock_breakdown,417,3,12,0.457,34.75,1,email,0,0,0.17655983490276325,0.32171299457016933,0.2633963223194074,0.23833084820766,0.17655983490276325
sess_42_002163,909.34,upi,mobile_android,upi_app_switch_abort,351,3,11,0.737,31.91,1,none,0,0,0.1780324901391686,0.1780324901391686,0.483942482820616,0.24031872484904457,0.0977063021911707
sess_42_002164,1531.28,cod,mobile_android,genuine_browse_abandon,165,2,6,0.56,27.5,0,sms,0,0,0.10491105892118391,0.7014242657747766,0.11594465130421318,0.10491105892118391,0.07772002399982632
sess_42_002165,1125.68,cod,desktop,price_shock_breakdown,600,1,6,0.729,100.0,1,whatsapp,0,0,0.1864993589098446,0.22779083136758763,0.1864993589098446,0.30748546000659815,0.2782243497159696
sess_42_002166,616.53,card,mobile_ios,price_shock_breakdown,492,1,7,0.449,70.29,1,none,1,0,0.2986858353899521,0.2986858353899521,0.13420819701225414,0.40318370559932304,0.16392226199847068
sess_42_002167,4652.98,upi,mobile_ios,genuine_browse_abandon,600,2,10,0.446,60.0,0,email,0,0,0.0883920317919707,0.39614560278704986,0.39614560278704986,0.11931676263392972,0.0883920317919707
sess_42_002168,1616.46,netbanking,mobile_ios,price_shock_breakdown,439,1,5,0.462,87.8,1,whatsapp,0,0,0.2633963223194074,0.32171299457016933,0.2633963223194074,0.23833084820766,0.17655983490276325
sess_42_002169,4734.29,netbanking,mobile_android,otp_timeout,528,1,5,0.807,105.6,1,email,1,0,0.09944486736563182,0.08998143702404678,0.4456809751737707,0.36489272043655063,0.09944486736563182
sess_42_002170,609.97,upi,mobile_android,upi_app_switch_abort,557,1,6,0.609,92.83,0,whatsapp,0,0,0.3397850697075843,0.22776474356861084,0.3397850697075843,0.30745024516137914,0.12499994156242572
sess_42_002171,2639.14,upi,mobile_android,upi_app_switch_abort,600,2,11,0.874,54.55,1,whatsapp,1,0,0.8204386747606477,0.049994806056778376,0.8204386747606477,0.07442851737376392,0.0551380018088101
sess_42_002172,612.85,card,mobile_android,price_shock_breakdown,573,1,5,0.54,114.6,0,none,0,0,0.2986858353899521,0.2986858353899521,0.13420819701225414,0.40318370559932304,0.16392226199847068
sess_42_002173,11316.72,card,mobile_android,price_shock_breakdown,150,2,12,0.573,12.5,1,none,1,0,0.11695868075619749,0.11695868075619749,0.579300138099923,0.17448184855563614,0.12925933258824335
sess_42_002174,494.18,cod,mobile_android,price_shock_breakdown,600,1,4,0.491,150.0,1,sms,0,0,0.40318370559932304,0.2986858353899521,0.13420819701225414,0.40318370559932304,0.16392226199847068
sess_42_002175,6953.55,upi,mobile_android,price_shock_breakdown,498,2,11,0.889,45.27,1,whatsapp,0,0,0.579300138099923,0.11695868075619749,0.579300138099923,0.17448184855563614,0.12925933258824335
sess_42_002176,1781.36,cod,mobile_ios,price_shock_breakdown,258,1,10,0.819,25.8,0,sms,0,0,0.23833084820766,0.32171299457016933,0.2633963223194074,0.23833084820766,0.17655983490276325
sess_42_002177,1576.47,cod,mobile_android,genuine_browse_abandon,270,2,8,0.456,33.75,1,sms,1,0,0.10491105892118391,0.7014242657747766,0.11594465130421318,0.10491105892118391,0.07772002399982632
sess_42_002178,2813.0,upi,mobile_ios,otp_timeout,137,3,10,0.83,13.7,0,whatsapp,1,1,0.4456809751737707,0.08998143702404678,0.4456809751737707,0.36489272043655063,0.09944486736563182
sess_42_002179,894.69,cod,mobile_android,price_shock_breakdown,243,2,9,0.832,27.0,0,whatsapp,0,0,0.2202427743860977,0.26900513210002774,0.2202427743860977,0.3631189468483686,0.14763314666550595
sess_42_002180,3257.88,upi,desktop,genuine_browse_abandon,376,2,10,0.481,37.6,0,email,0,0,0.17749265122720856,0.3574263069649042,0.3574263069649042,0.10765473484298313,0.17749265122720856
sess_42_002181,3441.81,upi,mobile_android,genuine_browse_abandon,431,1,9,0.493,47.89,1,whatsapp,0,0,0.39614560278704986,0.39614560278704986,0.39614560278704986,0.11931676263392972,0.0883920317919707
sess_42_002182,1824.27,upi,mobile_android,genuine_browse_abandon,467,1,10,0.775,46.7,1,whatsapp,0,0,0.11594465130421318,0.7014242657747766,0.11594465130421318,0.10491105892118391,0.07772002399982632
sess_42_002183,2181.0,upi,mobile_ios,price_shock_breakdown,528,2,11,0.546,48.0,0,sms,0,0,0.23833084820766,0.32171299457016933,0.2633963223194074,0.23833084820766,0.17655983490276325
sess_42_002184,7686.6,card,mobile_android,otp_timeout,451,2,8,0.444,56.38,1,none,1,1,0.08998143702404678,0.08998143702404678,0.4456809751737707,0.36489272043655063,0.09944486736563182
sess_42_002185,2946.53,card,mobile_android,otp_timeout,413,1,4,0.775,103.25,1,whatsapp,0,0,0.4456809751737707,0.08998143702404678,0.4456809751737707,0.36489272043655063,0.09944486736563182
sess_42_002186,1005.61,upi,mobile_ios,vpa_validation_failure,388,1,7,0.779,55.43,0,sms,1,0,0.3631189468483686,0.26900513210002774,0.2202427743860977,0.3631189468483686,0.14763314666550595
sess_42_002187,3174.48,upi,mobile_android,price_shock_breakdown,527,1,4,0.458,131.75,1,email,0,0,0.12925933258824335,0.11695868075619749,0.579300138099923,0.17448184855563614,0.12925933258824335
sess_42_002188,1207.79,cod,mobile_android,price_shock_breakdown,600,1,9,0.52,66.67,1,none,1,1,0.26900513210002774,0.26900513210002774,0.2202427743860977,0.3631189468483686,0.14763314666550595
sess_42_002189,1044.54,netbanking,mobile_android,genuine_browse_abandon,374,1,4,0.514,93.5,1,none,0,0,0.6457304331194986,0.6457304331194986,0.10673852268549665,0.17598207275468647,0.07154897144031824
sess_42_002190,2655.76,cod,mobile_android,upi_app_switch_abort,410,2,6,0.761,68.33,0,whatsapp,1,1,0.8204386747606477,0.049994806056778376,0.8204386747606477,0.07442851737376392,0.0551380018088101
sess_42_002191,848.08,cod,mobile_android,vpa_validation_failure,275,2,9,0.582,30.56,1,whatsapp,1,0,0.2202427743860977,0.26900513210002774,0.2202427743860977,0.3631189468483686,0.14763314666550595
sess_42_002192,1872.06,cod,desktop,genuine_browse_abandon,600,1,8,0.577,75.0,0,none,0,0,0.6404244338089113,0.6404244338089113,0.10586144689855206,0.0957873982812367,0.15792672101129984
sess_42_002193,2996.84,cod,mobile_android,price_shock_breakdown,473,2,7,0.665,67.57,0,whatsapp,0,0,0.579300138099923,0.11695868075619749,0.579300138099923,0.17448184855563614,0.12925933258824335
sess_42_002194,7572.53,upi,mobile_android,upi_app_switch_abort,197,1,8,0.574,24.62,1,whatsapp,1,0,0.8204386747606477,0.049994806056778376,0.8204386747606477,0.07442851737376392,0.0551380018088101
sess_42_002195,2918.28,netbanking,mobile_android,genuine_browse_abandon,543,1,8,0.75,67.88,0,none,0,0,0.39614560278704986,0.39614560278704986,0.39614560278704986,0.11931676263392972,0.0883920317919707
sess_42_002196,600.36,upi,mobile_android,upi_app_switch_abort,175,2,7,0.445,25.0,0,whatsapp,1,0,0.3397850697075843,0.22776474356861084,0.3397850697075843,0.30745024516137914,0.12499994156242572
sess_42_002197,674.96,cod,desktop,price_shock_breakdown,354,1,10,0.737,35.4,0,email,0,0,0.3037869061997484,0.24871968248815027,0.11175695728796482,0.3357364540241366,0.3037869061997484
sess_42_002198,6599.56,card,mobile_ios,genuine_browse_abandon,540,2,7,0.502,77.14,1,whatsapp,0,0,0.39614560278704986,0.39614560278704986,0.39614560278704986,0.11931676263392972,0.0883920317919707
sess_42_002199,1123.62,cod,mobile_ios,otp_timeout,402,1,4,0.43,100.5,0,email,0,0,0.09091043026509557,0.16564960413762098,0.13562242514266395,0.6078175404546194,0.09091043026509557
sess_42_002200,579.78,upi,mobile_android,genuine_browse_abandon,134,2,12,0.624,11.17,0,none,0,0,0.6784017024227375,0.6784017024227375,0.061543213951843805,0.18488603235859524,0.07516905126682347
sess_42_002201,851.01,upi,mobile_android,price_shock_breakdown,327,1,9,0.856,36.33,0,sms,0,0,0.3631189468483686,0.26900513210002774,0.2202427743860977,0.3631189468483686,0.14763314666550595
sess_42_002202,3280.0,upi,mobile_android,price_shock_breakdown,555,1,9,0.546,61.67,0,email,0,0,0.12925933258824335,0.11695868075619749,0.579300138099923,0.17448184855563614,0.12925933258824335
sess_42_002203,1967.72,upi,mobile_android,price_shock_breakdown,504,2,6,0.516,84.0,1,none,1,0,0.32171299457016933,0.32171299457016933,0.2633963223194074,0.23833084820766,0.17655983490276325
sess_42_002204,2938.05,netbanking,mobile_android,otp_timeout,600,2,9,0.701,66.67,0,whatsapp,0,0,0.4456809751737707,0.08998143702404678,0.4456809751737707,0.36489272043655063,0.09944486736563182
sess_42_002205,1763.84,upi,mobile_android,vpa_validation_failure,313,3,8,0.716,39.12,1,none,0,0,0.32171299457016933,0.32171299457016933,0.2633963223194074,0.23833084820766,0.17655983490276325
sess_42_002206,790.65,card,mobile_ios,price_shock_breakdown,417,2,11,0.74,37.91,0,email,0,0,0.16392226199847068,0.2986858353899521,0.13420819701225414,0.40318370559932304,0.16392226199847068
sess_42_002207,473.22,cod,mobile_ios,otp_timeout,535,2,9,0.748,59.44,0,email,0,0,0.09683594368290428,0.17644659353817646,0.0792825650965213,0.647434897682398,0.09683594368290428
sess_42_002208,966.87,upi,mobile_android,otp_timeout,502,1,10,0.729,50.2,1,sms,1,0,0.6078175404546194,0.16564960413762098,0.13562242514266395,0.6078175404546194,0.09091043026509557
sess_42_002209,1980.94,card,mobile_android,price_shock_breakdown,542,2,12,0.522,45.17,1,whatsapp,1,0,0.2633963223194074,0.32171299457016933,0.2633963223194074,0.23833084820766,0.17655983490276325
sess_42_002210,744.22,card,mobile_ios,genuine_browse_abandon,232,2,8,0.687,29.0,1,none,0,0,0.6784017024227375,0.6784017024227375,0.061543213951843805,0.18488603235859524,0.07516905126682347
sess_42_002211,3778.86,cod,mobile_android,price_shock_breakdown,477,1,6,0.531,79.5,1,whatsapp,0,0,0.579300138099923,0.11695868075619749,0.579300138099923,0.17448184855563614,0.12925933258824335
sess_42_002212,854.01,upi,mobile_android,price_shock_breakdown,312,2,12,0.697,26.0,0,sms,0,0,0.3631189468483686,0.26900513210002774,0.2202427743860977,0.3631189468483686,0.14763314666550595
sess_42_002213,523.75,card,desktop,price_shock_breakdown,600,1,7,0.493,85.71,0,sms,0,0,0.3357364540241366,0.24871968248815027,0.11175695728796482,0.3357364540241366,0.3037869061997484
sess_42_002214,1808.94,cod,mobile_ios,otp_timeout,281,1,9,0.72,31.22,0,sms,1,1,0.45962498828569537,0.2282430144379751,0.18686957509559202,0.45962498828569537,0.12526242218073758
sess_42_002215,3198.83,cod,desktop,otp_timeout,448,2,12,0.838,37.33,0,whatsapp,0,0,0.397264819819204,0.08020638384327146,0.397264819819204,0.32525292510196563,0.19727587123555898
sess_42_002216,5538.18,upi,mobile_ios,otp_timeout,76,1,6,0.875,12.67,1,whatsapp,1,0,0.4456809751737707,0.08998143702404678,0.4456809751737707,0.36489272043655063,0.09944486736563182
sess_42_002217,539.77,cod,mobile_ios,price_shock_breakdown,600,1,8,0.863,75.0,0,email,0,0,0.16392226199847068,0.2986858353899521,0.13420819701225414,0.40318370559932304,0.16392226199847068
sess_42_002218,5259.37,cod,mobile_android,price_shock_breakdown,164,1,9,0.526,18.22,1,whatsapp,0,0,0.579300138099923,0.11695868075619749,0.579300138099923,0.17448184855563614,0.12925933258824335
sess_42_002219,2077.67,card,mobile_android,upi_app_switch_abort,354,1,6,0.649,59.0,0,whatsapp,1,0,0.5427974771347435,0.1996840325575982,0.5427974771347435,0.14792956969787008,0.10958892060978828
sess_42_002220,1134.84,upi,mobile_android,genuine_browse_abandon,271,1,8,0.435,33.88,0,none,0,0,0.6457304331194986,0.6457304331194986,0.10673852268549665,0.17598207275468647,0.07154897144031824
sess_42_002221,3012.75,cod,mobile_android,genuine_browse_abandon,600,1,6,0.613,100.0,0,whatsapp,0,0,0.39614560278704986,0.39614560278704986,0.39614560278704986,0.11931676263392972,0.0883920317919707
sess_42_002222,4996.73,cod,mobile_ios,genuine_browse_abandon,538,2,11,0.711,48.91,0,none,0,0,0.39614560278704986,0.39614560278704986,0.39614560278704986,0.11931676263392972,0.0883920317919707
sess_42_002223,513.22,cod,mobile_android,genuine_browse_abandon,419,1,5,0.787,83.8,1,none,0,0,0.6784017024227375,0.6784017024227375,0.061543213951843805,0.18488603235859524,0.07516905126682347
sess_42_002224,1308.72,cod,mobile_android,price_shock_breakdown,443,2,9,0.574,49.22,0,none,1,1,0.26900513210002774,0.26900513210002774,0.2202427743860977,0.3631189468483686,0.14763314666550595
sess_42_002225,1201.7,netbanking,mobile_android,vpa_validation_failure,402,1,4,0.62,100.5,1,sms,0,0,0.3631189468483686,0.26900513210002774,0.2202427743860977,0.3631189468483686,0.14763314666550595
sess_42_002226,2891.39,cod,mobile_ios,genuine_browse_abandon,341,1,10,0.873,34.1,0,none,0,0,0.39614560278704986,0.39614560278704986,0.39614560278704986,0.11931676263392972,0.0883920317919707
sess_42_002227,5404.69,cod,mobile_android,genuine_browse_abandon,600,1,4,0.744,150.0,1,sms,0,0,0.11931676263392972,0.39614560278704986,0.39614560278704986,0.11931676263392972,0.0883920317919707
sess_42_002228,1910.37,card,mobile_android,otp_timeout,366,1,4,0.698,91.5,0,sms,0,0,0.45962498828569537,0.2282430144379751,0.18686957509559202,0.45962498828569537,0.12526242218073758
sess_42_002229,1452.23,upi,mobile_android,price_shock_breakdown,600,2,11,0.692,54.55,0,none,0,0,0.26900513210002774,0.26900513210002774,0.2202427743860977,0.3631189468483686,0.14763314666550595
sess_42_002230,2525.06,card,mobile_android,otp_timeout,138,1,5,0.676,27.6,1,sms,0,0,0.36489272043655063,0.08998143702404678,0.4456809751737707,0.36489272043655063,0.09944486736563182
sess_42_002231,1516.47,upi,mobile_android,price_shock_breakdown,187,3,11,0.595,17.0,1,whatsapp,0,0,0.2633963223194074,0.32171299457016933,0.2633963223194074,0.23833084820766,0.17655983490276325
sess_42_002232,355.26,netbanking,mobile_android,genuine_browse_abandon,362,1,10,0.472,36.2,1,sms,0,0,0.18488603235859524,0.6784017024227375,0.061543213951843805,0.18488603235859524,0.07516905126682347
sess_42_002233,2664.5,upi,mobile_ios,upi_app_switch_abort,132,2,6,0.714,22.0,1,whatsapp,1,0,0.8204386747606477,0.049994806056778376,0.8204386747606477,0.07442851737376392,0.0551380018088101
sess_42_002234,3786.73,upi,mobile_android,upi_app_switch_abort,256,2,7,0.865,36.57,1,whatsapp,0,0,0.8204386747606477,0.049994806056778376,0.8204386747606477,0.07442851737376392,0.0551380018088101
sess_42_002235,4045.14,cod,mobile_android,genuine_browse_abandon,554,2,8,0.931,69.25,0,whatsapp,1,1,0.39614560278704986,0.39614560278704986,0.39614560278704986,0.11931676263392972,0.0883920317919707
sess_42_002236,759.76,upi,mobile_android,genuine_browse_abandon,249,1,9,0.484,27.67,0,sms,0,0,0.18488603235859524,0.6784017024227375,0.061543213951843805,0.18488603235859524,0.07516905126682347
sess_42_002237,2850.84,cod,mobile_ios,genuine_browse_abandon,414,2,7,0.529,59.14,0,whatsapp,0,0,0.39614560278704986,0.39614560278704986,0.39614560278704986,0.11931676263392972,0.0883920317919707
sess_42_002238,5707.72,upi,mobile_android,vpa_validation_failure,188,2,12,0.8,15.67,1,sms,1,0,0.17448184855563614,0.11695868075619749,0.579300138099923,0.17448184855563614,0.12925933258824335
sess_42_002239,12063.78,upi,mobile_android,genuine_browse_abandon,197,1,6,0.702,32.83,0,none,0,0,0.39614560278704986,0.39614560278704986,0.39614560278704986,0.11931676263392972,0.0883920317919707
sess_42_002240,2589.45,cod,mobile_android,price_shock_breakdown,600,1,8,0.867,75.0,0,whatsapp,1,0,0.579300138099923,0.11695868075619749,0.579300138099923,0.17448184855563614,0.12925933258824335
sess_42_002241,3781.57,cod,mobile_ios,genuine_browse_abandon,232,1,8,0.612,29.0,1,whatsapp,0,0,0.39614560278704986,0.39614560278704986,0.39614560278704986,0.11931676263392972,0.0883920317919707
sess_42_002242,858.8,upi,mobile_android,upi_app_switch_abort,80,1,7,0.716,11.43,0,none,1,0,0.1780324901391686,0.1780324901391686,0.483942482820616,0.24031872484904457,0.0977063021911707
sess_42_002243,778.56,card,mobile_android,otp_timeout,274,2,6,0.878,45.67,0,none,1,0,0.17644659353817646,0.17644659353817646,0.0792825650965213,0.647434897682398,0.09683594368290428
sess_42_002244,3791.43,card,mobile_android,price_shock_breakdown,363,1,6,0.758,60.5,1,email,1,0,0.12925933258824335,0.11695868075619749,0.579300138099923,0.17448184855563614,0.12925933258824335
sess_42_002245,392.72,card,mobile_android,price_shock_breakdown,586,1,9,0.547,65.11,1,email,0,0,0.16392226199847068,0.2986858353899521,0.13420819701225414,0.40318370559932304,0.16392226199847068
sess_42_002246,2031.46,upi,mobile_android,upi_app_switch_abort,226,1,5,0.807,45.2,0,sms,1,0,0.14792956969787008,0.1996840325575982,0.5427974771347435,0.14792956969787008,0.10958892060978828
sess_42_002247,5286.7,upi,mobile_android,upi_app_switch_abort,99,1,4,0.489,24.75,1,sms,0,0,0.07442851737376392,0.049994806056778376,0.8204386747606477,0.07442851737376392,0.0551380018088101
sess_42_002248,3085.41,card,mobile_android,price_shock_breakdown,600,2,9,0.489,66.67,0,whatsapp,1,0,0.579300138099923,0.11695868075619749,0.579300138099923,0.17448184855563614,0.12925933258824335
sess_42_002249,3070.37,upi,desktop,price_shock_breakdown,420,1,4,0.586,105.0,0,whatsapp,0,0,0.5000810046968293,0.10096461356355876,0.5000810046968293,0.1506215041019237,0.24833287763768827
sess_42_002250,1742.19,upi,mobile_ios,upi_app_switch_abort,281,1,6,0.67,46.83,1,whatsapp,1,0,0.5427974771347435,0.1996840325575982,0.5427974771347435,0.14792956969787008,0.10958892060978828
sess_42_002251,1329.54,cod,desktop,price_shock_breakdown,144,1,9,0.779,16.0,0,sms,0,0,0.30748546000659815,0.22779083136758763,0.1864993589098446,0.30748546000659815,0.2782243497159696
sess_42_002252,9100.47,upi,mobile_android,genuine_browse_abandon,202,1,5,0.814,40.4,1,none,0,0,0.39614560278704986,0.39614560278704986,0.39614560278704986,0.11931676263392972,0.0883920317919707
sess_42_002253,4560.71,upi,mobile_android,upi_app_switch_abort,493,2,10,0.761,49.3,1,whatsapp,0,0,0.8204386747606477,0.049994806056778376,0.8204386747606477,0.07442851737376392,0.0551380018088101
sess_42_002254,3410.77,upi,mobile_ios,price_shock_breakdown,584,1,4,0.791,146.0,0,whatsapp,0,0,0.579300138099923,0.11695868075619749,0.579300138099923,0.17448184855563614,0.12925933258824335
sess_42_002255,1846.2,netbanking,mobile_android,price_shock_breakdown,600,1,4,0.915,150.0,0,email,0,0,0.17655983490276325,0.32171299457016933,0.2633963223194074,0.23833084820766,0.17655983490276325
sess_42_002256,1166.67,cod,mobile_android,genuine_browse_abandon,529,2,8,0.446,66.12,0,none,1,1,0.6457304331194986,0.6457304331194986,0.10673852268549665,0.17598207275468647,0.07154897144031824
sess_42_002257,4063.2,cod,mobile_android,price_shock_breakdown,281,2,6,0.855,46.83,0,whatsapp,0,0,0.579300138099923,0.11695868075619749,0.579300138099923,0.17448184855563614,0.12925933258824335
sess_42_002258,1436.32,upi,desktop,price_shock_breakdown,330,1,8,0.71,41.25,1,sms,0,0,0.30748546000659815,0.22779083136758763,0.1864993589098446,0.30748546000659815,0.2782243497159696
sess_42_002259,1917.98,card,mobile_ios,genuine_browse_abandon,600,2,11,0.639,54.55,1,none,0,0,0.7014242657747766,0.7014242657747766,0.11594465130421318,0.10491105892118391,0.07772002399982632
sess_42_002260,2869.15,cod,mobile_android,genuine_browse_abandon,380,1,4,0.502,95.0,1,whatsapp,0,0,0.39614560278704986,0.39614560278704986,0.39614560278704986,0.11931676263392972,0.0883920317919707
sess_42_002261,2115.61,cod,mobile_ios,price_shock_breakdown,572,1,4,0.912,143.0,1,whatsapp,0,0,0.2633963223194074,0.32171299457016933,0.2633963223194074,0.23833084820766,0.17655983490276325
sess_42_002262,5781.95,upi,mobile_android,upi_app_switch_abort,596,2,9,0.741,66.22,1,email,1,0,0.0551380018088101,0.049994806056778376,0.8204386747606477,0.07442851737376392,0.0551380018088101
sess_42_002263,671.85,cod,mobile_android,price_shock_breakdown,308,1,9,0.747,34.22,1,sms,0,0,0.40318370559932304,0.2986858353899521,0.13420819701225414,0.40318370559932304,0.16392226199847068
sess_42_002264,1901.7,upi,mobile_android,genuine_browse_abandon,371,2,7,0.505,53.0,0,whatsapp,0,0,0.11594465130421318,0.7014242657747766,0.11594465130421318,0.10491105892118391,0.07772002399982632
sess_42_002265,8987.12,card,mobile_ios,genuine_browse_abandon,215,1,8,0.843,26.88,0,whatsapp,0,0,0.39614560278704986,0.39614560278704986,0.39614560278704986,0.11931676263392972,0.0883920317919707
sess_42_002266,3543.22,cod,mobile_android,otp_timeout,514,2,8,0.677,64.25,1,whatsapp,0,0,0.4456809751737707,0.08998143702404678,0.4456809751737707,0.36489272043655063,0.09944486736563182
sess_42_002267,1559.65,cod,mobile_android,price_shock_breakdown,340,2,11,0.501,30.91,0,none,0,0,0.32171299457016933,0.32171299457016933,0.2633963223194074,0.23833084820766,0.17655983490276325
sess_42_002268,3291.56,upi,mobile_android,price_shock_breakdown,264,1,8,0.466,33.0,0,sms,0,0,0.17448184855563614,0.11695868075619749,0.579300138099923,0.17448184855563614,0.12925933258824335
sess_42_002269,1744.45,upi,mobile_android,upi_app_switch_abort,600,2,9,0.927,66.67,1,sms,1,0,0.14792956969787008,0.1996840325575982,0.5427974771347435,0.14792956969787008,0.10958892060978828
sess_42_002270,5430.46,upi,mobile_android,vpa_validation_failure,384,1,7,0.435,54.86,1,whatsapp,0,0,0.579300138099923,0.11695868075619749,0.579300138099923,0.17448184855563614,0.12925933258824335
sess_42_002271,3347.4,card,mobile_android,otp_timeout,374,2,10,0.875,37.4,0,sms,0,0,0.36489272043655063,0.08998143702404678,0.4456809751737707,0.36489272043655063,0.09944486736563182
sess_42_002272,943.99,card,mobile_ios,price_shock_breakdown,140,1,6,0.487,23.33,1,none,0,0,0.26900513210002774,0.26900513210002774,0.2202427743860977,0.3631189468483686,0.14763314666550595
sess_42_002273,2161.96,cod,mobile_android,price_shock_breakdown,344,1,4,0.763,86.0,1,none,0,0,0.32171299457016933,0.32171299457016933,0.2633963223194074,0.23833084820766,0.17655983490276325
sess_42_002274,2474.93,card,mobile_android,otp_timeout,104,2,10,0.548,10.4,0,none,0,0,0.2282430144379751,0.2282430144379751,0.18686957509559202,0.45962498828569537,0.12526242218073758
sess_42_002275,2568.51,upi,mobile_android,upi_app_switch_abort,129,1,10,0.709,12.9,0,none,1,0,0.049994806056778376,0.049994806056778376,0.8204386747606477,0.07442851737376392,0.0551380018088101
sess_42_002276,2296.32,netbanking,mobile_android,price_shock_breakdown,125,3,11,0.46,11.36,0,none,0,0,0.32171299457016933,0.32171299457016933,0.2633963223194074,0.23833084820766,0.17655983490276325
sess_42_002277,2761.58,upi,mobile_android,price_shock_breakdown,233,2,8,0.854,29.12,1,whatsapp,0,0,0.579300138099923,0.11695868075619749,0.579300138099923,0.17448184855563614,0.12925933258824335
sess_42_002278,2475.68,card,mobile_android,genuine_browse_abandon,600,1,10,0.568,60.0,0,whatsapp,0,0,0.11594465130421318,0.7014242657747766,0.11594465130421318,0.10491105892118391,0.07772002399982632
sess_42_002279,1052.7,card,mobile_android,price_shock_breakdown,600,2,7,0.818,85.71,1,none,0,0,0.26900513210002774,0.26900513210002774,0.2202427743860977,0.3631189468483686,0.14763314666550595
sess_42_002280,1283.88,upi,mobile_android,price_shock_breakdown,385,2,8,0.87,48.12,1,whatsapp,0,0,0.2202427743860977,0.26900513210002774,0.2202427743860977,0.3631189468483686,0.14763314666550595
sess_42_002281,1494.24,upi,mobile_android,vpa_validation_failure,600,1,4,0.652,150.0,1,sms,0,0,0.3631189468483686,0.26900513210002774,0.2202427743860977,0.3631189468483686,0.14763314666550595
sess_42_002282,1942.34,upi,mobile_ios,upi_app_switch_abort,297,2,10,0.921,29.7,1,whatsapp,1,1,0.5427974771347435,0.1996840325575982,0.5427974771347435,0.14792956969787008,0.10958892060978828
sess_42_002283,1497.91,upi,mobile_android,price_shock_breakdown,360,2,9,0.758,40.0,0,none,0,0,0.26900513210002774,0.26900513210002774,0.2202427743860977,0.3631189468483686,0.14763314666550595
sess_42_002284,4134.66,cod,mobile_android,upi_app_switch_abort,558,2,11,0.544,50.73,1,whatsapp,1,0,0.8204386747606477,0.049994806056778376,0.8204386747606477,0.07442851737376392,0.0551380018088101
sess_42_002285,879.98,cod,desktop,genuine_browse_abandon,515,1,4,0.634,128.75,1,none,0,0,0.5936734669792981,0.5936734669792981,0.09813356405833273,0.16179489443258677,0.14639807452978248
sess_42_002286,492.27,upi,mobile_android,upi_app_switch_abort,382,2,10,0.584,38.2,0,sms,0,0,0.30745024516137914,0.22776474356861084,0.3397850697075843,0.30745024516137914,0.12499994156242572
sess_42_002287,7904.07,upi,mobile_android,upi_app_switch_abort,499,2,10,0.81,49.9,1,whatsapp,0,0,0.8204386747606477,0.049994806056778376,0.8204386747606477,0.07442851737376392,0.0551380018088101
sess_42_002288,979.33,upi,mobile_android,vpa_validation_failure,403,2,9,0.844,44.78,0,none,0,0,0.26900513210002774,0.26900513210002774,0.2202427743860977,0.3631189468483686,0.14763314666550595
sess_42_002289,4126.91,upi,mobile_android,genuine_browse_abandon,287,1,9,0.492,31.89,0,whatsapp,1,0,0.39614560278704986,0.39614560278704986,0.39614560278704986,0.11931676263392972,0.0883920317919707
sess_42_002290,2853.9,cod,mobile_android,price_shock_breakdown,600,1,4,0.521,150.0,1,sms,1,1,0.17448184855563614,0.11695868075619749,0.579300138099923,0.17448184855563614,0.12925933258824335
sess_42_002291,1005.56,card,mobile_android,price_shock_breakdown,600,1,4,0.436,150.0,1,sms,0,0,0.3631189468483686,0.26900513210002774,0.2202427743860977,0.3631189468483686,0.14763314666550595
sess_42_002292,1636.43,card,mobile_android,price_shock_breakdown,73,2,12,0.795,6.08,1,whatsapp,1,1,0.2633963223194074,0.32171299457016933,0.2633963223194074,0.23833084820766,0.17655983490276325
sess_42_002293,1463.42,card,mobile_android,price_shock_breakdown,600,2,9,0.752,66.67,0,email,0,0,0.14763314666550595,0.26900513210002774,0.2202427743860977,0.3631189468483686,0.14763314666550595
sess_42_002294,2362.05,card,mobile_android,price_shock_breakdown,600,2,6,0.541,100.0,0,sms,0,0,0.23833084820766,0.32171299457016933,0.2633963223194074,0.23833084820766,0.17655983490276325
sess_42_002295,1016.81,card,mobile_android,price_shock_breakdown,566,1,7,0.748,80.86,0,none,0,0,0.26900513210002774,0.26900513210002774,0.2202427743860977,0.3631189468483686,0.14763314666550595
sess_42_002296,1583.85,upi,mobile_android,genuine_browse_abandon,364,2,9,0.655,40.44,0,none,0,0,0.7014242657747766,0.7014242657747766,0.11594465130421318,0.10491105892118391,0.07772002399982632
sess_42_002297,1758.23,upi,mobile_android,price_shock_breakdown,564,2,6,0.773,94.0,0,none,0,0,0.32171299457016933,0.32171299457016933,0.2633963223194074,0.23833084820766,0.17655983490276325
sess_42_002298,4131.38,upi,mobile_ios,upi_app_switch_abort,119,2,7,0.837,17.0,0,whatsapp,0,0,0.8204386747606477,0.049994806056778376,0.8204386747606477,0.07442851737376392,0.0551380018088101
sess_42_002299,1328.31,cod,mobile_ios,price_shock_breakdown,442,1,7,0.519,63.14,0,whatsapp,0,0,0.2202427743860977,0.26900513210002774,0.2202427743860977,0.3631189468483686,0.14763314666550595
sess_42_002300,869.8,netbanking,desktop,price_shock_breakdown,319,1,9,0.762,35.44,1,email,0,0,0.2782243497159696,0.22779083136758763,0.1864993589098446,0.30748546000659815,0.2782243497159696
sess_42_002301,1201.67,upi,mobile_android,vpa_validation_failure,536,2,10,0.737,53.6,0,email,1,0,0.14763314666550595,0.26900513210002774,0.2202427743860977,0.3631189468483686,0.14763314666550595
sess_42_002302,2380.99,upi,mobile_android,upi_app_switch_abort,419,1,8,0.632,52.38,0,none,0,0,0.1996840325575982,0.1996840325575982,0.5427974771347435,0.14792956969787008,0.10958892060978828
sess_42_002303,478.81,upi,mobile_android,price_shock_breakdown,514,1,8,0.612,64.25,0,email,1,0,0.16392226199847068,0.2986858353899521,0.13420819701225414,0.40318370559932304,0.16392226199847068
sess_42_002304,4438.12,card,mobile_android,price_shock_breakdown,410,2,7,0.912,58.57,0,whatsapp,0,0,0.579300138099923,0.11695868075619749,0.579300138099923,0.17448184855563614,0.12925933258824335
sess_42_002305,1834.89,upi,mobile_ios,upi_app_switch_abort,600,1,4,0.44,150.0,0,whatsapp,0,0,0.5427974771347435,0.1996840325575982,0.5427974771347435,0.14792956969787008,0.10958892060978828
sess_42_002306,2502.17,cod,mobile_android,vpa_validation_failure,581,1,9,0.767,64.56,0,sms,1,0,0.17448184855563614,0.11695868075619749,0.579300138099923,0.17448184855563614,0.12925933258824335
sess_42_002307,2131.09,upi,mobile_android,price_shock_breakdown,545,2,11,0.879,49.55,1,whatsapp,1,0,0.2633963223194074,0.32171299457016933,0.2633963223194074,0.23833084820766,0.17655983490276325
sess_42_002308,1096.06,netbanking,mobile_android,otp_timeout,208,1,6,0.884,34.67,0,sms,0,0,0.6078175404546194,0.16564960413762098,0.13562242514266395,0.6078175404546194,0.09091043026509557
sess_42_002309,803.0,card,mobile_android,genuine_browse_abandon,119,2,10,0.797,11.9,0,whatsapp,0,0,0.10673852268549665,0.6457304331194986,0.10673852268549665,0.17598207275468647,0.07154897144031824
sess_42_002310,1069.17,cod,mobile_ios,price_shock_breakdown,454,2,7,0.629,64.86,0,none,0,0,0.26900513210002774,0.26900513210002774,0.2202427743860977,0.3631189468483686,0.14763314666550595
sess_42_002311,584.34,upi,mobile_android,upi_app_switch_abort,481,3,9,0.463,53.44,0,email,0,0,0.12499994156242572,0.22776474356861084,0.3397850697075843,0.30745024516137914,0.12499994156242572
sess_42_002312,2347.7,upi,mobile_android,genuine_browse_abandon,545,1,4,0.746,136.25,1,none,0,0,0.7014242657747766,0.7014242657747766,0.11594465130421318,0.10491105892118391,0.07772002399982632
sess_42_002313,1600.28,netbanking,mobile_android,price_shock_breakdown,216,1,5,0.803,43.2,1,sms,0,0,0.23833084820766,0.32171299457016933,0.2633963223194074,0.23833084820766,0.17655983490276325
sess_42_002314,572.07,netbanking,mobile_android,genuine_browse_abandon,600,1,6,0.58,100.0,1,sms,0,0,0.18488603235859524,0.6784017024227375,0.061543213951843805,0.18488603235859524,0.07516905126682347
sess_42_002315,1138.67,cod,mobile_android,genuine_browse_abandon,556,3,10,0.668,55.6,1,none,0,0,0.6457304331194986,0.6457304331194986,0.10673852268549665,0.17598207275468647,0.07154897144031824
sess_42_002316,2948.65,cod,mobile_android,price_shock_breakdown,600,1,10,0.52,60.0,0,email,1,0,0.12925933258824335,0.11695868075619749,0.579300138099923,0.17448184855563614,0.12925933258824335
sess_42_002317,4768.4,cod,mobile_android,vpa_validation_failure,193,1,9,0.526,21.44,1,email,0,0,0.12925933258824335,0.11695868075619749,0.579300138099923,0.17448184855563614,0.12925933258824335
sess_42_002318,690.27,cod,desktop,price_shock_breakdown,357,1,5,0.809,71.4,1,email,1,0,0.3037869061997484,0.24871968248815027,0.11175695728796482,0.3357364540241366,0.3037869061997484
sess_42_002319,9145.72,upi,desktop,upi_app_switch_abort,231,1,6,0.551,38.5,0,whatsapp,0,0,0.766083108012708,0.049837407703541635,0.766083108012708,0.06949749160850477,0.1145819926752455
sess_42_002320,880.46,upi,mobile_android,price_shock_breakdown,499,1,10,0.75,49.9,0,none,0,0,0.26900513210002774,0.26900513210002774,0.2202427743860977,0.3631189468483686,0.14763314666550595
sess_42_002321,503.42,card,mobile_android,price_shock_breakdown,250,3,13,0.621,19.23,1,sms,0,0,0.40318370559932304,0.2986858353899521,0.13420819701225414,0.40318370559932304,0.16392226199847068
sess_42_002322,6755.37,cod,mobile_android,price_shock_breakdown,600,2,12,0.69,50.0,1,whatsapp,0,0,0.579300138099923,0.11695868075619749,0.579300138099923,0.17448184855563614,0.12925933258824335
sess_42_002323,828.3,upi,mobile_ios,price_shock_breakdown,600,2,10,0.74,60.0,0,sms,0,0,0.3631189468483686,0.26900513210002774,0.2202427743860977,0.3631189468483686,0.14763314666550595
sess_42_002324,5669.6,upi,mobile_android,upi_app_switch_abort,600,1,7,0.821,85.71,1,whatsapp,0,0,0.8204386747606477,0.049994806056778376,0.8204386747606477,0.07442851737376392,0.0551380018088101
sess_42_002325,1098.09,upi,mobile_ios,price_shock_breakdown,600,2,11,0.599,54.55,0,sms,0,0,0.3631189468483686,0.26900513210002774,0.2202427743860977,0.3631189468483686,0.14763314666550595
sess_42_002326,1451.24,cod,mobile_android,genuine_browse_abandon,436,2,10,0.519,43.6,0,email,0,0,0.07154897144031824,0.6457304331194986,0.10673852268549665,0.17598207275468647,0.07154897144031824
sess_42_002327,679.37,upi,mobile_ios,upi_app_switch_abort,398,1,4,0.615,99.5,0,sms,1,0,0.30745024516137914,0.22776474356861084,0.3397850697075843,0.30745024516137914,0.12499994156242572
sess_42_002328,4713.0,upi,mobile_android,upi_app_switch_abort,324,2,8,0.805,40.5,1,whatsapp,0,0,0.8204386747606477,0.049994806056778376,0.8204386747606477,0.07442851737376392,0.0551380018088101
sess_42_002329,4251.62,cod,mobile_android,price_shock_breakdown,439,1,7,0.504,62.71,0,sms,0,0,0.17448184855563614,0.11695868075619749,0.579300138099923,0.17448184855563614,0.12925933258824335
sess_42_002330,1101.73,card,mobile_android,price_shock_breakdown,427,1,7,0.447,61.0,1,none,1,0,0.26900513210002774,0.26900513210002774,0.2202427743860977,0.3631189468483686,0.14763314666550595
sess_42_002331,1709.29,netbanking,mobile_android,price_shock_breakdown,420,1,5,0.517,84.0,0,none,0,0,0.32171299457016933,0.32171299457016933,0.2633963223194074,0.23833084820766,0.17655983490276325
sess_42_002332,2970.75,upi,mobile_android,vpa_validation_failure,217,1,9,0.93,24.11,1,whatsapp,0,0,0.579300138099923,0.11695868075619749,0.579300138099923,0.17448184855563614,0.12925933258824335
sess_42_002333,1269.58,card,desktop,genuine_browse_abandon,438,3,8,0.562,54.75,1,none,0,0,0.5936734669792981,0.5936734669792981,0.09813356405833273,0.16179489443258677,0.14639807452978248
sess_42_002334,5029.95,card,mobile_android,price_shock_breakdown,274,2,12,0.81,22.83,0,whatsapp,0,0,0.579300138099923,0.11695868075619749,0.579300138099923,0.17448184855563614,0.12925933258824335
sess_42_002335,1670.05,upi,mobile_android,upi_app_switch_abort,164,1,6,0.923,27.33,1,whatsapp,1,0,0.5427974771347435,0.1996840325575982,0.5427974771347435,0.14792956969787008,0.10958892060978828
sess_42_002336,1224.62,upi,mobile_android,price_shock_breakdown,600,2,9,0.648,66.67,1,sms,0,0,0.3631189468483686,0.26900513210002774,0.2202427743860977,0.3631189468483686,0.14763314666550595
sess_42_002337,551.63,cod,mobile_android,vpa_validation_failure,250,3,12,0.598,20.83,1,none,0,0,0.2986858353899521,0.2986858353899521,0.13420819701225414,0.40318370559932304,0.16392226199847068
sess_42_002338,685.2,card,mobile_android,otp_timeout,430,1,6,0.694,71.67,0,sms,0,0,0.647434897682398,0.17644659353817646,0.0792825650965213,0.647434897682398,0.09683594368290428
sess_42_002339,2811.33,upi,desktop,price_shock_breakdown,397,3,13,0.906,30.54,1,whatsapp,1,0,0.5000810046968293,0.10096461356355876,0.5000810046968293,0.1506215041019237,0.24833287763768827
sess_42_002340,2157.24,card,mobile_android,price_shock_breakdown,142,2,6,0.564,23.67,1,none,0,0,0.32171299457016933,0.32171299457016933,0.2633963223194074,0.23833084820766,0.17655983490276325
sess_42_002341,3333.51,card,mobile_android,genuine_browse_abandon,251,1,10,0.814,25.1,1,whatsapp,1,0,0.39614560278704986,0.39614560278704986,0.39614560278704986,0.11931676263392972,0.0883920317919707
sess_42_002342,1185.43,card,mobile_android,price_shock_breakdown,399,2,8,0.63,49.88,0,none,0,0,0.26900513210002774,0.26900513210002774,0.2202427743860977,0.3631189468483686,0.14763314666550595
sess_42_002343,527.96,card,mobile_android,price_shock_breakdown,415,2,11,0.64,37.73,0,email,0,0,0.16392226199847068,0.2986858353899521,0.13420819701225414,0.40318370559932304,0.16392226199847068
sess_42_002344,1246.09,card,mobile_ios,otp_timeout,600,2,6,0.495,100.0,1,none,0,0,0.16564960413762098,0.16564960413762098,0.13562242514266395,0.6078175404546194,0.09091043026509557
sess_42_002345,8336.87,netbanking,mobile_android,genuine_browse_abandon,600,1,4,0.696,150.0,1,whatsapp,0,0,0.39614560278704986,0.39614560278704986,0.39614560278704986,0.11931676263392972,0.0883920317919707
sess_42_002346,876.89,upi,desktop,upi_app_switch_abort,600,2,8,0.464,75.0,0,whatsapp,1,1,0.4321906469343732,0.1589940536737414,0.4321906469343732,0.2146195237037115,0.19419577568817373
sess_42_002347,1759.31,cod,mobile_android,price_shock_breakdown,524,2,10,0.766,52.4,1,whatsapp,0,0,0.2633963223194074,0.32171299457016933,0.2633963223194074,0.23833084820766,0.17655983490276325
sess_42_002348,295.84,cod,mobile_android,price_shock_breakdown,586,1,10,0.882,58.6,0,whatsapp,0,0,0.13420819701225414,0.2986858353899521,0.13420819701225414,0.40318370559932304,0.16392226199847068
sess_42_002349,1224.26,cod,mobile_android,genuine_browse_abandon,365,2,6,0.567,60.83,1,none,0,0,0.6457304331194986,0.6457304331194986,0.10673852268549665,0.17598207275468647,0.07154897144031824
sess_42_002350,1325.5,cod,mobile_android,vpa_validation_failure,396,1,10,0.671,39.6,1,none,1,1,0.26900513210002774,0.26900513210002774,0.2202427743860977,0.3631189468483686,0.14763314666550595
sess_42_002351,2318.98,card,mobile_ios,price_shock_breakdown,252,2,11,0.647,22.91,1,sms,0,0,0.23833084820766,0.32171299457016933,0.2633963223194074,0.23833084820766,0.17655983490276325
sess_42_002352,1424.45,card,mobile_android,price_shock_breakdown,484,1,10,0.804,48.4,0,email,0,0,0.14763314666550595,0.26900513210002774,0.2202427743860977,0.3631189468483686,0.14763314666550595
sess_42_002353,578.86,upi,mobile_ios,upi_app_switch_abort,425,2,6,0.833,70.83,1,none,1,0,0.22776474356861084,0.22776474356861084,0.3397850697075843,0.30745024516137914,0.12499994156242572
sess_42_002354,1098.9,card,mobile_android,price_shock_breakdown,598,2,7,0.612,85.43,1,sms,0,0,0.3631189468483686,0.26900513210002774,0.2202427743860977,0.3631189468483686,0.14763314666550595
sess_42_002355,1551.57,upi,mobile_android,upi_app_switch_abort,117,1,7,0.77,16.71,1,whatsapp,0,0,0.5427974771347435,0.1996840325575982,0.5427974771347435,0.14792956969787008,0.10958892060978828
sess_42_002356,856.52,upi,mobile_android,upi_app_switch_abort,471,1,7,0.46,67.29,1,whatsapp,1,0,0.483942482820616,0.1780324901391686,0.483942482820616,0.24031872484904457,0.0977063021911707
sess_42_002357,955.13,card,mobile_android,upi_app_switch_abort,156,3,13,0.742,12.0,1,whatsapp,1,0,0.483942482820616,0.1780324901391686,0.483942482820616,0.24031872484904457,0.0977063021911707
sess_42_002358,3842.53,card,mobile_android,otp_timeout,297,1,10,0.688,29.7,1,sms,1,0,0.36489272043655063,0.08998143702404678,0.4456809751737707,0.36489272043655063,0.09944486736563182
sess_42_002359,1131.55,card,desktop,price_shock_breakdown,600,2,8,0.454,75.0,0,email,0,0,0.2782243497159696,0.22779083136758763,0.1864993589098446,0.30748546000659815,0.2782243497159696
sess_42_002360,2514.84,upi,mobile_android,upi_app_switch_abort,244,2,10,0.871,24.4,1,whatsapp,0,0,0.8204386747606477,0.049994806056778376,0.8204386747606477,0.07442851737376392,0.0551380018088101
sess_42_002361,1583.32,cod,mobile_android,price_shock_breakdown,600,1,6,0.642,100.0,1,sms,0,0,0.23833084820766,0.32171299457016933,0.2633963223194074,0.23833084820766,0.17655983490276325
sess_42_002362,718.76,cod,mobile_android,price_shock_breakdown,600,1,10,0.85,60.0,0,sms,0,0,0.40318370559932304,0.2986858353899521,0.13420819701225414,0.40318370559932304,0.16392226199847068
sess_42_002363,1408.49,upi,mobile_android,upi_app_switch_abort,505,2,10,0.657,50.5,0,sms,0,0,0.24031872484904457,0.1780324901391686,0.483942482820616,0.24031872484904457,0.0977063021911707
sess_42_002364,2249.0,netbanking,mobile_android,otp_timeout,600,2,9,0.599,66.67,0,whatsapp,0,0,0.18686957509559202,0.2282430144379751,0.18686957509559202,0.45962498828569537,0.12526242218073758
sess_42_002365,6651.42,card,mobile_android,price_shock_breakdown,466,1,6,0.654,77.67,1,sms,0,0,0.17448184855563614,0.11695868075619749,0.579300138099923,0.17448184855563614,0.12925933258824335
sess_42_002366,1013.15,card,mobile_android,genuine_browse_abandon,600,2,6,0.583,100.0,0,none,0,0,0.6457304331194986,0.6457304331194986,0.10673852268549665,0.17598207275468647,0.07154897144031824
sess_42_002367,1696.06,upi,mobile_android,otp_timeout,391,2,12,0.522,32.58,1,sms,1,0,0.45962498828569537,0.2282430144379751,0.18686957509559202,0.45962498828569537,0.12526242218073758
sess_42_002368,3575.33,cod,desktop,price_shock_breakdown,277,1,8,0.711,34.62,0,sms,0,0,0.1506215041019237,0.10096461356355876,0.5000810046968293,0.1506215041019237,0.24833287763768827
sess_42_002369,4653.58,upi,mobile_ios,genuine_browse_abandon,287,1,5,0.444,57.4,0,none,0,0,0.39614560278704986,0.39614560278704986,0.39614560278704986,0.11931676263392972,0.0883920317919707
sess_42_002370,1111.33,netbanking,mobile_ios,price_shock_breakdown,600,1,6,0.432,100.0,0,email,1,0,0.14763314666550595,0.26900513210002774,0.2202427743860977,0.3631189468483686,0.14763314666550595
sess_42_002371,1608.66,upi,mobile_ios,otp_timeout,165,2,6,0.666,27.5,1,email,1,1,0.12526242218073758,0.2282430144379751,0.18686957509559202,0.45962498828569537,0.12526242218073758
sess_42_002372,4165.21,cod,mobile_android,price_shock_breakdown,600,2,10,0.781,60.0,1,email,1,0,0.12925933258824335,0.11695868075619749,0.579300138099923,0.17448184855563614,0.12925933258824335
sess_42_002373,2653.38,card,mobile_android,price_shock_breakdown,600,2,12,0.893,50.0,0,email,0,0,0.12925933258824335,0.11695868075619749,0.579300138099923,0.17448184855563614,0.12925933258824335
sess_42_002374,3924.85,cod,mobile_android,upi_app_switch_abort,366,2,10,0.578,36.6,0,whatsapp,1,0,0.8204386747606477,0.049994806056778376,0.8204386747606477,0.07442851737376392,0.0551380018088101
sess_42_002375,4352.77,upi,mobile_ios,upi_app_switch_abort,577,1,7,0.7,82.43,0,none,0,0,0.049994806056778376,0.049994806056778376,0.8204386747606477,0.07442851737376392,0.0551380018088101
sess_42_002376,2738.85,cod,mobile_android,upi_app_switch_abort,99,2,8,0.892,12.38,0,whatsapp,1,1,0.8204386747606477,0.049994806056778376,0.8204386747606477,0.07442851737376392,0.0551380018088101
sess_42_002377,2013.56,netbanking,desktop,otp_timeout,232,2,11,0.49,21.09,1,email,0,0,0.24167595100157666,0.19786753336435833,0.16200023460108376,0.39845628103298136,0.24167595100157666
sess_42_002378,1093.1,cod,mobile_android,otp_timeout,255,2,11,0.603,23.18,0,sms,1,1,0.6078175404546194,0.16564960413762098,0.13562242514266395,0.6078175404546194,0.09091043026509557
sess_42_002379,1505.44,card,mobile_android,otp_timeout,262,1,8,0.519,32.75,1,sms,1,0,0.45962498828569537,0.2282430144379751,0.18686957509559202,0.45962498828569537,0.12526242218073758
sess_42_002380,1582.25,upi,mobile_android,otp_timeout,185,2,8,0.744,23.12,0,whatsapp,0,0,0.18686957509559202,0.2282430144379751,0.18686957509559202,0.45962498828569537,0.12526242218073758
sess_42_002381,4443.72,upi,mobile_ios,price_shock_breakdown,108,2,11,0.937,9.82,1,whatsapp,0,0,0.579300138099923,0.11695868075619749,0.579300138099923,0.17448184855563614,0.12925933258824335
sess_42_002382,2063.7,upi,mobile_android,otp_timeout,301,1,5,0.747,60.2,0,whatsapp,0,0,0.18686957509559202,0.2282430144379751,0.18686957509559202,0.45962498828569537,0.12526242218073758
sess_42_002383,2078.41,upi,mobile_android,vpa_validation_failure,404,2,8,0.874,50.5,1,sms,1,0,0.23833084820766,0.32171299457016933,0.2633963223194074,0.23833084820766,0.17655983490276325
sess_42_002384,857.89,card,mobile_android,otp_timeout,600,2,8,0.783,75.0,1,email,0,0,0.09091043026509557,0.16564960413762098,0.13562242514266395,0.6078175404546194,0.09091043026509557
sess_42_002385,4462.04,card,mobile_android,price_shock_breakdown,324,1,10,0.754,32.4,0,whatsapp,1,0,0.579300138099923,0.11695868075619749,0.579300138099923,0.17448184855563614,0.12925933258824335
sess_42_002386,1016.89,netbanking,mobile_android,otp_timeout,549,1,10,0.607,54.9,0,sms,0,0,0.6078175404546194,0.16564960413762098,0.13562242514266395,0.6078175404546194,0.09091043026509557
sess_42_002387,1460.39,card,mobile_android,otp_timeout,127,2,7,0.786,18.14,0,email,1,1,0.09091043026509557,0.16564960413762098,0.13562242514266395,0.6078175404546194,0.09091043026509557
sess_42_002388,4827.36,upi,mobile_android,genuine_browse_abandon,600,1,10,0.493,60.0,0,none,0,0,0.39614560278704986,0.39614560278704986,0.39614560278704986,0.11931676263392972,0.0883920317919707
sess_42_002389,3515.57,cod,mobile_ios,price_shock_breakdown,600,1,8,0.444,75.0,1,sms,0,0,0.17448184855563614,0.11695868075619749,0.579300138099923,0.17448184855563614,0.12925933258824335
sess_42_002390,955.91,upi,mobile_android,vpa_validation_failure,212,2,11,0.785,19.27,1,sms,0,0,0.3631189468483686,0.26900513210002774,0.2202427743860977,0.3631189468483686,0.14763314666550595
sess_42_002391,805.03,cod,mobile_android,upi_app_switch_abort,113,3,11,0.898,10.27,1,whatsapp,0,0,0.483942482820616,0.1780324901391686,0.483942482820616,0.24031872484904457,0.0977063021911707
sess_42_002392,1551.85,cod,mobile_android,genuine_browse_abandon,600,1,6,0.78,100.0,0,none,0,0,0.7014242657747766,0.7014242657747766,0.11594465130421318,0.10491105892118391,0.07772002399982632
sess_42_002393,1173.44,cod,mobile_android,price_shock_breakdown,410,2,6,0.536,68.33,0,none,0,0,0.26900513210002774,0.26900513210002774,0.2202427743860977,0.3631189468483686,0.14763314666550595
sess_42_002394,601.51,cod,mobile_android,genuine_browse_abandon,553,1,9,0.856,61.44,1,sms,0,0,0.18488603235859524,0.6784017024227375,0.061543213951843805,0.18488603235859524,0.07516905126682347
sess_42_002395,1027.65,cod,mobile_android,price_shock_breakdown,345,1,9,0.699,38.33,0,whatsapp,0,0,0.2202427743860977,0.26900513210002774,0.2202427743860977,0.3631189468483686,0.14763314666550595
sess_42_002396,230.2,cod,mobile_android,genuine_browse_abandon,175,1,7,0.512,25.0,1,none,0,0,0.6784017024227375,0.6784017024227375,0.061543213951843805,0.18488603235859524,0.07516905126682347
sess_42_002397,3561.66,cod,mobile_android,genuine_browse_abandon,283,2,6,0.736,47.17,0,whatsapp,0,0,0.39614560278704986,0.39614560278704986,0.39614560278704986,0.11931676263392972,0.0883920317919707
sess_42_002398,3397.44,upi,mobile_ios,upi_app_switch_abort,537,1,8,0.492,67.12,0,whatsapp,0,0,0.8204386747606477,0.049994806056778376,0.8204386747606477,0.07442851737376392,0.0551380018088101
sess_42_002399,5204.45,upi,mobile_ios,upi_app_switch_abort,221,1,9,0.553,24.56,0,email,0,0,0.0551380018088101,0.049994806056778376,0.8204386747606477,0.07442851737376392,0.0551380018088101
sess_42_002400,2356.49,cod,mobile_ios,genuine_browse_abandon,258,1,7,0.796,36.86,0,none,0,0,0.7014242657747766,0.7014242657747766,0.11594465130421318,0.10491105892118391,0.07772002399982632
sess_42_002401,1291.78,card,mobile_android,otp_timeout,541,1,7,0.911,77.29,0,sms,0,0,0.6078175404546194,0.16564960413762098,0.13562242514266395,0.6078175404546194,0.09091043026509557
sess_42_002402,3895.4,netbanking,mobile_android,genuine_browse_abandon,422,1,10,0.616,42.2,0,whatsapp,0,0,0.39614560278704986,0.39614560278704986,0.39614560278704986,0.11931676263392972,0.0883920317919707
sess_42_002403,1068.38,upi,mobile_android,vpa_validation_failure,298,2,10,0.538,29.8,1,whatsapp,1,1,0.2202427743860977,0.26900513210002774,0.2202427743860977,0.3631189468483686,0.14763314666550595
sess_42_002404,668.55,upi,mobile_ios,otp_timeout,446,1,10,0.516,44.6,1,sms,0,0,0.647434897682398,0.17644659353817646,0.0792825650965213,0.647434897682398,0.09683594368290428
sess_42_002405,1619.03,upi,mobile_ios,upi_app_switch_abort,537,1,6,0.707,89.5,0,sms,0,0,0.14792956969787008,0.1996840325575982,0.5427974771347435,0.14792956969787008,0.10958892060978828
sess_42_002406,2460.91,upi,desktop,genuine_browse_abandon,506,2,9,0.442,56.22,0,none,0,0,0.6404244338089113,0.6404244338089113,0.10586144689855206,0.0957873982812367,0.15792672101129984
sess_42_002407,983.41,cod,desktop,upi_app_switch_abort,205,2,10,0.802,20.5,0,sms,0,0,0.2146195237037115,0.1589940536737414,0.4321906469343732,0.2146195237037115,0.19419577568817373
sess_42_002408,824.16,upi,mobile_android,otp_timeout,578,3,9,0.737,64.22,1,whatsapp,0,0,0.13562242514266395,0.16564960413762098,0.13562242514266395,0.6078175404546194,0.09091043026509557
sess_42_002409,1322.62,upi,mobile_android,price_shock_breakdown,578,1,8,0.777,72.25,0,whatsapp,0,0,0.2202427743860977,0.26900513210002774,0.2202427743860977,0.3631189468483686,0.14763314666550595
sess_42_002410,2462.5,cod,desktop,price_shock_breakdown,415,2,6,0.603,69.17,0,email,0,0,0.32304108720794833,0.2644836726048936,0.21654091644863488,0.19593432373852326,0.32304108720794833
sess_42_002411,1621.21,card,mobile_android,otp_timeout,263,1,6,0.477,43.83,1,sms,1,0,0.45962498828569537,0.2282430144379751,0.18686957509559202,0.45962498828569537,0.12526242218073758
sess_42_002412,13060.83,upi,mobile_android,upi_app_switch_abort,253,1,6,0.907,42.17,0,whatsapp,0,0,0.8204386747606477,0.049994806056778376,0.8204386747606477,0.07442851737376392,0.0551380018088101
sess_42_002413,1632.63,upi,mobile_ios,upi_app_switch_abort,533,1,9,0.853,59.22,0,whatsapp,0,0,0.5427974771347435,0.1996840325575982,0.5427974771347435,0.14792956969787008,0.10958892060978828
sess_42_002414,3174.75,card,mobile_android,genuine_browse_abandon,600,2,10,0.712,60.0,1,whatsapp,0,0,0.39614560278704986,0.39614560278704986,0.39614560278704986,0.11931676263392972,0.0883920317919707
sess_42_002415,609.99,upi,mobile_android,upi_app_switch_abort,487,2,12,0.539,40.58,0,sms,0,0,0.30745024516137914,0.22776474356861084,0.3397850697075843,0.30745024516137914,0.12499994156242572
sess_42_002416,2807.84,cod,mobile_android,upi_app_switch_abort,357,3,8,0.913,44.62,1,whatsapp,1,1,0.8204386747606477,0.049994806056778376,0.8204386747606477,0.07442851737376392,0.0551380018088101
sess_42_002417,1278.24,upi,mobile_ios,otp_timeout,600,1,10,0.597,60.0,1,email,0,0,0.09091043026509557,0.16564960413762098,0.13562242514266395,0.6078175404546194,0.09091043026509557
sess_42_002418,1795.58,card,mobile_android,price_shock_breakdown,256,2,6,0.868,42.67,0,sms,0,0,0.23833084820766,0.32171299457016933,0.2633963223194074,0.23833084820766,0.17655983490276325
sess_42_002419,6406.72,netbanking,mobile_android,price_shock_breakdown,600,2,11,0.553,54.55,1,sms,0,0,0.17448184855563614,0.11695868075619749,0.579300138099923,0.17448184855563614,0.12925933258824335
sess_42_002420,1367.58,card,mobile_android,otp_timeout,600,2,6,0.567,100.0,0,sms,0,0,0.6078175404546194,0.16564960413762098,0.13562242514266395,0.6078175404546194,0.09091043026509557
sess_42_002421,677.89,card,mobile_android,price_shock_breakdown,405,1,5,0.588,81.0,0,sms,0,0,0.40318370559932304,0.2986858353899521,0.13420819701225414,0.40318370559932304,0.16392226199847068
sess_42_002422,761.98,upi,mobile_android,price_shock_breakdown,600,2,6,0.629,100.0,1,sms,0,0,0.40318370559932304,0.2986858353899521,0.13420819701225414,0.40318370559932304,0.16392226199847068
sess_42_002423,2058.37,cod,mobile_android,genuine_browse_abandon,522,1,10,0.893,52.2,1,whatsapp,0,0,0.11594465130421318,0.7014242657747766,0.11594465130421318,0.10491105892118391,0.07772002399982632
sess_42_002424,1976.33,upi,mobile_android,vpa_validation_failure,230,2,7,0.895,32.86,0,none,1,0,0.32171299457016933,0.32171299457016933,0.2633963223194074,0.23833084820766,0.17655983490276325
sess_42_002425,1915.67,card,mobile_android,otp_timeout,364,1,8,0.471,45.5,0,none,0,0,0.2282430144379751,0.2282430144379751,0.18686957509559202,0.45962498828569537,0.12526242218073758
sess_42_002426,689.42,cod,mobile_ios,genuine_browse_abandon,389,1,6,0.844,64.83,1,email,0,0,0.07516905126682347,0.6784017024227375,0.061543213951843805,0.18488603235859524,0.07516905126682347
sess_42_002427,8264.82,upi,mobile_android,vpa_validation_failure,560,1,5,0.616,112.0,1,none,0,0,0.11695868075619749,0.11695868075619749,0.579300138099923,0.17448184855563614,0.12925933258824335
sess_42_002428,5422.88,cod,mobile_android,genuine_browse_abandon,600,1,4,0.717,150.0,0,whatsapp,0,0,0.39614560278704986,0.39614560278704986,0.39614560278704986,0.11931676263392972,0.0883920317919707
sess_42_002429,1993.69,cod,mobile_android,price_shock_breakdown,420,3,12,0.526,35.0,0,email,0,0,0.17655983490276325,0.32171299457016933,0.2633963223194074,0.23833084820766,0.17655983490276325
sess_42_002430,577.76,upi,mobile_android,genuine_browse_abandon,96,2,7,0.486,13.71,0,none,0,0,0.6784017024227375,0.6784017024227375,0.061543213951843805,0.18488603235859524,0.07516905126682347
sess_42_002431,5933.33,card,mobile_android,otp_timeout,532,1,8,0.669,66.5,1,whatsapp,1,0,0.4456809751737707,0.08998143702404678,0.4456809751737707,0.36489272043655063,0.09944486736563182
sess_42_002432,4241.27,cod,desktop,genuine_browse_abandon,240,2,10,0.788,24.0,0,none,0,0,0.3574263069649042,0.3574263069649042,0.3574263069649042,0.10765473484298313,0.17749265122720856
sess_42_002433,1952.98,cod,mobile_ios,price_shock_breakdown,280,2,9,0.894,31.11,0,sms,0,0,0.23833084820766,0.32171299457016933,0.2633963223194074,0.23833084820766,0.17655983490276325
sess_42_002434,4442.96,upi,desktop,otp_timeout,109,2,9,0.929,12.11,0,sms,0,0,0.32525292510196563,0.08020638384327146,0.397264819819204,0.32525292510196563,0.19727587123555898
sess_42_002435,1247.95,cod,mobile_android,vpa_validation_failure,116,2,6,0.837,19.33,0,none,0,0,0.26900513210002774,0.26900513210002774,0.2202427743860977,0.3631189468483686,0.14763314666550595
sess_42_002436,879.9,cod,mobile_android,genuine_browse_abandon,597,1,6,0.835,99.5,1,sms,0,0,0.17598207275468647,0.6457304331194986,0.10673852268549665,0.17598207275468647,0.07154897144031824
sess_42_002437,2034.54,upi,mobile_ios,price_shock_breakdown,131,1,8,0.493,16.38,0,whatsapp,0,0,0.2633963223194074,0.32171299457016933,0.2633963223194074,0.23833084820766,0.17655983490276325
sess_42_002438,564.22,upi,mobile_ios,otp_timeout,344,2,11,0.657,31.27,0,sms,1,0,0.647434897682398,0.17644659353817646,0.0792825650965213,0.647434897682398,0.09683594368290428
sess_42_002439,786.35,upi,mobile_android,upi_app_switch_abort,426,1,5,0.775,85.2,1,whatsapp,0,0,0.3397850697075843,0.22776474356861084,0.3397850697075843,0.30745024516137914,0.12499994156242572
sess_42_002440,2718.69,upi,mobile_android,upi_app_switch_abort,507,2,8,0.693,63.38,0,whatsapp,0,0,0.8204386747606477,0.049994806056778376,0.8204386747606477,0.07442851737376392,0.0551380018088101
sess_42_002441,2164.59,netbanking,mobile_android,price_shock_breakdown,600,1,5,0.532,120.0,0,sms,0,0,0.23833084820766,0.32171299457016933,0.2633963223194074,0.23833084820766,0.17655983490276325
sess_42_002442,641.46,card,mobile_ios,upi_app_switch_abort,597,1,8,0.534,74.62,0,email,0,0,0.12499994156242572,0.22776474356861084,0.3397850697075843,0.30745024516137914,0.12499994156242572
sess_42_002443,1330.42,card,mobile_android,price_shock_breakdown,235,1,9,0.708,26.11,1,whatsapp,0,0,0.2202427743860977,0.26900513210002774,0.2202427743860977,0.3631189468483686,0.14763314666550595
sess_42_002444,662.78,cod,mobile_android,otp_timeout,434,2,12,0.884,36.17,0,sms,1,0,0.647434897682398,0.17644659353817646,0.0792825650965213,0.647434897682398,0.09683594368290428
sess_42_002445,1253.35,cod,mobile_android,price_shock_breakdown,437,1,8,0.571,54.62,0,whatsapp,1,0,0.2202427743860977,0.26900513210002774,0.2202427743860977,0.3631189468483686,0.14763314666550595
sess_42_002446,1154.69,upi,mobile_ios,price_shock_breakdown,170,1,4,0.553,42.5,1,sms,0,0,0.3631189468483686,0.26900513210002774,0.2202427743860977,0.3631189468483686,0.14763314666550595
sess_42_002447,3805.38,cod,mobile_android,price_shock_breakdown,412,2,7,0.902,58.86,0,sms,0,0,0.17448184855563614,0.11695868075619749,0.579300138099923,0.17448184855563614,0.12925933258824335
sess_42_002448,1607.45,upi,mobile_ios,upi_app_switch_abort,593,1,4,0.554,148.25,1,none,0,0,0.1996840325575982,0.1996840325575982,0.5427974771347435,0.14792956969787008,0.10958892060978828
sess_42_002449,1506.52,card,mobile_ios,genuine_browse_abandon,441,1,7,0.472,63.0,0,none,0,0,0.7014242657747766,0.7014242657747766,0.11594465130421318,0.10491105892118391,0.07772002399982632
sess_42_002450,1347.05,netbanking,desktop,genuine_browse_abandon,423,2,6,0.626,70.5,0,none,0,0,0.5936734669792981,0.5936734669792981,0.09813356405833273,0.16179489443258677,0.14639807452978248
sess_42_002451,497.47,upi,mobile_android,price_shock_breakdown,219,1,5,0.778,43.8,0,none,0,0,0.2986858353899521,0.2986858353899521,0.13420819701225414,0.40318370559932304,0.16392226199847068
sess_42_002452,1679.11,cod,mobile_android,genuine_browse_abandon,557,2,7,0.924,79.57,0,none,0,0,0.7014242657747766,0.7014242657747766,0.11594465130421318,0.10491105892118391,0.07772002399982632
sess_42_002453,2597.02,cod,mobile_android,otp_timeout,237,2,11,0.623,21.55,0,email,1,1,0.09944486736563182,0.08998143702404678,0.4456809751737707,0.36489272043655063,0.09944486736563182
sess_42_002454,2151.02,cod,mobile_android,price_shock_breakdown,311,2,10,0.446,31.1,1,sms,0,0,0.23833084820766,0.32171299457016933,0.2633963223194074,0.23833084820766,0.17655983490276325
sess_42_002455,3039.53,cod,mobile_android,otp_timeout,500,1,6,0.61,83.33,0,whatsapp,0,0,0.4456809751737707,0.08998143702404678,0.4456809751737707,0.36489272043655063,0.09944486736563182
sess_42_002456,3152.56,cod,mobile_android,otp_timeout,600,1,6,0.701,100.0,0,email,0,0,0.09944486736563182,0.08998143702404678,0.4456809751737707,0.36489272043655063,0.09944486736563182
sess_42_002457,9400.94,upi,mobile_android,otp_timeout,131,1,5,0.533,26.2,0,sms,1,0,0.36489272043655063,0.08998143702404678,0.4456809751737707,0.36489272043655063,0.09944486736563182
sess_42_002458,775.45,upi,mobile_android,upi_app_switch_abort,600,2,6,0.739,100.0,0,none,1,0,0.22776474356861084,0.22776474356861084,0.3397850697075843,0.30745024516137914,0.12499994156242572
sess_42_002459,2156.07,cod,mobile_android,price_shock_breakdown,557,1,6,0.516,92.83,0,email,0,0,0.17655983490276325,0.32171299457016933,0.2633963223194074,0.23833084820766,0.17655983490276325
sess_42_002460,2345.11,netbanking,mobile_ios,genuine_browse_abandon,153,2,8,0.917,19.12,0,none,1,0,0.7014242657747766,0.7014242657747766,0.11594465130421318,0.10491105892118391,0.07772002399982632
sess_42_002461,1422.47,upi,mobile_ios,otp_timeout,157,1,10,0.518,15.7,0,email,0,0,0.09091043026509557,0.16564960413762098,0.13562242514266395,0.6078175404546194,0.09091043026509557
sess_42_002462,1125.1,card,mobile_android,otp_timeout,232,1,6,0.787,38.67,0,email,0,0,0.09091043026509557,0.16564960413762098,0.13562242514266395,0.6078175404546194,0.09091043026509557
sess_42_002463,2628.26,upi,mobile_ios,upi_app_switch_abort,131,2,6,0.799,21.83,0,whatsapp,0,0,0.8204386747606477,0.049994806056778376,0.8204386747606477,0.07442851737376392,0.0551380018088101
sess_42_002464,2445.72,cod,mobile_android,price_shock_breakdown,242,1,7,0.703,34.57,0,email,0,0,0.17655983490276325,0.32171299457016933,0.2633963223194074,0.23833084820766,0.17655983490276325
sess_42_002465,820.73,upi,mobile_android,vpa_validation_failure,214,1,9,0.568,23.78,0,sms,0,0,0.3631189468483686,0.26900513210002774,0.2202427743860977,0.3631189468483686,0.14763314666550595
sess_42_002466,469.56,upi,mobile_android,price_shock_breakdown,140,1,6,0.629,23.33,0,none,0,0,0.2986858353899521,0.2986858353899521,0.13420819701225414,0.40318370559932304,0.16392226199847068
sess_42_002467,1250.5,upi,mobile_android,genuine_browse_abandon,265,2,12,0.824,22.08,0,email,0,0,0.07154897144031824,0.6457304331194986,0.10673852268549665,0.17598207275468647,0.07154897144031824
sess_42_002468,1091.08,upi,mobile_android,price_shock_breakdown,533,2,7,0.627,76.14,1,none,0,0,0.26900513210002774,0.26900513210002774,0.2202427743860977,0.3631189468483686,0.14763314666550595
sess_42_002469,2841.38,cod,desktop,genuine_browse_abandon,600,1,5,0.627,120.0,0,email,0,0,0.17749265122720856,0.3574263069649042,0.3574263069649042,0.10765473484298313,0.17749265122720856
sess_42_002470,904.17,card,mobile_android,otp_timeout,549,1,10,0.706,54.9,0,none,0,0,0.16564960413762098,0.16564960413762098,0.13562242514266395,0.6078175404546194,0.09091043026509557
sess_42_002471,1582.54,cod,mobile_android,otp_timeout,396,1,5,0.737,79.2,0,sms,0,0,0.45962498828569537,0.2282430144379751,0.18686957509559202,0.45962498828569537,0.12526242218073758
sess_42_002472,502.61,cod,mobile_android,price_shock_breakdown,600,2,7,0.834,85.71,1,sms,0,0,0.40318370559932304,0.2986858353899521,0.13420819701225414,0.40318370559932304,0.16392226199847068
sess_42_002473,564.75,upi,mobile_android,price_shock_breakdown,344,2,12,0.898,28.67,0,none,1,0,0.2986858353899521,0.2986858353899521,0.13420819701225414,0.40318370559932304,0.16392226199847068
sess_42_002474,1015.25,cod,mobile_android,genuine_browse_abandon,425,3,12,0.462,35.42,0,none,0,0,0.6457304331194986,0.6457304331194986,0.10673852268549665,0.17598207275468647,0.07154897144031824
sess_42_002475,1498.32,netbanking,mobile_android,price_shock_breakdown,519,2,8,0.826,64.88,0,whatsapp,0,0,0.2202427743860977,0.26900513210002774,0.2202427743860977,0.3631189468483686,0.14763314666550595
sess_42_002476,977.64,card,mobile_android,price_shock_breakdown,350,1,5,0.757,70.0,0,whatsapp,1,0,0.2202427743860977,0.26900513210002774,0.2202427743860977,0.3631189468483686,0.14763314666550595
sess_42_002477,2012.34,card,mobile_android,otp_timeout,236,2,7,0.901,33.71,0,email,0,0,0.12526242218073758,0.2282430144379751,0.18686957509559202,0.45962498828569537,0.12526242218073758
sess_42_002478,504.74,cod,mobile_ios,price_shock_breakdown,599,1,4,0.595,149.75,1,sms,0,0,0.40318370559932304,0.2986858353899521,0.13420819701225414,0.40318370559932304,0.16392226199847068
sess_42_002479,1538.75,upi,mobile_android,upi_app_switch_abort,456,2,8,0.889,57.0,0,whatsapp,0,0,0.5427974771347435,0.1996840325575982,0.5427974771347435,0.14792956969787008,0.10958892060978828
sess_42_002480,1552.16,cod,mobile_ios,price_shock_breakdown,355,2,6,0.48,59.17,0,none,0,0,0.32171299457016933,0.32171299457016933,0.2633963223194074,0.23833084820766,0.17655983490276325
sess_42_002481,610.4,upi,desktop,upi_app_switch_abort,462,2,9,0.637,51.33,1,email,1,0,0.2412368058973987,0.19750799176250416,0.2946473000928323,0.2666079022472649,0.2412368058973987
sess_42_002482,2145.85,card,mobile_android,price_shock_breakdown,67,2,12,0.659,5.58,1,email,1,0,0.17655983490276325,0.32171299457016933,0.2633963223194074,0.23833084820766,0.17655983490276325
sess_42_002483,355.4,cod,mobile_ios,genuine_browse_abandon,567,2,8,0.462,70.88,0,none,0,0,0.6784017024227375,0.6784017024227375,0.061543213951843805,0.18488603235859524,0.07516905126682347
sess_42_002484,1081.49,upi,mobile_android,upi_app_switch_abort,600,2,11,0.631,54.55,0,whatsapp,1,1,0.483942482820616,0.1780324901391686,0.483942482820616,0.24031872484904457,0.0977063021911707
sess_42_002485,3263.7,upi,mobile_android,price_shock_breakdown,160,1,7,0.581,22.86,0,whatsapp,0,0,0.579300138099923,0.11695868075619749,0.579300138099923,0.17448184855563614,0.12925933258824335
sess_42_002486,340.77,netbanking,mobile_ios,upi_app_switch_abort,212,2,12,0.869,17.67,0,none,1,1,0.22776474356861084,0.22776474356861084,0.3397850697075843,0.30745024516137914,0.12499994156242572
sess_42_002487,2990.69,upi,mobile_ios,price_shock_breakdown,456,1,6,0.694,76.0,0,whatsapp,0,0,0.579300138099923,0.11695868075619749,0.579300138099923,0.17448184855563614,0.12925933258824335
sess_42_002488,754.11,upi,mobile_android,vpa_validation_failure,589,2,10,0.474,58.9,0,none,0,0,0.2986858353899521,0.2986858353899521,0.13420819701225414,0.40318370559932304,0.16392226199847068
sess_42_002489,1161.15,netbanking,mobile_ios,upi_app_switch_abort,169,2,9,0.652,18.78,0,email,0,0,0.0977063021911707,0.1780324901391686,0.483942482820616,0.24031872484904457,0.0977063021911707
sess_42_002490,5192.24,upi,mobile_ios,vpa_validation_failure,437,1,9,0.576,48.56,1,none,1,0,0.11695868075619749,0.11695868075619749,0.579300138099923,0.17448184855563614,0.12925933258824335
sess_42_002491,1129.81,upi,mobile_android,upi_app_switch_abort,333,1,10,0.539,33.3,0,whatsapp,1,0,0.483942482820616,0.1780324901391686,0.483942482820616,0.24031872484904457,0.0977063021911707
sess_42_002492,6065.22,upi,mobile_android,otp_timeout,302,3,9,0.67,33.56,0,sms,1,0,0.36489272043655063,0.08998143702404678,0.4456809751737707,0.36489272043655063,0.09944486736563182
sess_42_002493,1438.06,upi,mobile_android,upi_app_switch_abort,313,3,13,0.613,24.08,1,sms,1,0,0.24031872484904457,0.1780324901391686,0.483942482820616,0.24031872484904457,0.0977063021911707
sess_42_002494,1696.87,cod,mobile_android,otp_timeout,471,2,7,0.665,67.29,1,none,0,0,0.2282430144379751,0.2282430144379751,0.18686957509559202,0.45962498828569537,0.12526242218073758
sess_42_002495,3400.56,card,mobile_android,otp_timeout,543,1,8,0.658,67.88,1,sms,1,0,0.36489272043655063,0.08998143702404678,0.4456809751737707,0.36489272043655063,0.09944486736563182
sess_42_002496,2719.08,card,desktop,price_shock_breakdown,291,1,7,0.556,41.57,1,whatsapp,0,0,0.5000810046968293,0.10096461356355876,0.5000810046968293,0.1506215041019237,0.24833287763768827
sess_42_002497,2029.55,upi,mobile_ios,upi_app_switch_abort,600,2,8,0.527,75.0,1,whatsapp,0,0,0.5427974771347435,0.1996840325575982,0.5427974771347435,0.14792956969787008,0.10958892060978828
sess_42_002498,1277.3,cod,mobile_android,price_shock_breakdown,288,1,9,0.75,32.0,1,sms,0,0,0.3631189468483686,0.26900513210002774,0.2202427743860977,0.3631189468483686,0.14763314666550595
sess_42_002499,565.01,cod,mobile_android,price_shock_breakdown,600,2,11,0.762,54.55,1,none,0,0,0.2986858353899521,0.2986858353899521,0.13420819701225414,0.40318370559932304,0.16392226199847068
sess_42_002500,586.02,upi,mobile_android,upi_app_switch_abort,167,2,7,0.54,23.86,1,none,0,0,0.22776474356861084,0.22776474356861084,0.3397850697075843,0.30745024516137914,0.12499994156242572
sess_42_002501,4840.98,upi,mobile_android,upi_app_switch_abort,165,1,6,0.481,27.5,0,whatsapp,1,0,0.8204386747606477,0.049994806056778376,0.8204386747606477,0.07442851737376392,0.0551380018088101
sess_42_002502,6467.72,cod,mobile_android,price_shock_breakdown,534,2,12,0.833,44.5,0,none,0,0,0.11695868075619749,0.11695868075619749,0.579300138099923,0.17448184855563614,0.12925933258824335
sess_42_002503,1992.58,upi,mobile_android,price_shock_breakdown,228,2,12,0.837,19.0,0,email,0,0,0.17655983490276325,0.32171299457016933,0.2633963223194074,0.23833084820766,0.17655983490276325
sess_42_002504,478.06,upi,mobile_android,upi_app_switch_abort,600,2,7,0.699,85.71,0,sms,1,0,0.30745024516137914,0.22776474356861084,0.3397850697075843,0.30745024516137914,0.12499994156242572
sess_42_002505,1013.12,cod,mobile_android,otp_timeout,294,2,7,0.699,42.0,0,none,1,0,0.16564960413762098,0.16564960413762098,0.13562242514266395,0.6078175404546194,0.09091043026509557
sess_42_002506,976.11,upi,mobile_android,genuine_browse_abandon,160,1,10,0.51,16.0,0,email,1,0,0.07154897144031824,0.6457304331194986,0.10673852268549665,0.17598207275468647,0.07154897144031824
sess_42_002507,1191.74,cod,mobile_android,genuine_browse_abandon,264,1,5,0.843,52.8,0,none,0,0,0.6457304331194986,0.6457304331194986,0.10673852268549665,0.17598207275468647,0.07154897144031824
sess_42_002508,931.2,upi,desktop,genuine_browse_abandon,344,1,10,0.624,34.4,0,sms,0,0,0.16179489443258677,0.5936734669792981,0.09813356405833273,0.16179489443258677,0.14639807452978248
sess_42_002509,2671.64,card,desktop,price_shock_breakdown,365,1,8,0.546,45.62,0,whatsapp,0,0,0.5000810046968293,0.10096461356355876,0.5000810046968293,0.1506215041019237,0.24833287763768827
sess_42_002510,2176.66,cod,mobile_android,upi_app_switch_abort,141,1,6,0.638,23.5,0,email,0,0,0.10958892060978828,0.1996840325575982,0.5427974771347435,0.14792956969787008,0.10958892060978828
sess_42_002511,5913.82,card,mobile_android,otp_timeout,349,1,8,0.504,43.62,0,whatsapp,0,0,0.4456809751737707,0.08998143702404678,0.4456809751737707,0.36489272043655063,0.09944486736563182
sess_42_002512,1350.37,card,mobile_ios,otp_timeout,600,1,9,0.568,66.67,0,none,0,0,0.16564960413762098,0.16564960413762098,0.13562242514266395,0.6078175404546194,0.09091043026509557
sess_42_002513,2100.93,card,mobile_android,otp_timeout,319,1,10,0.644,31.9,0,sms,0,0,0.45962498828569537,0.2282430144379751,0.18686957509559202,0.45962498828569537,0.12526242218073758
sess_42_002514,3152.17,upi,desktop,otp_timeout,71,1,6,0.536,11.83,1,sms,0,0,0.32525292510196563,0.08020638384327146,0.397264819819204,0.32525292510196563,0.19727587123555898
sess_42_002515,3890.35,netbanking,mobile_android,otp_timeout,529,1,6,0.553,88.17,0,whatsapp,1,1,0.4456809751737707,0.08998143702404678,0.4456809751737707,0.36489272043655063,0.09944486736563182
sess_42_002516,716.1,upi,mobile_ios,upi_app_switch_abort,178,1,8,0.679,22.25,0,none,0,0,0.22776474356861084,0.22776474356861084,0.3397850697075843,0.30745024516137914,0.12499994156242572
sess_42_002517,2449.48,cod,mobile_android,genuine_browse_abandon,472,1,6,0.78,78.67,0,sms,0,0,0.10491105892118391,0.7014242657747766,0.11594465130421318,0.10491105892118391,0.07772002399982632
sess_42_002518,2018.27,upi,mobile_android,upi_app_switch_abort,242,1,8,0.667,30.25,1,none,1,0,0.1996840325575982,0.1996840325575982,0.5427974771347435,0.14792956969787008,0.10958892060978828
sess_42_002519,2269.01,card,mobile_android,upi_app_switch_abort,517,2,6,0.92,86.17,0,whatsapp,1,0,0.5427974771347435,0.1996840325575982,0.5427974771347435,0.14792956969787008,0.10958892060978828
sess_42_002520,1890.75,card,mobile_android,upi_app_switch_abort,511,2,12,0.493,42.58,0,whatsapp,0,0,0.5427974771347435,0.1996840325575982,0.5427974771347435,0.14792956969787008,0.10958892060978828
sess_42_002521,6533.21,cod,mobile_android,price_shock_breakdown,600,1,8,0.688,75.0,1,whatsapp,1,1,0.579300138099923,0.11695868075619749,0.579300138099923,0.17448184855563614,0.12925933258824335
sess_42_002522,926.92,upi,mobile_android,upi_app_switch_abort,373,2,11,0.645,33.91,0,none,1,0,0.1780324901391686,0.1780324901391686,0.483942482820616,0.24031872484904457,0.0977063021911707
sess_42_002523,886.69,upi,mobile_ios,price_shock_breakdown,272,2,11,0.541,24.73,1,none,1,0,0.26900513210002774,0.26900513210002774,0.2202427743860977,0.3631189468483686,0.14763314666550595
sess_42_002524,976.79,netbanking,mobile_android,price_shock_breakdown,135,1,5,0.432,27.0,0,email,0,0,0.14763314666550595,0.26900513210002774,0.2202427743860977,0.3631189468483686,0.14763314666550595
sess_42_002525,1454.4,netbanking,mobile_android,genuine_browse_abandon,600,2,6,0.432,100.0,1,none,0,0,0.6457304331194986,0.6457304331194986,0.10673852268549665,0.17598207275468647,0.07154897144031824
sess_42_002526,2252.93,upi,mobile_android,upi_app_switch_abort,556,2,10,0.791,55.6,0,whatsapp,0,0,0.5427974771347435,0.1996840325575982,0.5427974771347435,0.14792956969787008,0.10958892060978828
sess_42_002527,1284.2,cod,mobile_android,price_shock_breakdown,517,2,10,0.737,51.7,0,sms,0,0,0.3631189468483686,0.26900513210002774,0.2202427743860977,0.3631189468483686,0.14763314666550595
sess_42_002528,3845.79,upi,mobile_android,price_shock_breakdown,584,1,4,0.728,146.0,0,whatsapp,0,0,0.579300138099923,0.11695868075619749,0.579300138099923,0.17448184855563614,0.12925933258824335
sess_42_002529,1803.3,cod,desktop,price_shock_breakdown,563,1,6,0.554,93.83,1,whatsapp,0,0,0.21654091644863488,0.2644836726048936,0.21654091644863488,0.19593432373852326,0.32304108720794833
sess_42_002530,1681.96,cod,mobile_ios,price_shock_breakdown,128,1,9,0.733,14.22,0,email,0,0,0.17655983490276325,0.32171299457016933,0.2633963223194074,0.23833084820766,0.17655983490276325
sess_42_002531,666.69,card,desktop,otp_timeout,578,1,9,0.6,64.22,1,sms,1,0,0.5787508260162643,0.1577280003341284,0.07087175900241471,0.5787508260162643,0.19264941464719262
sess_42_002532,7085.58,upi,mobile_android,price_shock_breakdown,600,2,12,0.917,50.0,0,whatsapp,0,0,0.579300138099923,0.11695868075619749,0.579300138099923,0.17448184855563614,0.12925933258824335
sess_42_002533,1744.83,card,mobile_android,otp_timeout,563,1,4,0.43,140.75,1,sms,1,0,0.45962498828569537,0.2282430144379751,0.18686957509559202,0.45962498828569537,0.12526242218073758
sess_42_002534,6172.31,netbanking,mobile_ios,genuine_browse_abandon,573,2,11,0.929,52.09,0,none,0,0,0.39614560278704986,0.39614560278704986,0.39614560278704986,0.11931676263392972,0.0883920317919707
sess_42_002535,1133.77,cod,desktop,otp_timeout,413,2,9,0.926,45.89,0,sms,0,0,0.5468864821310532,0.14904395356123945,0.12202686834091331,0.5468864821310532,0.18204269596679412
sess_42_002536,3371.01,upi,mobile_android,upi_app_switch_abort,391,2,7,0.911,55.86,0,whatsapp,1,1,0.8204386747606477,0.049994806056778376,0.8204386747606477,0.07442851737376392,0.0551380018088101
sess_42_002537,1185.63,card,desktop,otp_timeout,430,1,10,0.87,43.0,1,none,0,0,0.14904395356123945,0.14904395356123945,0.12202686834091331,0.5468864821310532,0.18204269596679412
sess_42_002538,7074.71,upi,mobile_android,price_shock_breakdown,227,1,8,0.61,28.38,1,whatsapp,0,0,0.579300138099923,0.11695868075619749,0.579300138099923,0.17448184855563614,0.12925933258824335
sess_42_002539,4190.51,netbanking,mobile_android,price_shock_breakdown,375,1,10,0.883,37.5,1,whatsapp,0,0,0.579300138099923,0.11695868075619749,0.579300138099923,0.17448184855563614,0.12925933258824335
sess_42_002540,3419.17,cod,mobile_android,otp_timeout,307,3,11,0.568,27.91,0,none,0,0,0.08998143702404678,0.08998143702404678,0.4456809751737707,0.36489272043655063,0.09944486736563182
sess_42_002541,1049.91,netbanking,mobile_android,genuine_browse_abandon,600,2,11,0.615,54.55,0,none,0,0,0.6457304331194986,0.6457304331194986,0.10673852268549665,0.17598207275468647,0.07154897144031824
sess_42_002542,7555.23,upi,desktop,genuine_browse_abandon,269,1,4,0.913,67.25,0,email,0,0,0.17749265122720856,0.3574263069649042,0.3574263069649042,0.10765473484298313,0.17749265122720856
sess_42_002543,8337.2,upi,mobile_android,vpa_validation_failure,183,1,4,0.535,45.75,0,email,0,0,0.12925933258824335,0.11695868075619749,0.579300138099923,0.17448184855563614,0.12925933258824335
sess_42_002544,1360.04,upi,mobile_android,upi_app_switch_abort,600,2,8,0.585,75.0,1,sms,1,0,0.24031872484904457,0.1780324901391686,0.483942482820616,0.24031872484904457,0.0977063021911707
sess_42_002545,2041.11,upi,mobile_android,otp_timeout,339,1,7,0.814,48.43,0,email,1,0,0.12526242218073758,0.2282430144379751,0.18686957509559202,0.45962498828569537,0.12526242218073758
sess_42_002546,3623.18,cod,mobile_android,price_shock_breakdown,442,1,5,0.82,88.4,1,whatsapp,1,0,0.579300138099923,0.11695868075619749,0.579300138099923,0.17448184855563614,0.12925933258824335
sess_42_002547,411.94,card,mobile_android,otp_timeout,306,2,9,0.608,34.0,1,sms,1,0,0.647434897682398,0.17644659353817646,0.0792825650965213,0.647434897682398,0.09683594368290428
sess_42_002548,4270.14,cod,mobile_ios,upi_app_switch_abort,206,2,11,0.855,18.73,1,email,0,0,0.0551380018088101,0.049994806056778376,0.8204386747606477,0.07442851737376392,0.0551380018088101
sess_42_002549,3896.19,cod,desktop,price_shock_breakdown,367,1,7,0.7,52.43,0,whatsapp,0,0,0.5000810046968293,0.10096461356355876,0.5000810046968293,0.1506215041019237,0.24833287763768827
sess_42_002550,1185.17,upi,mobile_android,price_shock_breakdown,110,1,4,0.738,27.5,0,whatsapp,1,0,0.2202427743860977,0.26900513210002774,0.2202427743860977,0.3631189468483686,0.14763314666550595
sess_42_002551,349.24,card,mobile_android,otp_timeout,411,2,9,0.875,45.67,1,sms,0,0,0.647434897682398,0.17644659353817646,0.0792825650965213,0.647434897682398,0.09683594368290428
sess_42_002552,2321.31,upi,mobile_android,otp_timeout,188,1,7,0.639,26.86,0,sms,0,0,0.45962498828569537,0.2282430144379751,0.18686957509559202,0.45962498828569537,0.12526242218073758
sess_42_002553,772.59,upi,mobile_android,price_shock_breakdown,600,2,6,0.492,100.0,0,none,0,0,0.2986858353899521,0.2986858353899521,0.13420819701225414,0.40318370559932304,0.16392226199847068
sess_42_002554,549.41,upi,mobile_android,price_shock_breakdown,337,1,8,0.863,42.12,0,sms,1,0,0.40318370559932304,0.2986858353899521,0.13420819701225414,0.40318370559932304,0.16392226199847068
sess_42_002555,2387.57,upi,mobile_android,price_shock_breakdown,152,1,8,0.719,19.0,1,whatsapp,1,0,0.2633963223194074,0.32171299457016933,0.2633963223194074,0.23833084820766,0.17655983490276325
sess_42_002556,4858.41,upi,mobile_android,upi_app_switch_abort,422,2,10,0.912,42.2,1,whatsapp,1,0,0.8204386747606477,0.049994806056778376,0.8204386747606477,0.07442851737376392,0.0551380018088101
sess_42_002557,1534.26,upi,mobile_android,genuine_browse_abandon,398,1,8,0.733,49.75,0,sms,0,0,0.10491105892118391,0.7014242657747766,0.11594465130421318,0.10491105892118391,0.07772002399982632
sess_42_002558,4397.78,upi,mobile_ios,price_shock_breakdown,76,3,13,0.502,5.85,0,whatsapp,0,0,0.579300138099923,0.11695868075619749,0.579300138099923,0.17448184855563614,0.12925933258824335
sess_42_002559,2975.3,card,mobile_android,otp_timeout,239,1,7,0.584,34.14,0,sms,0,0,0.36489272043655063,0.08998143702404678,0.4456809751737707,0.36489272043655063,0.09944486736563182
sess_42_002560,645.55,cod,mobile_android,upi_app_switch_abort,341,2,7,0.821,48.71,0,whatsapp,0,0,0.3397850697075843,0.22776474356861084,0.3397850697075843,0.30745024516137914,0.12499994156242572
sess_42_002561,1193.22,card,mobile_android,price_shock_breakdown,523,2,11,0.589,47.55,0,whatsapp,0,0,0.2202427743860977,0.26900513210002774,0.2202427743860977,0.3631189468483686,0.14763314666550595
sess_42_002562,4062.08,upi,mobile_ios,upi_app_switch_abort,549,2,8,0.848,68.62,0,whatsapp,0,0,0.8204386747606477,0.049994806056778376,0.8204386747606477,0.07442851737376392,0.0551380018088101
sess_42_002563,1185.95,cod,mobile_android,upi_app_switch_abort,264,1,7,0.887,37.71,0,sms,1,1,0.24031872484904457,0.1780324901391686,0.483942482820616,0.24031872484904457,0.0977063021911707
sess_42_002564,3342.02,cod,mobile_android,genuine_browse_abandon,600,1,8,0.653,75.0,0,none,0,0,0.39614560278704986,0.39614560278704986,0.39614560278704986,0.11931676263392972,0.0883920317919707
sess_42_002565,1329.27,cod,mobile_android,genuine_browse_abandon,200,2,8,0.841,25.0,0,none,0,0,0.6457304331194986,0.6457304331194986,0.10673852268549665,0.17598207275468647,0.07154897144031824
sess_42_002566,3105.54,upi,mobile_android,vpa_validation_failure,450,1,4,0.537,112.5,1,whatsapp,0,0,0.579300138099923,0.11695868075619749,0.579300138099923,0.17448184855563614,0.12925933258824335
sess_42_002567,2494.46,cod,mobile_android,price_shock_breakdown,210,1,6,0.634,35.0,0,whatsapp,0,0,0.2633963223194074,0.32171299457016933,0.2633963223194074,0.23833084820766,0.17655983490276325
sess_42_002568,1500.84,cod,desktop,otp_timeout,191,1,4,0.795,47.75,1,none,1,1,0.19786753336435833,0.19786753336435833,0.16200023460108376,0.39845628103298136,0.24167595100157666
sess_42_002569,3040.54,card,mobile_android,price_shock_breakdown,367,1,6,0.514,61.17,0,whatsapp,0,0,0.579300138099923,0.11695868075619749,0.579300138099923,0.17448184855563614,0.12925933258824335
sess_42_002570,357.84,upi,mobile_ios,upi_app_switch_abort,270,1,5,0.588,54.0,0,email,1,1,0.12499994156242572,0.22776474356861084,0.3397850697075843,0.30745024516137914,0.12499994156242572
sess_42_002571,800.91,cod,desktop,price_shock_breakdown,118,2,9,0.594,13.11,0,email,0,0,0.2782243497159696,0.22779083136758763,0.1864993589098446,0.30748546000659815,0.2782243497159696
sess_42_002572,1277.01,cod,mobile_android,genuine_browse_abandon,600,2,10,0.917,60.0,0,sms,0,0,0.17598207275468647,0.6457304331194986,0.10673852268549665,0.17598207275468647,0.07154897144031824
sess_42_002573,4356.95,upi,mobile_android,upi_app_switch_abort,552,2,8,0.679,69.0,1,whatsapp,1,0,0.8204386747606477,0.049994806056778376,0.8204386747606477,0.07442851737376392,0.0551380018088101
sess_42_002574,611.17,cod,mobile_android,price_shock_breakdown,528,2,9,0.595,58.67,1,none,1,0,0.2986858353899521,0.2986858353899521,0.13420819701225414,0.40318370559932304,0.16392226199847068
sess_42_002575,1761.61,cod,mobile_ios,upi_app_switch_abort,600,2,9,0.594,66.67,1,whatsapp,1,1,0.5427974771347435,0.1996840325575982,0.5427974771347435,0.14792956969787008,0.10958892060978828
sess_42_002576,2294.05,card,mobile_ios,vpa_validation_failure,493,1,8,0.621,61.62,0,none,0,0,0.32171299457016933,0.32171299457016933,0.2633963223194074,0.23833084820766,0.17655983490276325
sess_42_002577,2176.9,upi,mobile_ios,vpa_validation_failure,329,3,12,0.59,27.42,1,email,1,0,0.17655983490276325,0.32171299457016933,0.2633963223194074,0.23833084820766,0.17655983490276325
sess_42_002578,1679.18,card,mobile_android,price_shock_breakdown,600,1,10,0.591,60.0,0,none,0,0,0.32171299457016933,0.32171299457016933,0.2633963223194074,0.23833084820766,0.17655983490276325
sess_42_002579,1135.2,upi,mobile_ios,upi_app_switch_abort,384,2,9,0.649,42.67,0,sms,0,0,0.24031872484904457,0.1780324901391686,0.483942482820616,0.24031872484904457,0.0977063021911707
sess_42_002580,1502.67,cod,mobile_android,genuine_browse_abandon,600,1,8,0.776,75.0,1,email,0,0,0.07772002399982632,0.7014242657747766,0.11594465130421318,0.10491105892118391,0.07772002399982632
sess_42_002581,3755.87,upi,mobile_android,price_shock_breakdown,582,3,11,0.564,52.91,0,whatsapp,0,0,0.579300138099923,0.11695868075619749,0.579300138099923,0.17448184855563614,0.12925933258824335
sess_42_002582,1078.98,cod,mobile_ios,otp_timeout,103,1,4,0.706,25.75,1,sms,1,0,0.6078175404546194,0.16564960413762098,0.13562242514266395,0.6078175404546194,0.09091043026509557
sess_42_002583,357.99,cod,mobile_ios,genuine_browse_abandon,597,2,12,0.82,49.75,0,none,0,0,0.6784017024227375,0.6784017024227375,0.061543213951843805,0.18488603235859524,0.07516905126682347
sess_42_002584,2564.79,cod,mobile_android,genuine_browse_abandon,129,2,9,0.535,14.33,0,none,0,0,0.39614560278704986,0.39614560278704986,0.39614560278704986,0.11931676263392972,0.0883920317919707
sess_42_002585,5551.82,card,mobile_android,genuine_browse_abandon,600,1,6,0.779,100.0,0,sms,0,0,0.11931676263392972,0.39614560278704986,0.39614560278704986,0.11931676263392972,0.0883920317919707
sess_42_002586,821.87,upi,mobile_android,price_shock_breakdown,519,1,8,0.746,64.88,1,email,1,0,0.14763314666550595,0.26900513210002774,0.2202427743860977,0.3631189468483686,0.14763314666550595
sess_42_002587,5016.88,card,mobile_android,price_shock_breakdown,200,2,7,0.583,28.57,1,whatsapp,0,0,0.579300138099923,0.11695868075619749,0.579300138099923,0.17448184855563614,0.12925933258824335
sess_42_002588,2671.78,upi,mobile_android,upi_app_switch_abort,600,1,9,0.732,66.67,1,sms,0,0,0.07442851737376392,0.049994806056778376,0.8204386747606477,0.07442851737376392,0.0551380018088101
sess_42_002589,759.55,cod,mobile_ios,price_shock_breakdown,367,1,6,0.922,61.17,0,none,1,0,0.2986858353899521,0.2986858353899521,0.13420819701225414,0.40318370559932304,0.16392226199847068
sess_42_002590,1066.57,upi,mobile_android,otp_timeout,339,2,12,0.705,28.25,1,sms,1,0,0.6078175404546194,0.16564960413762098,0.13562242514266395,0.6078175404546194,0.09091043026509557
sess_42_002591,1032.1,cod,mobile_android,genuine_browse_abandon,600,1,8,0.846,75.0,0,email,1,0,0.07154897144031824,0.6457304331194986,0.10673852268549665,0.17598207275468647,0.07154897144031824
sess_42_002592,2052.42,cod,mobile_android,genuine_browse_abandon,382,1,7,0.777,54.57,0,whatsapp,0,0,0.11594465130421318,0.7014242657747766,0.11594465130421318,0.10491105892118391,0.07772002399982632
sess_42_002593,1578.2,cod,mobile_android,price_shock_breakdown,233,2,6,0.808,38.83,0,email,0,0,0.17655983490276325,0.32171299457016933,0.2633963223194074,0.23833084820766,0.17655983490276325
sess_42_002594,4143.0,cod,mobile_android,price_shock_breakdown,591,1,9,0.48,65.67,1,whatsapp,0,0,0.579300138099923,0.11695868075619749,0.579300138099923,0.17448184855563614,0.12925933258824335
sess_42_002595,3418.75,card,mobile_android,otp_timeout,153,1,6,0.877,25.5,1,sms,1,0,0.36489272043655063,0.08998143702404678,0.4456809751737707,0.36489272043655063,0.09944486736563182
sess_42_002596,567.38,upi,mobile_android,otp_timeout,434,2,6,0.508,72.33,0,sms,1,0,0.647434897682398,0.17644659353817646,0.0792825650965213,0.647434897682398,0.09683594368290428
sess_42_002597,623.77,upi,mobile_android,price_shock_breakdown,496,2,6,0.58,82.67,1,sms,0,0,0.40318370559932304,0.2986858353899521,0.13420819701225414,0.40318370559932304,0.16392226199847068
sess_42_002598,2866.1,netbanking,mobile_android,otp_timeout,562,1,6,0.765,93.67,1,sms,1,0,0.36489272043655063,0.08998143702404678,0.4456809751737707,0.36489272043655063,0.09944486736563182
sess_42_002599,1228.35,upi,mobile_android,upi_app_switch_abort,252,2,11,0.611,22.91,0,none,1,0,0.1780324901391686,0.1780324901391686,0.483942482820616,0.24031872484904457,0.0977063021911707
sess_42_002600,1585.8,upi,mobile_android,upi_app_switch_abort,468,1,6,0.649,78.0,0,whatsapp,0,0,0.5427974771347435,0.1996840325575982,0.5427974771347435,0.14792956969787008,0.10958892060978828
sess_42_002601,2724.17,upi,mobile_android,genuine_browse_abandon,384,1,6,0.619,64.0,1,none,0,0,0.39614560278704986,0.39614560278704986,0.39614560278704986,0.11931676263392972,0.0883920317919707
sess_42_002602,3442.16,cod,desktop,vpa_validation_failure,368,1,6,0.876,61.33,1,whatsapp,0,0,0.5000810046968293,0.10096461356355876,0.5000810046968293,0.1506215041019237,0.24833287763768827
sess_42_002603,716.92,card,mobile_android,price_shock_breakdown,404,1,5,0.58,80.8,1,sms,0,0,0.40318370559932304,0.2986858353899521,0.13420819701225414,0.40318370559932304,0.16392226199847068
sess_42_002604,341.65,upi,mobile_ios,upi_app_switch_abort,287,1,7,0.516,41.0,0,none,0,0,0.22776474356861084,0.22776474356861084,0.3397850697075843,0.30745024516137914,0.12499994156242572
sess_42_002605,1660.94,upi,desktop,vpa_validation_failure,313,1,7,0.496,44.71,1,sms,1,0,0.19593432373852326,0.2644836726048936,0.21654091644863488,0.19593432373852326,0.32304108720794833
sess_42_002606,952.29,cod,desktop,price_shock_breakdown,272,1,6,0.464,45.33,0,none,0,0,0.22779083136758763,0.22779083136758763,0.1864993589098446,0.30748546000659815,0.2782243497159696
sess_42_002607,1900.15,card,mobile_ios,price_shock_breakdown,330,1,6,0.88,55.0,0,none,0,0,0.32171299457016933,0.32171299457016933,0.2633963223194074,0.23833084820766,0.17655983490276325
sess_42_002608,1691.79,upi,mobile_ios,upi_app_switch_abort,600,1,9,0.807,66.67,1,email,0,0,0.10958892060978828,0.1996840325575982,0.5427974771347435,0.14792956969787008,0.10958892060978828
sess_42_002609,869.96,cod,mobile_android,genuine_browse_abandon,290,2,12,0.751,24.17,1,none,0,0,0.6457304331194986,0.6457304331194986,0.10673852268549665,0.17598207275468647,0.07154897144031824
sess_42_002610,8648.55,upi,mobile_android,price_shock_breakdown,350,3,13,0.838,26.92,1,sms,0,0,0.17448184855563614,0.11695868075619749,0.579300138099923,0.17448184855563614,0.12925933258824335
sess_42_002611,1831.24,cod,mobile_android,genuine_browse_abandon,588,1,8,0.727,73.5,0,none,0,0,0.7014242657747766,0.7014242657747766,0.11594465130421318,0.10491105892118391,0.07772002399982632
sess_42_002612,1175.78,cod,mobile_android,otp_timeout,186,1,4,0.858,46.5,0,sms,0,0,0.6078175404546194,0.16564960413762098,0.13562242514266395,0.6078175404546194,0.09091043026509557
sess_42_002613,1950.96,cod,mobile_ios,otp_timeout,600,1,7,0.558,85.71,0,sms,1,1,0.45962498828569537,0.2282430144379751,0.18686957509559202,0.45962498828569537,0.12526242218073758
sess_42_002614,2690.3,upi,mobile_android,upi_app_switch_abort,105,1,8,0.749,13.12,0,whatsapp,0,0,0.8204386747606477,0.049994806056778376,0.8204386747606477,0.07442851737376392,0.0551380018088101
sess_42_002615,1125.06,cod,mobile_android,genuine_browse_abandon,162,2,12,0.856,13.5,0,none,0,0,0.6457304331194986,0.6457304331194986,0.10673852268549665,0.17598207275468647,0.07154897144031824
sess_42_002616,10303.02,upi,mobile_android,price_shock_breakdown,304,2,10,0.464,30.4,0,email,0,0,0.12925933258824335,0.11695868075619749,0.579300138099923,0.17448184855563614,0.12925933258824335
sess_42_002617,577.13,upi,mobile_android,price_shock_breakdown,150,1,9,0.512,16.67,0,none,0,0,0.2986858353899521,0.2986858353899521,0.13420819701225414,0.40318370559932304,0.16392226199847068
sess_42_002618,608.02,upi,mobile_android,vpa_validation_failure,493,1,10,0.843,49.3,0,sms,0,0,0.40318370559932304,0.2986858353899521,0.13420819701225414,0.40318370559932304,0.16392226199847068
sess_42_002619,544.84,cod,mobile_android,genuine_browse_abandon,600,1,5,0.434,120.0,0,none,1,1,0.6784017024227375,0.6784017024227375,0.061543213951843805,0.18488603235859524,0.07516905126682347
sess_42_002620,1813.33,netbanking,mobile_ios,otp_timeout,173,1,10,0.846,17.3,0,none,0,0,0.2282430144379751,0.2282430144379751,0.18686957509559202,0.45962498828569537,0.12526242218073758
sess_42_002621,2577.86,cod,mobile_ios,price_shock_breakdown,260,3,11,0.735,23.64,0,whatsapp,0,0,0.579300138099923,0.11695868075619749,0.579300138099923,0.17448184855563614,0.12925933258824335
sess_42_002622,1411.14,upi,mobile_android,upi_app_switch_abort,131,1,10,0.733,13.1,0,whatsapp,1,1,0.483942482820616,0.1780324901391686,0.483942482820616,0.24031872484904457,0.0977063021911707
sess_42_002623,2572.11,card,mobile_ios,genuine_browse_abandon,289,1,7,0.709,41.29,0,none,0,0,0.39614560278704986,0.39614560278704986,0.39614560278704986,0.11931676263392972,0.0883920317919707
sess_42_002624,2546.35,upi,mobile_android,vpa_validation_failure,326,1,9,0.825,36.22,1,none,0,0,0.11695868075619749,0.11695868075619749,0.579300138099923,0.17448184855563614,0.12925933258824335
sess_42_002625,1379.43,upi,mobile_android,upi_app_switch_abort,167,3,14,0.803,11.93,0,whatsapp,0,0,0.483942482820616,0.1780324901391686,0.483942482820616,0.24031872484904457,0.0977063021911707
sess_42_002626,2491.28,upi,mobile_android,genuine_browse_abandon,600,2,8,0.553,75.0,1,email,0,0,0.07772002399982632,0.7014242657747766,0.11594465130421318,0.10491105892118391,0.07772002399982632
sess_42_002627,1560.35,upi,mobile_android,genuine_browse_abandon,293,1,7,0.818,41.86,1,none,0,0,0.7014242657747766,0.7014242657747766,0.11594465130421318,0.10491105892118391,0.07772002399982632
sess_42_002628,1330.4,cod,mobile_android,price_shock_breakdown,167,1,6,0.771,27.83,1,sms,1,0,0.3631189468483686,0.26900513210002774,0.2202427743860977,0.3631189468483686,0.14763314666550595
sess_42_002629,1244.04,cod,mobile_android,price_shock_breakdown,573,2,10,0.865,57.3,0,none,0,0,0.26900513210002774,0.26900513210002774,0.2202427743860977,0.3631189468483686,0.14763314666550595
sess_42_002630,2153.36,upi,mobile_android,upi_app_switch_abort,488,2,9,0.855,54.22,1,email,1,0,0.10958892060978828,0.1996840325575982,0.5427974771347435,0.14792956969787008,0.10958892060978828
sess_42_002631,4506.8,cod,mobile_android,genuine_browse_abandon,148,1,5,0.585,29.6,0,none,0,0,0.39614560278704986,0.39614560278704986,0.39614560278704986,0.11931676263392972,0.0883920317919707
sess_42_002632,732.33,cod,mobile_android,genuine_browse_abandon,600,1,7,0.708,85.71,0,none,0,0,0.6784017024227375,0.6784017024227375,0.061543213951843805,0.18488603235859524,0.07516905126682347
sess_42_002633,1261.15,upi,mobile_android,vpa_validation_failure,315,2,8,0.809,39.38,0,none,0,0,0.26900513210002774,0.26900513210002774,0.2202427743860977,0.3631189468483686,0.14763314666550595
sess_42_002634,2042.64,upi,desktop,otp_timeout,557,2,12,0.629,46.42,1,email,0,0,0.24167595100157666,0.19786753336435833,0.16200023460108376,0.39845628103298136,0.24167595100157666
sess_42_002635,6752.34,card,mobile_android,otp_timeout,584,2,7,0.919,83.43,1,whatsapp,0,0,0.4456809751737707,0.08998143702404678,0.4456809751737707,0.36489272043655063,0.09944486736563182
sess_42_002636,2499.31,upi,mobile_ios,price_shock_breakdown,522,2,9,0.741,58.0,0,none,0,0,0.32171299457016933,0.32171299457016933,0.2633963223194074,0.23833084820766,0.17655983490276325
sess_42_002637,982.86,upi,mobile_android,upi_app_switch_abort,291,2,9,0.873,32.33,1,email,0,0,0.0977063021911707,0.1780324901391686,0.483942482820616,0.24031872484904457,0.0977063021911707
sess_42_002638,904.22,cod,mobile_android,otp_timeout,300,1,7,0.751,42.86,1,none,1,1,0.16564960413762098,0.16564960413762098,0.13562242514266395,0.6078175404546194,0.09091043026509557
sess_42_002639,3785.08,cod,mobile_android,genuine_browse_abandon,526,1,10,0.47,52.6,0,sms,0,0,0.11931676263392972,0.39614560278704986,0.39614560278704986,0.11931676263392972,0.0883920317919707
sess_42_002640,1429.07,card,mobile_ios,price_shock_breakdown,600,2,10,0.818,60.0,0,none,1,0,0.26900513210002774,0.26900513210002774,0.2202427743860977,0.3631189468483686,0.14763314666550595
sess_42_002641,718.25,upi,mobile_android,otp_timeout,140,1,9,0.554,15.56,0,whatsapp,0,0,0.0792825650965213,0.17644659353817646,0.0792825650965213,0.647434897682398,0.09683594368290428
sess_42_002642,3867.46,upi,mobile_ios,upi_app_switch_abort,117,2,10,0.83,11.7,0,whatsapp,0,0,0.8204386747606477,0.049994806056778376,0.8204386747606477,0.07442851737376392,0.0551380018088101
sess_42_002643,2278.19,upi,mobile_android,otp_timeout,293,1,5,0.543,58.6,1,sms,1,0,0.45962498828569537,0.2282430144379751,0.18686957509559202,0.45962498828569537,0.12526242218073758
sess_42_002644,738.33,upi,mobile_android,vpa_validation_failure,387,1,4,0.473,96.75,0,whatsapp,0,0,0.13420819701225414,0.2986858353899521,0.13420819701225414,0.40318370559932304,0.16392226199847068
sess_42_002645,661.66,upi,mobile_android,price_shock_breakdown,554,2,8,0.782,69.25,0,none,0,0,0.2986858353899521,0.2986858353899521,0.13420819701225414,0.40318370559932304,0.16392226199847068
sess_42_002646,355.77,cod,mobile_android,price_shock_breakdown,396,2,12,0.65,33.0,0,none,1,0,0.2986858353899521,0.2986858353899521,0.13420819701225414,0.40318370559932304,0.16392226199847068
sess_42_002647,1133.67,card,mobile_android,genuine_browse_abandon,323,2,12,0.457,26.92,1,none,1,0,0.6457304331194986,0.6457304331194986,0.10673852268549665,0.17598207275468647,0.07154897144031824
sess_42_002648,2272.04,cod,mobile_android,price_shock_breakdown,354,2,7,0.881,50.57,1,email,0,0,0.17655983490276325,0.32171299457016933,0.2633963223194074,0.23833084820766,0.17655983490276325
sess_42_002649,3716.05,upi,mobile_android,genuine_browse_abandon,152,2,6,0.703,25.33,0,email,0,0,0.0883920317919707,0.39614560278704986,0.39614560278704986,0.11931676263392972,0.0883920317919707
sess_42_002650,2486.69,cod,mobile_android,price_shock_breakdown,454,2,9,0.734,50.44,1,none,0,0,0.32171299457016933,0.32171299457016933,0.2633963223194074,0.23833084820766,0.17655983490276325
sess_42_002651,679.51,card,mobile_android,price_shock_breakdown,478,1,5,0.61,95.6,1,none,0,0,0.2986858353899521,0.2986858353899521,0.13420819701225414,0.40318370559932304,0.16392226199847068
sess_42_002652,1461.5,netbanking,mobile_android,price_shock_breakdown,426,2,6,0.603,71.0,1,none,0,0,0.26900513210002774,0.26900513210002774,0.2202427743860977,0.3631189468483686,0.14763314666550595
sess_42_002653,5281.85,upi,mobile_android,genuine_browse_abandon,239,2,6,0.5,39.83,0,whatsapp,0,0,0.39614560278704986,0.39614560278704986,0.39614560278704986,0.11931676263392972,0.0883920317919707
sess_42_002654,1231.42,cod,mobile_android,otp_timeout,404,2,8,0.474,50.5,1,sms,1,0,0.6078175404546194,0.16564960413762098,0.13562242514266395,0.6078175404546194,0.09091043026509557
sess_42_002655,3218.44,upi,mobile_android,otp_timeout,236,1,7,0.687,33.71,0,none,0,0,0.08998143702404678,0.08998143702404678,0.4456809751737707,0.36489272043655063,0.09944486736563182
sess_42_002656,2933.67,upi,mobile_android,upi_app_switch_abort,208,2,8,0.762,26.0,0,whatsapp,1,1,0.8204386747606477,0.049994806056778376,0.8204386747606477,0.07442851737376392,0.0551380018088101
sess_42_002657,3196.66,cod,desktop,price_shock_breakdown,375,1,10,0.723,37.5,0,none,0,0,0.10096461356355876,0.10096461356355876,0.5000810046968293,0.1506215041019237,0.24833287763768827
sess_42_002658,2498.38,netbanking,mobile_android,price_shock_breakdown,175,2,11,0.936,15.91,1,email,0,0,0.17655983490276325,0.32171299457016933,0.2633963223194074,0.23833084820766,0.17655983490276325
sess_42_002659,3189.28,netbanking,mobile_android,price_shock_breakdown,430,1,10,0.803,43.0,1,whatsapp,0,0,0.579300138099923,0.11695868075619749,0.579300138099923,0.17448184855563614,0.12925933258824335
sess_42_002660,595.16,upi,mobile_android,upi_app_switch_abort,567,2,11,0.874,51.55,1,sms,0,0,0.30745024516137914,0.22776474356861084,0.3397850697075843,0.30745024516137914,0.12499994156242572
sess_42_002661,5633.57,cod,mobile_android,genuine_browse_abandon,464,1,5,0.434,92.8,1,none,0,0,0.39614560278704986,0.39614560278704986,0.39614560278704986,0.11931676263392972,0.0883920317919707
sess_42_002662,466.41,upi,mobile_android,upi_app_switch_abort,242,1,10,0.473,24.2,1,whatsapp,0,0,0.3397850697075843,0.22776474356861084,0.3397850697075843,0.30745024516137914,0.12499994156242572
sess_42_002663,2284.39,upi,mobile_android,price_shock_breakdown,340,1,9,0.494,37.78,1,whatsapp,1,0,0.2633963223194074,0.32171299457016933,0.2633963223194074,0.23833084820766,0.17655983490276325
sess_42_002664,1743.52,upi,mobile_ios,vpa_validation_failure,462,1,10,0.768,46.2,1,whatsapp,1,0,0.2633963223194074,0.32171299457016933,0.2633963223194074,0.23833084820766,0.17655983490276325
sess_42_002665,1130.91,cod,mobile_android,genuine_browse_abandon,505,1,4,0.872,126.25,0,none,0,0,0.6457304331194986,0.6457304331194986,0.10673852268549665,0.17598207275468647,0.07154897144031824
sess_42_002666,870.12,upi,mobile_android,price_shock_breakdown,515,2,10,0.541,51.5,1,sms,1,0,0.3631189468483686,0.26900513210002774,0.2202427743860977,0.3631189468483686,0.14763314666550595
sess_42_002667,2730.7,netbanking,mobile_android,otp_timeout,592,2,10,0.875,59.2,0,sms,0,0,0.36489272043655063,0.08998143702404678,0.4456809751737707,0.36489272043655063,0.09944486736563182
sess_42_002668,3297.78,netbanking,mobile_android,otp_timeout,494,2,6,0.53,82.33,1,sms,1,0,0.36489272043655063,0.08998143702404678,0.4456809751737707,0.36489272043655063,0.09944486736563182
sess_42_002669,1673.54,upi,mobile_android,price_shock_breakdown,600,2,12,0.786,50.0,1,sms,0,0,0.23833084820766,0.32171299457016933,0.2633963223194074,0.23833084820766,0.17655983490276325
sess_42_002670,1455.44,upi,mobile_android,upi_app_switch_abort,352,2,7,0.454,50.29,0,sms,1,0,0.24031872484904457,0.1780324901391686,0.483942482820616,0.24031872484904457,0.0977063021911707
sess_42_002671,4727.12,card,mobile_android,price_shock_breakdown,470,1,6,0.588,78.33,0,whatsapp,1,1,0.579300138099923,0.11695868075619749,0.579300138099923,0.17448184855563614,0.12925933258824335
sess_42_002672,1317.8,netbanking,mobile_ios,otp_timeout,286,1,4,0.674,71.5,1,email,0,0,0.09091043026509557,0.16564960413762098,0.13562242514266395,0.6078175404546194,0.09091043026509557
sess_42_002673,1751.74,upi,mobile_android,price_shock_breakdown,401,1,6,0.715,66.83,0,whatsapp,0,0,0.2633963223194074,0.32171299457016933,0.2633963223194074,0.23833084820766,0.17655983490276325
sess_42_002674,1551.99,cod,mobile_android,price_shock_breakdown,358,2,8,0.594,44.75,0,none,0,0,0.32171299457016933,0.32171299457016933,0.2633963223194074,0.23833084820766,0.17655983490276325
sess_42_002675,11534.47,upi,mobile_android,price_shock_breakdown,521,1,8,0.658,65.12,0,none,0,0,0.11695868075619749,0.11695868075619749,0.579300138099923,0.17448184855563614,0.12925933258824335
sess_42_002676,962.97,upi,desktop,price_shock_breakdown,424,1,9,0.479,47.11,0,email,0,0,0.2782243497159696,0.22779083136758763,0.1864993589098446,0.30748546000659815,0.2782243497159696
sess_42_002677,3373.05,upi,mobile_android,vpa_validation_failure,600,2,12,0.641,50.0,1,whatsapp,1,0,0.579300138099923,0.11695868075619749,0.579300138099923,0.17448184855563614,0.12925933258824335
sess_42_002678,505.47,netbanking,mobile_android,price_shock_breakdown,513,1,5,0.601,102.6,1,sms,0,0,0.40318370559932304,0.2986858353899521,0.13420819701225414,0.40318370559932304,0.16392226199847068
sess_42_002679,881.44,card,mobile_android,otp_timeout,211,2,9,0.452,23.44,1,whatsapp,0,0,0.13562242514266395,0.16564960413762098,0.13562242514266395,0.6078175404546194,0.09091043026509557
sess_42_002680,1433.81,card,mobile_android,genuine_browse_abandon,453,1,8,0.706,56.62,1,none,0,0,0.6457304331194986,0.6457304331194986,0.10673852268549665,0.17598207275468647,0.07154897144031824
sess_42_002681,1638.9,cod,mobile_android,upi_app_switch_abort,315,3,14,0.938,22.5,0,whatsapp,0,0,0.5427974771347435,0.1996840325575982,0.5427974771347435,0.14792956969787008,0.10958892060978828
sess_42_002682,1471.71,card,mobile_android,price_shock_breakdown,485,1,7,0.696,69.29,1,whatsapp,0,0,0.2202427743860977,0.26900513210002774,0.2202427743860977,0.3631189468483686,0.14763314666550595
sess_42_002683,1678.14,upi,mobile_android,upi_app_switch_abort,107,2,10,0.463,10.7,1,whatsapp,0,0,0.5427974771347435,0.1996840325575982,0.5427974771347435,0.14792956969787008,0.10958892060978828
sess_42_002684,1078.4,cod,mobile_android,price_shock_breakdown,600,3,8,0.467,75.0,1,whatsapp,0,0,0.2202427743860977,0.26900513210002774,0.2202427743860977,0.3631189468483686,0.14763314666550595
sess_42_002685,4748.95,card,mobile_android,otp_timeout,600,2,8,0.821,75.0,0,sms,1,0,0.36489272043655063,0.08998143702404678,0.4456809751737707,0.36489272043655063,0.09944486736563182
sess_42_002686,853.79,card,mobile_android,otp_timeout,442,2,7,0.737,63.14,0,sms,0,0,0.6078175404546194,0.16564960413762098,0.13562242514266395,0.6078175404546194,0.09091043026509557
sess_42_002687,3160.04,upi,mobile_android,vpa_validation_failure,521,1,9,0.752,57.89,0,sms,0,0,0.17448184855563614,0.11695868075619749,0.579300138099923,0.17448184855563614,0.12925933258824335
sess_42_002688,3005.55,netbanking,mobile_ios,genuine_browse_abandon,510,2,6,0.842,85.0,0,whatsapp,0,0,0.39614560278704986,0.39614560278704986,0.39614560278704986,0.11931676263392972,0.0883920317919707
sess_42_002689,888.13,card,desktop,otp_timeout,102,2,11,0.517,9.27,0,sms,1,0,0.5468864821310532,0.14904395356123945,0.12202686834091331,0.5468864821310532,0.18204269596679412
sess_42_002690,1373.0,upi,mobile_android,upi_app_switch_abort,184,2,12,0.944,15.33,1,whatsapp,1,1,0.483942482820616,0.1780324901391686,0.483942482820616,0.24031872484904457,0.0977063021911707
sess_42_002691,1804.68,cod,mobile_android,price_shock_breakdown,583,1,8,0.749,72.88,1,whatsapp,0,0,0.2633963223194074,0.32171299457016933,0.2633963223194074,0.23833084820766,0.17655983490276325
sess_42_002692,6352.24,upi,mobile_android,price_shock_breakdown,139,1,5,0.911,27.8,0,email,0,0,0.12925933258824335,0.11695868075619749,0.579300138099923,0.17448184855563614,0.12925933258824335
sess_42_002693,1370.76,upi,mobile_ios,upi_app_switch_abort,472,2,6,0.708,78.67,1,whatsapp,1,0,0.483942482820616,0.1780324901391686,0.483942482820616,0.24031872484904457,0.0977063021911707
sess_42_002694,27384.22,card,mobile_android,price_shock_breakdown,600,2,8,0.844,75.0,1,none,0,0,0.11695868075619749,0.11695868075619749,0.579300138099923,0.17448184855563614,0.12925933258824335
sess_42_002695,3216.04,cod,mobile_android,price_shock_breakdown,600,1,4,0.69,150.0,0,none,0,0,0.11695868075619749,0.11695868075619749,0.579300138099923,0.17448184855563614,0.12925933258824335
sess_42_002696,2339.34,card,mobile_ios,upi_app_switch_abort,600,1,10,0.559,60.0,0,whatsapp,1,1,0.5427974771347435,0.1996840325575982,0.5427974771347435,0.14792956969787008,0.10958892060978828
sess_42_002697,3509.26,card,mobile_android,otp_timeout,600,1,4,0.872,150.0,0,none,1,0,0.08998143702404678,0.08998143702404678,0.4456809751737707,0.36489272043655063,0.09944486736563182
sess_42_002698,498.23,card,mobile_android,otp_timeout,82,1,9,0.679,9.11,0,none,0,0,0.17644659353817646,0.17644659353817646,0.0792825650965213,0.647434897682398,0.09683594368290428
sess_42_002699,4354.25,card,mobile_android,genuine_browse_abandon,264,1,5,0.575,52.8,0,whatsapp,0,0,0.39614560278704986,0.39614560278704986,0.39614560278704986,0.11931676263392972,0.0883920317919707
sess_42_002700,670.41,cod,mobile_ios,price_shock_breakdown,600,2,8,0.866,75.0,0,sms,0,0,0.40318370559932304,0.2986858353899521,0.13420819701225414,0.40318370559932304,0.16392226199847068
sess_42_002701,3471.16,upi,mobile_android,price_shock_breakdown,228,1,5,0.639,45.6,0,sms,0,0,0.17448184855563614,0.11695868075619749,0.579300138099923,0.17448184855563614,0.12925933258824335
sess_42_002702,1159.34,card,mobile_android,otp_timeout,128,1,6,0.581,21.33,1,email,0,0,0.09091043026509557,0.16564960413762098,0.13562242514266395,0.6078175404546194,0.09091043026509557
sess_42_002703,992.82,upi,mobile_android,upi_app_switch_abort,256,1,8,0.816,32.0,0,whatsapp,0,0,0.483942482820616,0.1780324901391686,0.483942482820616,0.24031872484904457,0.0977063021911707
sess_42_002704,6832.06,upi,mobile_android,vpa_validation_failure,90,2,12,0.628,7.5,1,email,1,0,0.12925933258824335,0.11695868075619749,0.579300138099923,0.17448184855563614,0.12925933258824335
sess_42_002705,1677.83,cod,mobile_android,genuine_browse_abandon,512,1,7,0.61,73.14,0,none,0,0,0.7014242657747766,0.7014242657747766,0.11594465130421318,0.10491105892118391,0.07772002399982632
sess_42_002706,573.47,card,mobile_android,price_shock_breakdown,600,1,7,0.862,85.71,0,email,0,0,0.16392226199847068,0.2986858353899521,0.13420819701225414,0.40318370559932304,0.16392226199847068
sess_42_002707,3755.92,cod,mobile_android,price_shock_breakdown,465,1,4,0.786,116.25,1,email,0,0,0.12925933258824335,0.11695868075619749,0.579300138099923,0.17448184855563614,0.12925933258824335
sess_42_002708,723.8,cod,mobile_ios,upi_app_switch_abort,574,1,6,0.536,95.67,0,whatsapp,1,1,0.3397850697075843,0.22776474356861084,0.3397850697075843,0.30745024516137914,0.12499994156242572
sess_42_002709,5016.87,upi,mobile_android,vpa_validation_failure,409,1,10,0.488,40.9,0,sms,1,0,0.17448184855563614,0.11695868075619749,0.579300138099923,0.17448184855563614,0.12925933258824335
sess_42_002710,1786.2,upi,desktop,upi_app_switch_abort,469,1,4,0.63,117.25,1,email,1,0,0.2150166630655208,0.17604075447594858,0.47852838396019126,0.13041419849833935,0.2150166630655208
sess_42_002711,695.5,cod,desktop,price_shock_breakdown,397,1,8,0.679,49.62,1,none,1,1,0.24871968248815027,0.24871968248815027,0.11175695728796482,0.3357364540241366,0.3037869061997484
sess_42_002712,3347.6,upi,mobile_ios,price_shock_breakdown,238,2,7,0.537,34.0,0,none,0,0,0.11695868075619749,0.11695868075619749,0.579300138099923,0.17448184855563614,0.12925933258824335
sess_42_002713,2672.83,netbanking,mobile_android,price_shock_breakdown,412,1,6,0.923,68.67,0,whatsapp,0,0,0.579300138099923,0.11695868075619749,0.579300138099923,0.17448184855563614,0.12925933258824335
sess_42_002714,367.78,cod,mobile_android,price_shock_breakdown,165,2,9,0.579,18.33,0,none,1,0,0.2986858353899521,0.2986858353899521,0.13420819701225414,0.40318370559932304,0.16392226199847068
sess_42_002715,1724.06,upi,mobile_android,upi_app_switch_abort,291,2,8,0.505,36.38,1,whatsapp,0,0,0.5427974771347435,0.1996840325575982,0.5427974771347435,0.14792956969787008,0.10958892060978828
sess_42_002716,2262.31,netbanking,mobile_android,price_shock_breakdown,467,3,11,0.503,42.45,0,email,1,0,0.17655983490276325,0.32171299457016933,0.2633963223194074,0.23833084820766,0.17655983490276325
sess_42_002717,2165.48,netbanking,desktop,price_shock_breakdown,583,1,4,0.473,145.75,0,email,1,1,0.32304108720794833,0.2644836726048936,0.21654091644863488,0.19593432373852326,0.32304108720794833
sess_42_002718,1574.12,upi,mobile_android,price_shock_breakdown,255,2,9,0.592,28.33,0,none,0,0,0.32171299457016933,0.32171299457016933,0.2633963223194074,0.23833084820766,0.17655983490276325
sess_42_002719,3161.29,card,mobile_ios,upi_app_switch_abort,454,1,7,0.512,64.86,0,whatsapp,1,0,0.8204386747606477,0.049994806056778376,0.8204386747606477,0.07442851737376392,0.0551380018088101
sess_42_002720,2770.29,cod,desktop,price_shock_breakdown,414,2,8,0.763,51.75,0,whatsapp,0,0,0.5000810046968293,0.10096461356355876,0.5000810046968293,0.1506215041019237,0.24833287763768827
sess_42_002721,1850.77,card,desktop,upi_app_switch_abort,489,3,14,0.779,34.93,1,whatsapp,0,0,0.47852838396019126,0.17604075447594858,0.47852838396019126,0.13041419849833935,0.2150166630655208
sess_42_002722,1514.33,netbanking,mobile_android,genuine_browse_abandon,266,2,11,0.499,24.18,0,none,0,0,0.7014242657747766,0.7014242657747766,0.11594465130421318,0.10491105892118391,0.07772002399982632
sess_42_002723,2020.48,upi,desktop,upi_app_switch_abort,244,2,9,0.85,27.11,0,whatsapp,1,0,0.47852838396019126,0.17604075447594858,0.47852838396019126,0.13041419849833935,0.2150166630655208
sess_42_002724,1149.67,cod,mobile_android,genuine_browse_abandon,600,2,6,0.804,100.0,0,none,0,0,0.6457304331194986,0.6457304331194986,0.10673852268549665,0.17598207275468647,0.07154897144031824
sess_42_002725,839.77,cod,mobile_ios,price_shock_breakdown,325,1,4,0.619,81.25,0,whatsapp,0,0,0.2202427743860977,0.26900513210002774,0.2202427743860977,0.3631189468483686,0.14763314666550595
sess_42_002726,778.33,upi,mobile_ios,price_shock_breakdown,269,1,8,0.609,33.62,0,sms,1,0,0.40318370559932304,0.2986858353899521,0.13420819701225414,0.40318370559932304,0.16392226199847068
sess_42_002727,1677.38,cod,mobile_android,vpa_validation_failure,368,2,10,0.536,36.8,0,none,1,0,0.32171299457016933,0.32171299457016933,0.2633963223194074,0.23833084820766,0.17655983490276325
sess_42_002728,950.23,upi,mobile_android,vpa_validation_failure,244,1,4,0.638,61.0,0,sms,0,0,0.3631189468483686,0.26900513210002774,0.2202427743860977,0.3631189468483686,0.14763314666550595
sess_42_002729,1605.03,upi,mobile_android,genuine_browse_abandon,169,1,4,0.646,42.25,0,none,0,0,0.7014242657747766,0.7014242657747766,0.11594465130421318,0.10491105892118391,0.07772002399982632
sess_42_002730,4902.85,card,mobile_android,otp_timeout,110,2,12,0.648,9.17,1,sms,0,0,0.36489272043655063,0.08998143702404678,0.4456809751737707,0.36489272043655063,0.09944486736563182
sess_42_002731,1547.97,card,mobile_android,upi_app_switch_abort,390,2,12,0.524,32.5,1,none,1,0,0.1996840325575982,0.1996840325575982,0.5427974771347435,0.14792956969787008,0.10958892060978828
sess_42_002732,2005.45,upi,mobile_android,price_shock_breakdown,289,1,4,0.477,72.25,0,sms,0,0,0.23833084820766,0.32171299457016933,0.2633963223194074,0.23833084820766,0.17655983490276325
sess_42_002733,1523.05,card,mobile_android,price_shock_breakdown,462,2,9,0.86,51.33,0,whatsapp,0,0,0.2633963223194074,0.32171299457016933,0.2633963223194074,0.23833084820766,0.17655983490276325
sess_42_002734,4816.87,upi,mobile_android,upi_app_switch_abort,274,1,7,0.503,39.14,1,whatsapp,0,0,0.8204386747606477,0.049994806056778376,0.8204386747606477,0.07442851737376392,0.0551380018088101
sess_42_002735,6268.82,card,mobile_android,otp_timeout,223,1,8,0.864,27.88,0,sms,0,0,0.36489272043655063,0.08998143702404678,0.4456809751737707,0.36489272043655063,0.09944486736563182
sess_42_002736,1271.37,upi,mobile_android,otp_timeout,600,1,6,0.742,100.0,1,sms,0,0,0.6078175404546194,0.16564960413762098,0.13562242514266395,0.6078175404546194,0.09091043026509557
sess_42_002737,3120.81,card,mobile_android,upi_app_switch_abort,121,3,14,0.794,8.64,0,whatsapp,1,1,0.8204386747606477,0.049994806056778376,0.8204386747606477,0.07442851737376392,0.0551380018088101
sess_42_002738,8676.39,cod,desktop,vpa_validation_failure,117,3,12,0.637,9.75,0,email,0,0,0.24833287763768827,0.10096461356355876,0.5000810046968293,0.1506215041019237,0.24833287763768827
sess_42_002739,757.12,card,desktop,otp_timeout,452,1,9,0.51,50.22,1,sms,0,0,0.5787508260162643,0.1577280003341284,0.07087175900241471,0.5787508260162643,0.19264941464719262
sess_42_002740,3771.56,cod,mobile_android,genuine_browse_abandon,122,1,7,0.643,17.43,1,whatsapp,0,0,0.39614560278704986,0.39614560278704986,0.39614560278704986,0.11931676263392972,0.0883920317919707
sess_42_002741,490.03,upi,mobile_android,genuine_browse_abandon,600,1,7,0.736,85.71,0,sms,0,0,0.18488603235859524,0.6784017024227375,0.061543213951843805,0.18488603235859524,0.07516905126682347
sess_42_002742,1848.66,netbanking,mobile_android,price_shock_breakdown,321,1,10,0.689,32.1,0,sms,0,0,0.23833084820766,0.32171299457016933,0.2633963223194074,0.23833084820766,0.17655983490276325
sess_42_002743,1627.73,upi,mobile_android,vpa_validation_failure,334,1,6,0.866,55.67,0,email,1,1,0.17655983490276325,0.32171299457016933,0.2633963223194074,0.23833084820766,0.17655983490276325
sess_42_002744,502.57,netbanking,mobile_ios,genuine_browse_abandon,289,1,6,0.484,48.17,0,sms,0,0,0.18488603235859524,0.6784017024227375,0.061543213951843805,0.18488603235859524,0.07516905126682347
sess_42_002745,4092.54,card,mobile_android,genuine_browse_abandon,452,1,10,0.805,45.2,0,whatsapp,0,0,0.39614560278704986,0.39614560278704986,0.39614560278704986,0.11931676263392972,0.0883920317919707
sess_42_002746,2019.75,upi,mobile_android,upi_app_switch_abort,298,2,8,0.7,37.25,1,whatsapp,0,0,0.5427974771347435,0.1996840325575982,0.5427974771347435,0.14792956969787008,0.10958892060978828
sess_42_002747,901.95,cod,mobile_android,price_shock_breakdown,70,2,6,0.724,11.67,0,sms,0,0,0.3631189468483686,0.26900513210002774,0.2202427743860977,0.3631189468483686,0.14763314666550595
sess_42_002748,2313.31,cod,mobile_android,price_shock_breakdown,160,1,8,0.521,20.0,0,whatsapp,0,0,0.2633963223194074,0.32171299457016933,0.2633963223194074,0.23833084820766,0.17655983490276325
sess_42_002749,3561.28,card,mobile_ios,genuine_browse_abandon,547,2,8,0.757,68.38,1,whatsapp,0,0,0.39614560278704986,0.39614560278704986,0.39614560278704986,0.11931676263392972,0.0883920317919707
sess_42_002750,479.82,upi,mobile_android,otp_timeout,102,1,4,0.678,25.5,0,sms,0,0,0.647434897682398,0.17644659353817646,0.0792825650965213,0.647434897682398,0.09683594368290428
sess_42_002751,170.51,upi,mobile_android,upi_app_switch_abort,352,1,7,0.915,50.29,0,none,1,0,0.22776474356861084,0.22776474356861084,0.3397850697075843,0.30745024516137914,0.12499994156242572
sess_42_002752,1751.99,cod,mobile_android,genuine_browse_abandon,600,1,7,0.737,85.71,1,none,0,0,0.7014242657747766,0.7014242657747766,0.11594465130421318,0.10491105892118391,0.07772002399982632
sess_42_002753,1016.16,cod,mobile_android,price_shock_breakdown,370,1,10,0.703,37.0,0,sms,0,0,0.3631189468483686,0.26900513210002774,0.2202427743860977,0.3631189468483686,0.14763314666550595
sess_42_002754,4933.8,card,mobile_android,otp_timeout,564,1,6,0.523,94.0,1,sms,1,0,0.36489272043655063,0.08998143702404678,0.4456809751737707,0.36489272043655063,0.09944486736563182
sess_42_002755,1369.48,cod,mobile_android,genuine_browse_abandon,387,1,5,0.499,77.4,1,none,0,0,0.6457304331194986,0.6457304331194986,0.10673852268549665,0.17598207275468647,0.07154897144031824
sess_42_002756,2280.34,upi,mobile_ios,price_shock_breakdown,229,1,6,0.656,38.17,1,none,0,0,0.32171299457016933,0.32171299457016933,0.2633963223194074,0.23833084820766,0.17655983490276325
sess_42_002757,1571.47,card,mobile_ios,otp_timeout,358,1,8,0.782,44.75,1,none,0,0,0.2282430144379751,0.2282430144379751,0.18686957509559202,0.45962498828569537,0.12526242218073758
sess_42_002758,567.1,upi,mobile_android,upi_app_switch_abort,394,3,11,0.504,35.82,0,whatsapp,1,0,0.3397850697075843,0.22776474356861084,0.3397850697075843,0.30745024516137914,0.12499994156242572
sess_42_002759,1849.9,upi,mobile_android,upi_app_switch_abort,600,2,10,0.888,60.0,0,whatsapp,1,0,0.5427974771347435,0.1996840325575982,0.5427974771347435,0.14792956969787008,0.10958892060978828
sess_42_002760,668.71,cod,mobile_android,price_shock_breakdown,359,3,8,0.857,44.88,0,sms,1,0,0.40318370559932304,0.2986858353899521,0.13420819701225414,0.40318370559932304,0.16392226199847068
sess_42_002761,644.62,upi,mobile_android,price_shock_breakdown,69,2,12,0.455,5.75,0,sms,0,0,0.40318370559932304,0.2986858353899521,0.13420819701225414,0.40318370559932304,0.16392226199847068
sess_42_002762,793.79,card,mobile_ios,genuine_browse_abandon,393,1,6,0.818,65.5,0,sms,0,0,0.18488603235859524,0.6784017024227375,0.061543213951843805,0.18488603235859524,0.07516905126682347
sess_42_002763,743.23,cod,mobile_ios,genuine_browse_abandon,288,1,10,0.906,28.8,1,none,0,0,0.6784017024227375,0.6784017024227375,0.061543213951843805,0.18488603235859524,0.07516905126682347
sess_42_002764,1544.03,upi,mobile_ios,price_shock_breakdown,543,1,8,0.74,67.88,0,sms,0,0,0.23833084820766,0.32171299457016933,0.2633963223194074,0.23833084820766,0.17655983490276325
sess_42_002765,1347.5,upi,mobile_android,upi_app_switch_abort,338,2,9,0.777,37.56,0,whatsapp,1,0,0.483942482820616,0.1780324901391686,0.483942482820616,0.24031872484904457,0.0977063021911707
sess_42_002766,2237.48,card,mobile_ios,otp_timeout,431,3,14,0.548,30.79,0,none,0,0,0.2282430144379751,0.2282430144379751,0.18686957509559202,0.45962498828569537,0.12526242218073758
sess_42_002767,555.22,upi,mobile_android,price_shock_breakdown,600,2,6,0.689,100.0,0,sms,0,0,0.40318370559932304,0.2986858353899521,0.13420819701225414,0.40318370559932304,0.16392226199847068
sess_42_002768,1497.02,netbanking,mobile_android,otp_timeout,445,2,12,0.671,37.08,0,sms,0,0,0.6078175404546194,0.16564960413762098,0.13562242514266395,0.6078175404546194,0.09091043026509557
sess_42_002769,1260.17,upi,mobile_android,upi_app_switch_abort,472,1,9,0.589,52.44,0,email,0,0,0.0977063021911707,0.1780324901391686,0.483942482820616,0.24031872484904457,0.0977063021911707
sess_42_002770,2102.86,cod,mobile_android,vpa_validation_failure,272,2,8,0.674,34.0,0,sms,0,0,0.23833084820766,0.32171299457016933,0.2633963223194074,0.23833084820766,0.17655983490276325
sess_42_002771,2179.87,cod,mobile_ios,genuine_browse_abandon,193,2,7,0.439,27.57,0,sms,0,0,0.10491105892118391,0.7014242657747766,0.11594465130421318,0.10491105892118391,0.07772002399982632
sess_42_002772,2032.88,netbanking,mobile_ios,otp_timeout,178,2,8,0.553,22.25,0,email,1,1,0.12526242218073758,0.2282430144379751,0.18686957509559202,0.45962498828569537,0.12526242218073758
sess_42_002773,860.31,cod,mobile_ios,otp_timeout,147,2,11,0.614,13.36,0,sms,0,0,0.6078175404546194,0.16564960413762098,0.13562242514266395,0.6078175404546194,0.09091043026509557
sess_42_002774,1841.84,card,mobile_android,price_shock_breakdown,169,1,4,0.508,42.25,1,whatsapp,0,0,0.2633963223194074,0.32171299457016933,0.2633963223194074,0.23833084820766,0.17655983490276325
sess_42_002775,1230.4,netbanking,mobile_android,price_shock_breakdown,148,2,9,0.513,16.44,0,none,0,0,0.26900513210002774,0.26900513210002774,0.2202427743860977,0.3631189468483686,0.14763314666550595
sess_42_002776,4844.75,card,mobile_android,otp_timeout,455,1,4,0.688,113.75,0,sms,1,0,0.36489272043655063,0.08998143702404678,0.4456809751737707,0.36489272043655063,0.09944486736563182
sess_42_002777,1964.0,upi,mobile_android,price_shock_breakdown,600,1,4,0.89,150.0,1,email,0,0,0.17655983490276325,0.32171299457016933,0.2633963223194074,0.23833084820766,0.17655983490276325
sess_42_002778,1918.95,cod,mobile_android,price_shock_breakdown,567,2,9,0.705,63.0,0,email,0,0,0.17655983490276325,0.32171299457016933,0.2633963223194074,0.23833084820766,0.17655983490276325
sess_42_002779,691.82,cod,mobile_android,upi_app_switch_abort,430,1,4,0.79,107.5,1,whatsapp,1,0,0.3397850697075843,0.22776474356861084,0.3397850697075843,0.30745024516137914,0.12499994156242572
sess_42_002780,1161.19,cod,mobile_ios,price_shock_breakdown,250,1,8,0.605,31.25,0,whatsapp,0,0,0.2202427743860977,0.26900513210002774,0.2202427743860977,0.3631189468483686,0.14763314666550595
sess_42_002781,2195.35,upi,mobile_ios,upi_app_switch_abort,373,1,4,0.905,93.25,0,none,1,0,0.1996840325575982,0.1996840325575982,0.5427974771347435,0.14792956969787008,0.10958892060978828
sess_42_002782,1704.37,upi,mobile_android,price_shock_breakdown,203,1,10,0.618,20.3,1,whatsapp,0,0,0.2633963223194074,0.32171299457016933,0.2633963223194074,0.23833084820766,0.17655983490276325
sess_42_002783,1690.63,upi,mobile_android,upi_app_switch_abort,222,2,7,0.898,31.71,0,whatsapp,1,0,0.5427974771347435,0.1996840325575982,0.5427974771347435,0.14792956969787008,0.10958892060978828
sess_42_002784,485.28,card,mobile_android,otp_timeout,366,2,12,0.881,30.5,1,none,1,0,0.17644659353817646,0.17644659353817646,0.0792825650965213,0.647434897682398,0.09683594368290428
sess_42_002785,981.86,cod,mobile_ios,price_shock_breakdown,600,1,5,0.84,120.0,0,none,1,1,0.26900513210002774,0.26900513210002774,0.2202427743860977,0.3631189468483686,0.14763314666550595
sess_42_002786,1471.16,cod,mobile_android,genuine_browse_abandon,320,1,6,0.903,53.33,0,none,1,1,0.6457304331194986,0.6457304331194986,0.10673852268549665,0.17598207275468647,0.07154897144031824
sess_42_002787,4452.68,card,mobile_android,otp_timeout,453,2,7,0.863,64.71,0,whatsapp,0,0,0.4456809751737707,0.08998143702404678,0.4456809751737707,0.36489272043655063,0.09944486736563182
sess_42_002788,437.77,netbanking,mobile_android,genuine_browse_abandon,278,2,11,0.909,25.27,0,none,0,0,0.6784017024227375,0.6784017024227375,0.061543213951843805,0.18488603235859524,0.07516905126682347
sess_42_002789,826.28,card,mobile_android,price_shock_breakdown,600,2,12,0.695,50.0,1,sms,1,0,0.3631189468483686,0.26900513210002774,0.2202427743860977,0.3631189468483686,0.14763314666550595
sess_42_002790,435.43,netbanking,mobile_android,price_shock_breakdown,217,1,10,0.555,21.7,0,sms,0,0,0.40318370559932304,0.2986858353899521,0.13420819701225414,0.40318370559932304,0.16392226199847068
sess_42_002791,2307.81,card,desktop,otp_timeout,214,1,7,0.757,30.57,0,sms,1,1,0.39845628103298136,0.19786753336435833,0.16200023460108376,0.39845628103298136,0.24167595100157666
sess_42_002792,4401.14,netbanking,mobile_android,otp_timeout,600,1,5,0.65,120.0,1,whatsapp,1,0,0.4456809751737707,0.08998143702404678,0.4456809751737707,0.36489272043655063,0.09944486736563182
sess_42_002793,2369.39,netbanking,mobile_android,genuine_browse_abandon,373,2,6,0.467,62.17,1,none,0,0,0.7014242657747766,0.7014242657747766,0.11594465130421318,0.10491105892118391,0.07772002399982632
sess_42_002794,2787.54,upi,mobile_android,upi_app_switch_abort,562,2,7,0.865,80.29,0,whatsapp,0,0,0.8204386747606477,0.049994806056778376,0.8204386747606477,0.07442851737376392,0.0551380018088101
sess_42_002795,833.78,upi,mobile_android,price_shock_breakdown,313,2,6,0.424,52.17,0,sms,0,0,0.3631189468483686,0.26900513210002774,0.2202427743860977,0.3631189468483686,0.14763314666550595
sess_42_002796,2385.28,cod,mobile_android,genuine_browse_abandon,600,2,8,0.589,75.0,0,none,0,0,0.7014242657747766,0.7014242657747766,0.11594465130421318,0.10491105892118391,0.07772002399982632
sess_42_002797,1012.98,netbanking,mobile_android,otp_timeout,153,2,10,0.455,15.3,0,none,1,0,0.16564960413762098,0.16564960413762098,0.13562242514266395,0.6078175404546194,0.09091043026509557
sess_42_002798,1890.91,card,mobile_android,price_shock_breakdown,320,1,9,0.627,35.56,1,whatsapp,0,0,0.2633963223194074,0.32171299457016933,0.2633963223194074,0.23833084820766,0.17655983490276325
sess_42_002799,2635.47,netbanking,mobile_android,otp_timeout,307,2,10,0.491,30.7,1,whatsapp,0,0,0.4456809751737707,0.08998143702404678,0.4456809751737707,0.36489272043655063,0.09944486736563182
sess_42_002800,1452.52,cod,mobile_ios,genuine_browse_abandon,600,2,8,0.806,75.0,1,email,0,0,0.07154897144031824,0.6457304331194986,0.10673852268549665,0.17598207275468647,0.07154897144031824
sess_42_002801,3344.67,cod,mobile_android,price_shock_breakdown,156,2,10,0.784,15.6,1,whatsapp,0,0,0.579300138099923,0.11695868075619749,0.579300138099923,0.17448184855563614,0.12925933258824335
sess_42_002802,1599.28,cod,mobile_android,price_shock_breakdown,585,2,6,0.435,97.5,0,email,0,0,0.17655983490276325,0.32171299457016933,0.2633963223194074,0.23833084820766,0.17655983490276325
sess_42_002803,2219.91,netbanking,mobile_android,otp_timeout,600,1,8,0.51,75.0,1,none,1,0,0.2282430144379751,0.2282430144379751,0.18686957509559202,0.45962498828569537,0.12526242218073758
sess_42_002804,7466.85,card,mobile_android,upi_app_switch_abort,225,2,12,0.519,18.75,0,whatsapp,1,0,0.8204386747606477,0.049994806056778376,0.8204386747606477,0.07442851737376392,0.0551380018088101
sess_42_002805,2625.74,card,mobile_android,price_shock_breakdown,345,3,12,0.843,28.75,1,whatsapp,1,0,0.579300138099923,0.11695868075619749,0.579300138099923,0.17448184855563614,0.12925933258824335
sess_42_002806,1030.67,upi,mobile_android,upi_app_switch_abort,471,2,11,0.741,42.82,1,whatsapp,0,0,0.483942482820616,0.1780324901391686,0.483942482820616,0.24031872484904457,0.0977063021911707
sess_42_002807,1260.98,cod,mobile_ios,otp_timeout,162,1,9,0.683,18.0,0,sms,0,0,0.6078175404546194,0.16564960413762098,0.13562242514266395,0.6078175404546194,0.09091043026509557
sess_42_002808,3480.13,netbanking,mobile_ios,price_shock_breakdown,251,2,6,0.87,41.83,1,whatsapp,0,0,0.579300138099923,0.11695868075619749,0.579300138099923,0.17448184855563614,0.12925933258824335
sess_42_002809,3952.21,cod,mobile_android,otp_timeout,332,2,6,0.554,55.33,0,email,1,1,0.09944486736563182,0.08998143702404678,0.4456809751737707,0.36489272043655063,0.09944486736563182
sess_42_002810,1759.28,upi,mobile_ios,price_shock_breakdown,565,2,11,0.585,51.36,1,email,0,0,0.17655983490276325,0.32171299457016933,0.2633963223194074,0.23833084820766,0.17655983490276325
sess_42_002811,575.18,card,mobile_android,price_shock_breakdown,590,2,10,0.838,59.0,0,sms,0,0,0.40318370559932304,0.2986858353899521,0.13420819701225414,0.40318370559932304,0.16392226199847068
sess_42_002812,886.53,cod,desktop,genuine_browse_abandon,397,1,4,0.436,99.25,1,whatsapp,0,0,0.09813356405833273,0.5936734669792981,0.09813356405833273,0.16179489443258677,0.14639807452978248
sess_42_002813,2070.53,cod,mobile_ios,otp_timeout,590,2,7,0.777,84.29,1,whatsapp,0,0,0.18686957509559202,0.2282430144379751,0.18686957509559202,0.45962498828569537,0.12526242218073758
sess_42_002814,2794.15,upi,mobile_android,vpa_validation_failure,600,1,5,0.693,120.0,0,whatsapp,0,0,0.579300138099923,0.11695868075619749,0.579300138099923,0.17448184855563614,0.12925933258824335
sess_42_002815,3841.35,upi,mobile_android,price_shock_breakdown,113,1,5,0.653,22.6,1,email,0,0,0.12925933258824335,0.11695868075619749,0.579300138099923,0.17448184855563614,0.12925933258824335
sess_42_002816,393.81,card,mobile_ios,price_shock_breakdown,407,1,4,0.436,101.75,0,email,0,0,0.16392226199847068,0.2986858353899521,0.13420819701225414,0.40318370559932304,0.16392226199847068
sess_42_002817,3475.88,netbanking,mobile_ios,otp_timeout,600,3,13,0.538,46.15,0,whatsapp,0,0,0.4456809751737707,0.08998143702404678,0.4456809751737707,0.36489272043655063,0.09944486736563182
sess_42_002818,5272.48,upi,mobile_android,upi_app_switch_abort,209,2,8,0.602,26.12,0,whatsapp,1,1,0.8204386747606477,0.049994806056778376,0.8204386747606477,0.07442851737376392,0.0551380018088101
sess_42_002819,300.31,cod,mobile_android,vpa_validation_failure,397,2,12,0.768,33.08,1,sms,0,0,0.40318370559932304,0.2986858353899521,0.13420819701225414,0.40318370559932304,0.16392226199847068
sess_42_002820,1800.86,upi,mobile_android,upi_app_switch_abort,221,1,6,0.528,36.83,0,none,0,0,0.1996840325575982,0.1996840325575982,0.5427974771347435,0.14792956969787008,0.10958892060978828
sess_42_002821,3191.77,upi,mobile_ios,vpa_validation_failure,474,2,8,0.932,59.25,1,whatsapp,1,0,0.579300138099923,0.11695868075619749,0.579300138099923,0.17448184855563614,0.12925933258824335
sess_42_002822,627.3,card,desktop,price_shock_breakdown,349,1,8,0.897,43.62,1,none,0,0,0.24871968248815027,0.24871968248815027,0.11175695728796482,0.3357364540241366,0.3037869061997484
sess_42_002823,1243.2,cod,mobile_android,price_shock_breakdown,537,1,7,0.812,76.71,1,none,0,0,0.26900513210002774,0.26900513210002774,0.2202427743860977,0.3631189468483686,0.14763314666550595
sess_42_002824,2752.2,cod,mobile_android,genuine_browse_abandon,299,1,5,0.765,59.8,0,whatsapp,0,0,0.39614560278704986,0.39614560278704986,0.39614560278704986,0.11931676263392972,0.0883920317919707
sess_42_002825,1221.65,cod,mobile_android,price_shock_breakdown,593,2,10,0.824,59.3,1,sms,0,0,0.3631189468483686,0.26900513210002774,0.2202427743860977,0.3631189468483686,0.14763314666550595
sess_42_002826,1376.47,cod,mobile_ios,genuine_browse_abandon,220,2,8,0.792,27.5,0,none,1,0,0.6457304331194986,0.6457304331194986,0.10673852268549665,0.17598207275468647,0.07154897144031824
sess_42_002827,2133.68,cod,mobile_android,otp_timeout,319,2,12,0.685,26.58,0,sms,1,1,0.45962498828569537,0.2282430144379751,0.18686957509559202,0.45962498828569537,0.12526242218073758
sess_42_002828,751.94,upi,mobile_ios,price_shock_breakdown,546,1,4,0.468,136.5,1,none,1,1,0.2986858353899521,0.2986858353899521,0.13420819701225414,0.40318370559932304,0.16392226199847068
sess_42_002829,812.27,netbanking,mobile_android,otp_timeout,600,2,10,0.527,60.0,1,email,1,0,0.09091043026509557,0.16564960413762098,0.13562242514266395,0.6078175404546194,0.09091043026509557
sess_42_002830,2569.07,card,mobile_android,genuine_browse_abandon,282,1,4,0.843,70.5,0,none,0,0,0.39614560278704986,0.39614560278704986,0.39614560278704986,0.11931676263392972,0.0883920317919707
sess_42_002831,3683.82,cod,mobile_android,otp_timeout,541,2,10,0.896,54.1,0,whatsapp,0,0,0.4456809751737707,0.08998143702404678,0.4456809751737707,0.36489272043655063,0.09944486736563182
sess_42_002832,2437.9,cod,mobile_android,otp_timeout,366,2,6,0.647,61.0,1,sms,0,0,0.45962498828569537,0.2282430144379751,0.18686957509559202,0.45962498828569537,0.12526242218073758
sess_42_002833,5018.7,card,desktop,price_shock_breakdown,301,2,8,0.789,37.62,0,email,0,0,0.24833287763768827,0.10096461356355876,0.5000810046968293,0.1506215041019237,0.24833287763768827
sess_42_002834,2476.89,upi,mobile_android,upi_app_switch_abort,279,1,9,0.823,31.0,0,none,1,0,0.1996840325575982,0.1996840325575982,0.5427974771347435,0.14792956969787008,0.10958892060978828
sess_42_002835,7224.79,upi,mobile_ios,genuine_browse_abandon,533,1,6,0.718,88.83,1,whatsapp,0,0,0.39614560278704986,0.39614560278704986,0.39614560278704986,0.11931676263392972,0.0883920317919707
sess_42_002836,1899.49,upi,desktop,upi_app_switch_abort,600,1,6,0.467,100.0,0,whatsapp,1,0,0.47852838396019126,0.17604075447594858,0.47852838396019126,0.13041419849833935,0.2150166630655208
sess_42_002837,2185.33,card,mobile_ios,otp_timeout,560,2,12,0.465,46.67,0,none,0,0,0.2282430144379751,0.2282430144379751,0.18686957509559202,0.45962498828569537,0.12526242218073758
sess_42_002838,2446.47,upi,desktop,upi_app_switch_abort,291,2,7,0.532,41.57,0,whatsapp,0,0,0.47852838396019126,0.17604075447594858,0.47852838396019126,0.13041419849833935,0.2150166630655208
sess_42_002839,1128.87,cod,mobile_android,price_shock_breakdown,428,2,6,0.561,71.33,1,none,0,0,0.26900513210002774,0.26900513210002774,0.2202427743860977,0.3631189468483686,0.14763314666550595
sess_42_002840,1010.25,upi,mobile_android,price_shock_breakdown,130,1,5,0.511,26.0,1,whatsapp,1,0,0.2202427743860977,0.26900513210002774,0.2202427743860977,0.3631189468483686,0.14763314666550595
sess_42_002841,920.52,upi,mobile_android,genuine_browse_abandon,542,1,7,0.652,77.43,0,none,0,0,0.6457304331194986,0.6457304331194986,0.10673852268549665,0.17598207275468647,0.07154897144031824
sess_42_002842,1191.78,cod,mobile_ios,genuine_browse_abandon,253,1,7,0.716,36.14,1,sms,0,0,0.17598207275468647,0.6457304331194986,0.10673852268549665,0.17598207275468647,0.07154897144031824
sess_42_002843,8544.69,upi,mobile_ios,genuine_browse_abandon,484,1,4,0.495,121.0,1,whatsapp,0,0,0.39614560278704986,0.39614560278704986,0.39614560278704986,0.11931676263392972,0.0883920317919707
sess_42_002844,7087.65,upi,mobile_ios,otp_timeout,600,2,7,0.759,85.71,0,sms,0,0,0.36489272043655063,0.08998143702404678,0.4456809751737707,0.36489272043655063,0.09944486736563182
sess_42_002845,1413.82,cod,mobile_android,price_shock_breakdown,545,1,4,0.81,136.25,0,whatsapp,0,0,0.2202427743860977,0.26900513210002774,0.2202427743860977,0.3631189468483686,0.14763314666550595
sess_42_002846,1318.96,netbanking,mobile_android,vpa_validation_failure,597,2,10,0.926,59.7,1,none,1,0,0.26900513210002774,0.26900513210002774,0.2202427743860977,0.3631189468483686,0.14763314666550595
sess_42_002847,361.35,card,mobile_ios,price_shock_breakdown,501,1,4,0.809,125.25,1,sms,0,0,0.40318370559932304,0.2986858353899521,0.13420819701225414,0.40318370559932304,0.16392226199847068
sess_42_002848,857.74,upi,mobile_android,genuine_browse_abandon,600,2,12,0.806,50.0,0,none,0,0,0.6457304331194986,0.6457304331194986,0.10673852268549665,0.17598207275468647,0.07154897144031824
sess_42_002849,985.35,card,mobile_android,otp_timeout,452,1,7,0.483,64.57,0,none,0,0,0.16564960413762098,0.16564960413762098,0.13562242514266395,0.6078175404546194,0.09091043026509557
sess_42_002850,1300.15,cod,mobile_android,price_shock_breakdown,426,2,9,0.8,47.33,1,none,0,0,0.26900513210002774,0.26900513210002774,0.2202427743860977,0.3631189468483686,0.14763314666550595
sess_42_002851,1179.37,card,mobile_ios,otp_timeout,189,1,8,0.775,23.62,0,sms,0,0,0.6078175404546194,0.16564960413762098,0.13562242514266395,0.6078175404546194,0.09091043026509557
sess_42_002852,2124.03,upi,mobile_android,genuine_browse_abandon,426,3,14,0.664,30.43,0,whatsapp,0,0,0.11594465130421318,0.7014242657747766,0.11594465130421318,0.10491105892118391,0.07772002399982632
sess_42_002853,3233.15,upi,mobile_android,price_shock_breakdown,105,2,7,0.916,15.0,1,whatsapp,0,0,0.579300138099923,0.11695868075619749,0.579300138099923,0.17448184855563614,0.12925933258824335
sess_42_002854,1047.49,upi,desktop,price_shock_breakdown,364,3,11,0.565,33.09,1,email,1,0,0.2782243497159696,0.22779083136758763,0.1864993589098446,0.30748546000659815,0.2782243497159696
sess_42_002855,5311.85,upi,mobile_android,vpa_validation_failure,335,2,9,0.839,37.22,0,none,1,1,0.11695868075619749,0.11695868075619749,0.579300138099923,0.17448184855563614,0.12925933258824335
sess_42_002856,2343.15,upi,mobile_ios,price_shock_breakdown,445,1,10,0.754,44.5,0,none,0,0,0.32171299457016933,0.32171299457016933,0.2633963223194074,0.23833084820766,0.17655983490276325
sess_42_002857,3519.98,netbanking,mobile_ios,genuine_browse_abandon,537,1,10,0.601,53.7,0,none,0,0,0.39614560278704986,0.39614560278704986,0.39614560278704986,0.11931676263392972,0.0883920317919707
sess_42_002858,1300.29,cod,mobile_android,otp_timeout,500,2,8,0.884,62.5,1,sms,0,0,0.6078175404546194,0.16564960413762098,0.13562242514266395,0.6078175404546194,0.09091043026509557
sess_42_002859,2723.97,netbanking,mobile_android,genuine_browse_abandon,117,1,7,0.569,16.71,0,none,0,0,0.39614560278704986,0.39614560278704986,0.39614560278704986,0.11931676263392972,0.0883920317919707
sess_42_002860,2540.54,card,mobile_android,price_shock_breakdown,387,1,4,0.476,96.75,1,sms,0,0,0.17448184855563614,0.11695868075619749,0.579300138099923,0.17448184855563614,0.12925933258824335
sess_42_002861,5435.4,upi,mobile_android,upi_app_switch_abort,96,2,6,0.888,16.0,0,whatsapp,1,0,0.8204386747606477,0.049994806056778376,0.8204386747606477,0.07442851737376392,0.0551380018088101
sess_42_002862,2949.88,card,mobile_android,price_shock_breakdown,560,1,10,0.626,56.0,1,none,0,0,0.11695868075619749,0.11695868075619749,0.579300138099923,0.17448184855563614,0.12925933258824335
sess_42_002863,3429.88,cod,mobile_android,price_shock_breakdown,211,1,5,0.544,42.2,0,whatsapp,0,0,0.579300138099923,0.11695868075619749,0.579300138099923,0.17448184855563614,0.12925933258824335
sess_42_002864,1215.9,upi,mobile_android,vpa_validation_failure,271,2,8,0.569,33.88,0,email,0,0,0.14763314666550595,0.26900513210002774,0.2202427743860977,0.3631189468483686,0.14763314666550595
sess_42_002865,4433.49,cod,desktop,price_shock_breakdown,540,2,6,0.492,90.0,0,sms,0,0,0.1506215041019237,0.10096461356355876,0.5000810046968293,0.1506215041019237,0.24833287763768827
sess_42_002866,694.29,upi,mobile_android,price_shock_breakdown,495,3,11,0.825,45.0,0,sms,0,0,0.40318370559932304,0.2986858353899521,0.13420819701225414,0.40318370559932304,0.16392226199847068
sess_42_002867,1176.41,cod,mobile_android,price_shock_breakdown,600,1,8,0.571,75.0,1,none,0,0,0.26900513210002774,0.26900513210002774,0.2202427743860977,0.3631189468483686,0.14763314666550595
sess_42_002868,2232.72,cod,mobile_android,upi_app_switch_abort,319,1,6,0.431,53.17,0,sms,1,1,0.14792956969787008,0.1996840325575982,0.5427974771347435,0.14792956969787008,0.10958892060978828
sess_42_002869,761.64,card,mobile_android,genuine_browse_abandon,297,2,12,0.947,24.75,0,whatsapp,0,0,0.061543213951843805,0.6784017024227375,0.061543213951843805,0.18488603235859524,0.07516905126682347
sess_42_002870,904.71,card,mobile_android,price_shock_breakdown,406,1,6,0.777,67.67,0,none,0,0,0.26900513210002774,0.26900513210002774,0.2202427743860977,0.3631189468483686,0.14763314666550595
sess_42_002871,905.05,cod,mobile_android,price_shock_breakdown,510,2,11,0.461,46.36,0,sms,0,0,0.3631189468483686,0.26900513210002774,0.2202427743860977,0.3631189468483686,0.14763314666550595
sess_42_002872,2401.86,cod,mobile_android,genuine_browse_abandon,600,2,8,0.915,75.0,0,none,0,0,0.7014242657747766,0.7014242657747766,0.11594465130421318,0.10491105892118391,0.07772002399982632
sess_42_002873,1604.85,netbanking,mobile_android,genuine_browse_abandon,533,1,4,0.864,133.25,0,none,0,0,0.7014242657747766,0.7014242657747766,0.11594465130421318,0.10491105892118391,0.07772002399982632
sess_42_002874,3724.91,cod,mobile_android,price_shock_breakdown,600,1,9,0.726,66.67,1,none,0,0,0.11695868075619749,0.11695868075619749,0.579300138099923,0.17448184855563614,0.12925933258824335
sess_42_002875,7408.94,netbanking,mobile_android,price_shock_breakdown,190,2,11,0.709,17.27,1,whatsapp,0,0,0.579300138099923,0.11695868075619749,0.579300138099923,0.17448184855563614,0.12925933258824335
sess_42_002876,2214.6,upi,mobile_ios,upi_app_switch_abort,600,2,11,0.657,54.55,0,whatsapp,1,0,0.5427974771347435,0.1996840325575982,0.5427974771347435,0.14792956969787008,0.10958892060978828
sess_42_002877,1232.0,upi,mobile_android,price_shock_breakdown,273,1,7,0.753,39.0,0,sms,0,0,0.3631189468483686,0.26900513210002774,0.2202427743860977,0.3631189468483686,0.14763314666550595
sess_42_002878,2383.32,cod,mobile_android,price_shock_breakdown,395,1,5,0.457,79.0,1,whatsapp,1,0,0.2633963223194074,0.32171299457016933,0.2633963223194074,0.23833084820766,0.17655983490276325
sess_42_002879,923.55,upi,mobile_android,vpa_validation_failure,114,2,11,0.905,10.36,0,whatsapp,0,0,0.2202427743860977,0.26900513210002774,0.2202427743860977,0.3631189468483686,0.14763314666550595
sess_42_002880,1723.74,card,mobile_ios,price_shock_breakdown,299,2,10,0.448,29.9,0,none,0,0,0.32171299457016933,0.32171299457016933,0.2633963223194074,0.23833084820766,0.17655983490276325
sess_42_002881,11460.81,upi,mobile_android,genuine_browse_abandon,295,2,8,0.458,36.88,1,sms,0,0,0.11931676263392972,0.39614560278704986,0.39614560278704986,0.11931676263392972,0.0883920317919707
sess_42_002882,1552.59,card,mobile_android,price_shock_breakdown,57,1,8,0.857,7.12,0,whatsapp,0,0,0.2633963223194074,0.32171299457016933,0.2633963223194074,0.23833084820766,0.17655983490276325
sess_42_002883,2268.76,upi,mobile_android,upi_app_switch_abort,248,2,8,0.769,31.0,1,whatsapp,0,0,0.5427974771347435,0.1996840325575982,0.5427974771347435,0.14792956969787008,0.10958892060978828
sess_42_002884,1601.76,card,mobile_ios,genuine_browse_abandon,352,3,12,0.666,29.33,1,email,0,0,0.07772002399982632,0.7014242657747766,0.11594465130421318,0.10491105892118391,0.07772002399982632
sess_42_002885,1329.84,card,mobile_android,upi_app_switch_abort,111,2,12,0.56,9.25,1,whatsapp,1,0,0.483942482820616,0.1780324901391686,0.483942482820616,0.24031872484904457,0.0977063021911707
sess_42_002886,2593.27,upi,mobile_android,vpa_validation_failure,277,2,6,0.698,46.17,0,sms,1,1,0.17448184855563614,0.11695868075619749,0.579300138099923,0.17448184855563614,0.12925933258824335
sess_42_002887,697.02,card,mobile_android,price_shock_breakdown,600,1,6,0.772,100.0,0,sms,0,0,0.40318370559932304,0.2986858353899521,0.13420819701225414,0.40318370559932304,0.16392226199847068
sess_42_002888,1596.17,card,mobile_android,price_shock_breakdown,600,1,5,0.497,120.0,0,email,0,0,0.17655983490276325,0.32171299457016933,0.2633963223194074,0.23833084820766,0.17655983490276325
sess_42_002889,653.22,netbanking,mobile_android,price_shock_breakdown,467,2,7,0.845,66.71,0,sms,0,0,0.40318370559932304,0.2986858353899521,0.13420819701225414,0.40318370559932304,0.16392226199847068
sess_42_002890,5758.06,cod,mobile_android,price_shock_breakdown,349,2,12,0.485,29.08,0,whatsapp,0,0,0.579300138099923,0.11695868075619749,0.579300138099923,0.17448184855563614,0.12925933258824335
sess_42_002891,3791.08,card,mobile_android,price_shock_breakdown,224,2,12,0.856,18.67,1,email,0,0,0.12925933258824335,0.11695868075619749,0.579300138099923,0.17448184855563614,0.12925933258824335
sess_42_002892,1016.25,card,mobile_android,otp_timeout,600,2,6,0.743,100.0,0,sms,0,0,0.6078175404546194,0.16564960413762098,0.13562242514266395,0.6078175404546194,0.09091043026509557
sess_42_002893,449.5,card,mobile_ios,price_shock_breakdown,179,2,12,0.563,14.92,0,none,1,0,0.2986858353899521,0.2986858353899521,0.13420819701225414,0.40318370559932304,0.16392226199847068
sess_42_002894,2611.75,netbanking,mobile_android,price_shock_breakdown,125,2,11,0.633,11.36,1,whatsapp,1,1,0.579300138099923,0.11695868075619749,0.579300138099923,0.17448184855563614,0.12925933258824335
sess_42_002895,1749.72,cod,mobile_android,price_shock_breakdown,109,2,6,0.726,18.17,0,email,0,0,0.17655983490276325,0.32171299457016933,0.2633963223194074,0.23833084820766,0.17655983490276325
sess_42_002896,9728.62,card,mobile_android,vpa_validation_failure,565,2,12,0.574,47.08,0,whatsapp,0,0,0.579300138099923,0.11695868075619749,0.579300138099923,0.17448184855563614,0.12925933258824335
sess_42_002897,5173.48,upi,mobile_ios,vpa_validation_failure,314,1,5,0.586,62.8,1,none,1,0,0.11695868075619749,0.11695868075619749,0.579300138099923,0.17448184855563614,0.12925933258824335
sess_42_002898,2911.32,upi,mobile_android,genuine_browse_abandon,344,1,6,0.801,57.33,0,none,0,0,0.39614560278704986,0.39614560278704986,0.39614560278704986,0.11931676263392972,0.0883920317919707
sess_42_002899,1216.61,cod,mobile_android,price_shock_breakdown,228,1,9,0.462,25.33,1,none,0,0,0.26900513210002774,0.26900513210002774,0.2202427743860977,0.3631189468483686,0.14763314666550595
sess_42_002900,1485.94,cod,mobile_android,price_shock_breakdown,225,1,7,0.771,32.14,1,sms,0,0,0.3631189468483686,0.26900513210002774,0.2202427743860977,0.3631189468483686,0.14763314666550595
sess_42_002901,2267.84,card,mobile_android,genuine_browse_abandon,193,2,7,0.603,27.57,0,none,0,0,0.7014242657747766,0.7014242657747766,0.11594465130421318,0.10491105892118391,0.07772002399982632
sess_42_002902,2359.66,upi,desktop,genuine_browse_abandon,600,2,8,0.557,75.0,1,none,0,0,0.6404244338089113,0.6404244338089113,0.10586144689855206,0.0957873982812367,0.15792672101129984
sess_42_002903,1063.42,cod,mobile_ios,genuine_browse_abandon,414,1,6,0.571,69.0,0,none,0,0,0.6457304331194986,0.6457304331194986,0.10673852268549665,0.17598207275468647,0.07154897144031824
sess_42_002904,649.99,cod,mobile_android,genuine_browse_abandon,275,1,5,0.867,55.0,0,sms,0,0,0.18488603235859524,0.6784017024227375,0.061543213951843805,0.18488603235859524,0.07516905126682347
sess_42_002905,7678.43,upi,desktop,genuine_browse_abandon,577,2,8,0.863,72.12,0,whatsapp,0,0,0.3574263069649042,0.3574263069649042,0.3574263069649042,0.10765473484298313,0.17749265122720856
sess_42_002906,1854.54,upi,mobile_android,vpa_validation_failure,258,2,10,0.693,25.8,1,sms,0,0,0.23833084820766,0.32171299457016933,0.2633963223194074,0.23833084820766,0.17655983490276325
sess_42_002907,2485.28,upi,mobile_android,upi_app_switch_abort,566,2,8,0.546,70.75,0,whatsapp,1,0,0.5427974771347435,0.1996840325575982,0.5427974771347435,0.14792956969787008,0.10958892060978828
sess_42_002908,950.44,cod,desktop,genuine_browse_abandon,600,2,11,0.888,54.55,0,none,0,0,0.5936734669792981,0.5936734669792981,0.09813356405833273,0.16179489443258677,0.14639807452978248
sess_42_002909,5037.41,upi,mobile_ios,upi_app_switch_abort,187,1,5,0.541,37.4,0,whatsapp,1,0,0.8204386747606477,0.049994806056778376,0.8204386747606477,0.07442851737376392,0.0551380018088101
sess_42_002910,3944.43,cod,mobile_android,price_shock_breakdown,439,2,9,0.679,48.78,1,whatsapp,1,1,0.579300138099923,0.11695868075619749,0.579300138099923,0.17448184855563614,0.12925933258824335
sess_42_002911,1891.94,upi,mobile_android,genuine_browse_abandon,290,1,5,0.663,58.0,0,none,0,0,0.7014242657747766,0.7014242657747766,0.11594465130421318,0.10491105892118391,0.07772002399982632
sess_42_002912,2116.64,upi,mobile_android,genuine_browse_abandon,581,1,9,0.74,64.56,1,none,0,0,0.7014242657747766,0.7014242657747766,0.11594465130421318,0.10491105892118391,0.07772002399982632
sess_42_002913,2238.9,cod,mobile_android,price_shock_breakdown,100,1,6,0.745,16.67,1,whatsapp,1,1,0.2633963223194074,0.32171299457016933,0.2633963223194074,0.23833084820766,0.17655983490276325
sess_42_002914,1946.21,upi,mobile_android,upi_app_switch_abort,368,2,6,0.767,61.33,0,whatsapp,0,0,0.5427974771347435,0.1996840325575982,0.5427974771347435,0.14792956969787008,0.10958892060978828
sess_42_002915,2747.45,card,mobile_android,price_shock_breakdown,221,1,7,0.805,31.57,0,whatsapp,0,0,0.579300138099923,0.11695868075619749,0.579300138099923,0.17448184855563614,0.12925933258824335
sess_42_002916,2398.12,cod,desktop,genuine_browse_abandon,395,1,6,0.577,65.83,0,whatsapp,0,0,0.10586144689855206,0.6404244338089113,0.10586144689855206,0.0957873982812367,0.15792672101129984
sess_42_002917,1584.58,upi,mobile_android,price_shock_breakdown,221,3,8,0.851,27.62,1,whatsapp,1,0,0.2633963223194074,0.32171299457016933,0.2633963223194074,0.23833084820766,0.17655983490276325
sess_42_002918,752.62,netbanking,desktop,price_shock_breakdown,184,2,8,0.733,23.0,0,none,0,0,0.24871968248815027,0.24871968248815027,0.11175695728796482,0.3357364540241366,0.3037869061997484
sess_42_002919,1774.01,netbanking,mobile_android,upi_app_switch_abort,228,1,4,0.906,57.0,0,none,0,0,0.1996840325575982,0.1996840325575982,0.5427974771347435,0.14792956969787008,0.10958892060978828
sess_42_002920,3173.83,upi,mobile_android,price_shock_breakdown,469,1,6,0.702,78.17,1,sms,0,0,0.17448184855563614,0.11695868075619749,0.579300138099923,0.17448184855563614,0.12925933258824335
sess_42_002921,2993.26,upi,desktop,price_shock_breakdown,585,2,9,0.843,65.0,0,whatsapp,0,0,0.5000810046968293,0.10096461356355876,0.5000810046968293,0.1506215041019237,0.24833287763768827
sess_42_002922,4838.26,netbanking,desktop,price_shock_breakdown,600,1,4,0.467,150.0,0,email,0,0,0.24833287763768827,0.10096461356355876,0.5000810046968293,0.1506215041019237,0.24833287763768827
sess_42_002923,5237.9,cod,desktop,genuine_browse_abandon,444,2,7,0.448,63.43,1,whatsapp,0,0,0.3574263069649042,0.3574263069649042,0.3574263069649042,0.10765473484298313,0.17749265122720856
sess_42_002924,3060.15,cod,mobile_ios,price_shock_breakdown,124,2,6,0.519,20.67,0,whatsapp,0,0,0.579300138099923,0.11695868075619749,0.579300138099923,0.17448184855563614,0.12925933258824335
sess_42_002925,2080.95,upi,mobile_android,upi_app_switch_abort,560,2,7,0.551,80.0,0,email,0,0,0.10958892060978828,0.1996840325575982,0.5427974771347435,0.14792956969787008,0.10958892060978828
sess_42_002926,2339.35,upi,mobile_android,upi_app_switch_abort,600,1,9,0.86,66.67,0,whatsapp,0,0,0.5427974771347435,0.1996840325575982,0.5427974771347435,0.14792956969787008,0.10958892060978828
sess_42_002927,1175.23,netbanking,mobile_android,otp_timeout,424,2,6,0.556,70.67,0,sms,0,0,0.6078175404546194,0.16564960413762098,0.13562242514266395,0.6078175404546194,0.09091043026509557
sess_42_002928,3292.68,upi,mobile_android,price_shock_breakdown,357,1,4,0.48,89.25,0,whatsapp,0,0,0.579300138099923,0.11695868075619749,0.579300138099923,0.17448184855563614,0.12925933258824335
sess_42_002929,4879.29,netbanking,desktop,genuine_browse_abandon,514,1,9,0.482,57.11,0,none,0,0,0.3574263069649042,0.3574263069649042,0.3574263069649042,0.10765473484298313,0.17749265122720856
sess_42_002930,3949.01,upi,mobile_android,vpa_validation_failure,321,2,7,0.481,45.86,0,sms,0,0,0.17448184855563614,0.11695868075619749,0.579300138099923,0.17448184855563614,0.12925933258824335
sess_42_002931,2744.27,cod,mobile_android,price_shock_breakdown,283,1,5,0.749,56.6,0,sms,0,0,0.17448184855563614,0.11695868075619749,0.579300138099923,0.17448184855563614,0.12925933258824335
sess_42_002932,1509.46,netbanking,mobile_ios,genuine_browse_abandon,479,3,11,0.63,43.55,0,sms,0,0,0.10491105892118391,0.7014242657747766,0.11594465130421318,0.10491105892118391,0.07772002399982632
sess_42_002933,1384.4,cod,mobile_android,genuine_browse_abandon,175,1,7,0.522,25.0,0,none,0,0,0.6457304331194986,0.6457304331194986,0.10673852268549665,0.17598207275468647,0.07154897144031824
sess_42_002934,1603.85,card,mobile_android,genuine_browse_abandon,580,1,4,0.434,145.0,1,none,0,0,0.7014242657747766,0.7014242657747766,0.11594465130421318,0.10491105892118391,0.07772002399982632
sess_42_002935,1045.63,cod,desktop,genuine_browse_abandon,492,1,7,0.901,70.29,0,sms,0,0,0.16179489443258677,0.5936734669792981,0.09813356405833273,0.16179489443258677,0.14639807452978248
sess_42_002936,2221.65,cod,mobile_android,genuine_browse_abandon,288,1,10,0.51,28.8,1,none,0,0,0.7014242657747766,0.7014242657747766,0.11594465130421318,0.10491105892118391,0.07772002399982632
sess_42_002937,221.99,upi,mobile_android,genuine_browse_abandon,600,2,7,0.699,85.71,0,sms,0,0,0.18488603235859524,0.6784017024227375,0.061543213951843805,0.18488603235859524,0.07516905126682347
sess_42_002938,1207.02,upi,mobile_android,upi_app_switch_abort,189,2,8,0.699,23.62,1,whatsapp,0,0,0.483942482820616,0.1780324901391686,0.483942482820616,0.24031872484904457,0.0977063021911707
sess_42_002939,1902.85,card,mobile_android,otp_timeout,535,1,9,0.64,59.44,1,sms,1,0,0.45962498828569537,0.2282430144379751,0.18686957509559202,0.45962498828569537,0.12526242218073758
sess_42_002940,11804.58,upi,mobile_android,vpa_validation_failure,333,2,8,0.744,41.62,1,whatsapp,0,0,0.579300138099923,0.11695868075619749,0.579300138099923,0.17448184855563614,0.12925933258824335
sess_42_002941,1814.05,upi,mobile_ios,price_shock_breakdown,204,1,10,0.612,20.4,1,sms,0,0,0.23833084820766,0.32171299457016933,0.2633963223194074,0.23833084820766,0.17655983490276325
sess_42_002942,1864.89,upi,mobile_android,otp_timeout,408,1,9,0.497,45.33,1,none,0,0,0.2282430144379751,0.2282430144379751,0.18686957509559202,0.45962498828569537,0.12526242218073758
sess_42_002943,967.63,cod,mobile_android,price_shock_breakdown,600,3,11,0.594,54.55,1,whatsapp,1,1,0.2202427743860977,0.26900513210002774,0.2202427743860977,0.3631189468483686,0.14763314666550595
sess_42_002944,6565.95,upi,mobile_android,upi_app_switch_abort,233,2,11,0.933,21.18,0,whatsapp,1,0,0.8204386747606477,0.049994806056778376,0.8204386747606477,0.07442851737376392,0.0551380018088101
sess_42_002945,982.36,cod,desktop,price_shock_breakdown,465,1,10,0.783,46.5,1,whatsapp,0,0,0.1864993589098446,0.22779083136758763,0.1864993589098446,0.30748546000659815,0.2782243497159696
sess_42_002946,8304.88,card,mobile_android,price_shock_breakdown,444,2,10,0.597,44.4,1,sms,0,0,0.17448184855563614,0.11695868075619749,0.579300138099923,0.17448184855563614,0.12925933258824335
sess_42_002947,1037.99,cod,mobile_android,genuine_browse_abandon,273,2,7,0.507,39.0,1,email,0,0,0.07154897144031824,0.6457304331194986,0.10673852268549665,0.17598207275468647,0.07154897144031824
sess_42_002948,3663.68,card,mobile_ios,genuine_browse_abandon,269,2,12,0.771,22.42,1,whatsapp,0,0,0.39614560278704986,0.39614560278704986,0.39614560278704986,0.11931676263392972,0.0883920317919707
sess_42_002949,1732.77,netbanking,mobile_ios,genuine_browse_abandon,287,1,9,0.617,31.89,0,none,0,0,0.7014242657747766,0.7014242657747766,0.11594465130421318,0.10491105892118391,0.07772002399982632
sess_42_002950,1185.85,cod,mobile_ios,upi_app_switch_abort,327,3,12,0.568,27.25,0,none,1,0,0.1780324901391686,0.1780324901391686,0.483942482820616,0.24031872484904457,0.0977063021911707
sess_42_002951,3855.25,upi,mobile_ios,genuine_browse_abandon,600,2,9,0.656,66.67,1,none,0,0,0.39614560278704986,0.39614560278704986,0.39614560278704986,0.11931676263392972,0.0883920317919707
sess_42_002952,4896.98,upi,mobile_ios,upi_app_switch_abort,507,1,9,0.572,56.33,1,whatsapp,0,0,0.8204386747606477,0.049994806056778376,0.8204386747606477,0.07442851737376392,0.0551380018088101
sess_42_002953,1573.18,upi,desktop,upi_app_switch_abort,464,1,7,0.582,66.29,1,sms,0,0,0.13041419849833935,0.17604075447594858,0.47852838396019126,0.13041419849833935,0.2150166630655208
sess_42_002954,1775.54,upi,mobile_android,upi_app_switch_abort,297,2,9,0.567,33.0,0,none,1,0,0.1996840325575982,0.1996840325575982,0.5427974771347435,0.14792956969787008,0.10958892060978828
sess_42_002955,1326.82,netbanking,mobile_android,otp_timeout,526,1,10,0.753,52.6,1,sms,0,0,0.6078175404546194,0.16564960413762098,0.13562242514266395,0.6078175404546194,0.09091043026509557
sess_42_002956,2138.89,netbanking,mobile_android,otp_timeout,425,2,8,0.853,53.12,0,none,0,0,0.2282430144379751,0.2282430144379751,0.18686957509559202,0.45962498828569537,0.12526242218073758
sess_42_002957,795.53,cod,mobile_ios,otp_timeout,586,3,14,0.737,41.86,1,sms,1,1,0.647434897682398,0.17644659353817646,0.0792825650965213,0.647434897682398,0.09683594368290428
sess_42_002958,239.84,upi,desktop,upi_app_switch_abort,296,1,4,0.837,74.0,0,email,0,0,0.2412368058973987,0.19750799176250416,0.2946473000928323,0.2666079022472649,0.2412368058973987
sess_42_002959,444.67,upi,mobile_android,genuine_browse_abandon,600,1,4,0.741,150.0,0,sms,0,0,0.18488603235859524,0.6784017024227375,0.061543213951843805,0.18488603235859524,0.07516905126682347
sess_42_002960,1531.81,upi,mobile_android,price_shock_breakdown,376,2,7,0.72,53.71,1,email,0,0,0.17655983490276325,0.32171299457016933,0.2633963223194074,0.23833084820766,0.17655983490276325
sess_42_002961,810.45,upi,mobile_android,price_shock_breakdown,183,3,9,0.917,20.33,1,whatsapp,1,0,0.2202427743860977,0.26900513210002774,0.2202427743860977,0.3631189468483686,0.14763314666550595
sess_42_002962,1655.42,card,mobile_ios,price_shock_breakdown,117,2,9,0.826,13.0,0,whatsapp,0,0,0.2633963223194074,0.32171299457016933,0.2633963223194074,0.23833084820766,0.17655983490276325
sess_42_002963,1231.07,upi,mobile_android,vpa_validation_failure,162,2,8,0.527,20.25,0,sms,1,0,0.3631189468483686,0.26900513210002774,0.2202427743860977,0.3631189468483686,0.14763314666550595
sess_42_002964,1064.46,cod,mobile_android,price_shock_breakdown,423,1,5,0.716,84.6,0,sms,0,0,0.3631189468483686,0.26900513210002774,0.2202427743860977,0.3631189468483686,0.14763314666550595
sess_42_002965,1111.39,card,mobile_android,genuine_browse_abandon,360,2,9,0.496,40.0,1,sms,0,0,0.17598207275468647,0.6457304331194986,0.10673852268549665,0.17598207275468647,0.07154897144031824
sess_42_002966,3734.62,upi,mobile_android,upi_app_switch_abort,466,2,9,0.437,51.78,0,whatsapp,0,0,0.8204386747606477,0.049994806056778376,0.8204386747606477,0.07442851737376392,0.0551380018088101
sess_42_002967,2156.97,netbanking,desktop,price_shock_breakdown,123,2,10,0.651,12.3,1,email,0,0,0.32304108720794833,0.2644836726048936,0.21654091644863488,0.19593432373852326,0.32304108720794833
sess_42_002968,5847.16,card,mobile_android,otp_timeout,211,1,6,0.558,35.17,0,whatsapp,0,0,0.4456809751737707,0.08998143702404678,0.4456809751737707,0.36489272043655063,0.09944486736563182
sess_42_002969,1953.63,upi,mobile_android,upi_app_switch_abort,430,1,9,0.897,47.78,0,whatsapp,0,0,0.5427974771347435,0.1996840325575982,0.5427974771347435,0.14792956969787008,0.10958892060978828
sess_42_002970,431.62,cod,mobile_android,price_shock_breakdown,368,1,6,0.866,61.33,1,none,0,0,0.2986858353899521,0.2986858353899521,0.13420819701225414,0.40318370559932304,0.16392226199847068
sess_42_002971,826.46,upi,mobile_android,genuine_browse_abandon,196,2,12,0.778,16.33,0,email,0,0,0.07154897144031824,0.6457304331194986,0.10673852268549665,0.17598207275468647,0.07154897144031824
sess_42_002972,1971.1,upi,mobile_android,genuine_browse_abandon,462,1,9,0.451,51.33,0,none,0,0,0.7014242657747766,0.7014242657747766,0.11594465130421318,0.10491105892118391,0.07772002399982632
sess_42_002973,2167.83,card,mobile_android,upi_app_switch_abort,206,2,9,0.49,22.89,0,sms,0,0,0.14792956969787008,0.1996840325575982,0.5427974771347435,0.14792956969787008,0.10958892060978828
sess_42_002974,1165.04,card,mobile_android,otp_timeout,316,3,12,0.576,26.33,1,sms,1,0,0.6078175404546194,0.16564960413762098,0.13562242514266395,0.6078175404546194,0.09091043026509557
sess_42_002975,995.45,netbanking,mobile_android,genuine_browse_abandon,119,2,8,0.757,14.88,0,none,0,0,0.6457304331194986,0.6457304331194986,0.10673852268549665,0.17598207275468647,0.07154897144031824
sess_42_002976,1145.98,upi,desktop,vpa_validation_failure,99,2,11,0.717,9.0,1,email,1,0,0.2782243497159696,0.22779083136758763,0.1864993589098446,0.30748546000659815,0.2782243497159696
sess_42_002977,1622.39,upi,mobile_android,upi_app_switch_abort,535,2,11,0.486,48.64,1,whatsapp,1,0,0.5427974771347435,0.1996840325575982,0.5427974771347435,0.14792956969787008,0.10958892060978828
sess_42_002978,1742.79,upi,mobile_android,vpa_validation_failure,600,2,10,0.802,60.0,0,email,1,0,0.17655983490276325,0.32171299457016933,0.2633963223194074,0.23833084820766,0.17655983490276325
sess_42_002979,793.61,cod,desktop,genuine_browse_abandon,458,1,8,0.454,57.25,1,none,0,0,0.6211771553301298,0.6211771553301298,0.05635192016168885,0.16929052393388763,0.15318040057429372
sess_42_002980,2174.8,cod,mobile_ios,genuine_browse_abandon,156,2,7,0.788,22.29,0,none,0,0,0.7014242657747766,0.7014242657747766,0.11594465130421318,0.10491105892118391,0.07772002399982632
sess_42_002981,2159.8,cod,mobile_ios,genuine_browse_abandon,294,3,8,0.905,36.75,0,none,0,0,0.7014242657747766,0.7014242657747766,0.11594465130421318,0.10491105892118391,0.07772002399982632
sess_42_002982,1664.93,upi,mobile_android,upi_app_switch_abort,343,1,4,0.603,85.75,1,whatsapp,1,0,0.5427974771347435,0.1996840325575982,0.5427974771347435,0.14792956969787008,0.10958892060978828
sess_42_002983,1076.81,card,mobile_android,otp_timeout,404,2,10,0.854,40.4,0,sms,1,0,0.6078175404546194,0.16564960413762098,0.13562242514266395,0.6078175404546194,0.09091043026509557
sess_42_002984,2991.95,cod,mobile_ios,vpa_validation_failure,207,1,7,0.919,29.57,0,whatsapp,1,0,0.579300138099923,0.11695868075619749,0.579300138099923,0.17448184855563614,0.12925933258824335
sess_42_002985,4879.1,upi,mobile_android,upi_app_switch_abort,218,1,9,0.485,24.22,1,whatsapp,0,0,0.8204386747606477,0.049994806056778376,0.8204386747606477,0.07442851737376392,0.0551380018088101
sess_42_002986,1291.84,upi,mobile_android,otp_timeout,600,2,8,0.478,75.0,0,whatsapp,0,0,0.13562242514266395,0.16564960413762098,0.13562242514266395,0.6078175404546194,0.09091043026509557
sess_42_002987,1128.48,card,desktop,otp_timeout,600,2,6,0.674,100.0,0,sms,1,1,0.5468864821310532,0.14904395356123945,0.12202686834091331,0.5468864821310532,0.18204269596679412
sess_42_002988,2564.29,upi,mobile_android,price_shock_breakdown,112,1,8,0.917,14.0,1,email,1,0,0.12925933258824335,0.11695868075619749,0.579300138099923,0.17448184855563614,0.12925933258824335
sess_42_002989,751.49,upi,mobile_ios,vpa_validation_failure,251,1,7,0.759,35.86,0,sms,0,0,0.40318370559932304,0.2986858353899521,0.13420819701225414,0.40318370559932304,0.16392226199847068
sess_42_002990,694.07,card,mobile_ios,otp_timeout,161,1,4,0.528,40.25,1,sms,1,1,0.647434897682398,0.17644659353817646,0.0792825650965213,0.647434897682398,0.09683594368290428
sess_42_002991,1111.39,upi,mobile_ios,genuine_browse_abandon,136,2,6,0.584,22.67,0,none,1,0,0.6457304331194986,0.6457304331194986,0.10673852268549665,0.17598207275468647,0.07154897144031824
sess_42_002992,2280.42,upi,mobile_android,price_shock_breakdown,488,1,8,0.454,61.0,1,none,1,0,0.32171299457016933,0.32171299457016933,0.2633963223194074,0.23833084820766,0.17655983490276325
sess_42_002993,934.18,upi,mobile_ios,upi_app_switch_abort,240,2,7,0.522,34.29,1,sms,1,1,0.24031872484904457,0.1780324901391686,0.483942482820616,0.24031872484904457,0.0977063021911707
sess_42_002994,1782.79,netbanking,mobile_ios,otp_timeout,460,1,6,0.816,76.67,0,email,0,0,0.12526242218073758,0.2282430144379751,0.18686957509559202,0.45962498828569537,0.12526242218073758
sess_42_002995,400.61,upi,mobile_android,upi_app_switch_abort,196,3,8,0.925,24.5,0,whatsapp,1,0,0.3397850697075843,0.22776474356861084,0.3397850697075843,0.30745024516137914,0.12499994156242572
sess_42_002996,2871.51,cod,mobile_android,price_shock_breakdown,580,2,12,0.909,48.33,0,sms,0,0,0.17448184855563614,0.11695868075619749,0.579300138099923,0.17448184855563614,0.12925933258824335
sess_42_002997,5325.93,card,mobile_android,vpa_validation_failure,291,1,10,0.581,29.1,1,email,0,0,0.12925933258824335,0.11695868075619749,0.579300138099923,0.17448184855563614,0.12925933258824335
sess_42_002998,913.79,upi,mobile_android,otp_timeout,161,2,9,0.9,17.89,0,email,0,0,0.09091043026509557,0.16564960413762098,0.13562242514266395,0.6078175404546194,0.09091043026509557
sess_42_002999,2522.68,netbanking,mobile_ios,otp_timeout,581,2,10,0.545,58.1,0,sms,1,0,0.36489272043655063,0.08998143702404678,0.4456809751737707,0.36489272043655063,0.09944486736563182
sess_42_003000,1546.82,cod,desktop,genuine_browse_abandon,202,1,5,0.532,40.4,0,none,0,0,0.6404244338089113,0.6404244338089113,0.10586144689855206,0.0957873982812367,0.15792672101129984
sess_42_003001,1957.9,netbanking,mobile_android,price_shock_breakdown,494,2,12,0.512,41.17,0,none,0,0,0.32171299457016933,0.32171299457016933,0.2633963223194074,0.23833084820766,0.17655983490276325
sess_42_003002,1503.54,upi,mobile_android,upi_app_switch_abort,584,1,10,0.795,58.4,1,none,1,1,0.1996840325575982,0.1996840325575982,0.5427974771347435,0.14792956969787008,0.10958892060978828
sess_42_003003,1439.96,card,mobile_ios,price_shock_breakdown,201,2,12,0.575,16.75,1,sms,1,0,0.3631189468483686,0.26900513210002774,0.2202427743860977,0.3631189468483686,0.14763314666550595
sess_42_003004,967.92,card,desktop,price_shock_breakdown,204,2,7,0.666,29.14,1,none,1,0,0.22779083136758763,0.22779083136758763,0.1864993589098446,0.30748546000659815,0.2782243497159696
sess_42_003005,796.59,cod,mobile_android,genuine_browse_abandon,369,2,8,0.594,46.12,0,sms,0,0,0.18488603235859524,0.6784017024227375,0.061543213951843805,0.18488603235859524,0.07516905126682347
sess_42_003006,4123.84,cod,mobile_android,price_shock_breakdown,600,1,7,0.489,85.71,1,whatsapp,0,0,0.579300138099923,0.11695868075619749,0.579300138099923,0.17448184855563614,0.12925933258824335
sess_42_003007,513.22,cod,mobile_ios,genuine_browse_abandon,309,1,7,0.521,44.14,1,whatsapp,0,0,0.061543213951843805,0.6784017024227375,0.061543213951843805,0.18488603235859524,0.07516905126682347
sess_42_003008,1782.88,upi,mobile_android,otp_timeout,517,2,7,0.507,73.86,0,sms,0,0,0.45962498828569537,0.2282430144379751,0.18686957509559202,0.45962498828569537,0.12526242218073758
sess_42_003009,1723.15,upi,mobile_android,vpa_validation_failure,322,2,11,0.556,29.27,0,sms,1,0,0.23833084820766,0.32171299457016933,0.2633963223194074,0.23833084820766,0.17655983490276325
sess_42_003010,1745.52,netbanking,desktop,otp_timeout,207,2,8,0.604,25.88,0,whatsapp,0,0,0.16200023460108376,0.19786753336435833,0.16200023460108376,0.39845628103298136,0.24167595100157666
sess_42_003011,2976.94,upi,mobile_ios,otp_timeout,226,1,5,0.674,45.2,0,sms,0,0,0.36489272043655063,0.08998143702404678,0.4456809751737707,0.36489272043655063,0.09944486736563182
sess_42_003012,1369.15,card,mobile_android,price_shock_breakdown,199,2,8,0.54,24.88,1,none,1,0,0.26900513210002774,0.26900513210002774,0.2202427743860977,0.3631189468483686,0.14763314666550595
sess_42_003013,2950.56,cod,desktop,upi_app_switch_abort,259,3,8,0.761,32.38,0,whatsapp,1,1,0.766083108012708,0.049837407703541635,0.766083108012708,0.06949749160850477,0.1145819926752455
sess_42_003014,8017.71,card,mobile_ios,price_shock_breakdown,245,1,4,0.546,61.25,1,none,0,0,0.11695868075619749,0.11695868075619749,0.579300138099923,0.17448184855563614,0.12925933258824335
sess_42_003015,1612.98,cod,desktop,price_shock_breakdown,198,1,9,0.536,22.0,0,none,0,0,0.2644836726048936,0.2644836726048936,0.21654091644863488,0.19593432373852326,0.32304108720794833
sess_42_003016,393.87,cod,mobile_android,price_shock_breakdown,600,2,8,0.878,75.0,0,email,0,0,0.16392226199847068,0.2986858353899521,0.13420819701225414,0.40318370559932304,0.16392226199847068
sess_42_003017,1624.72,upi,mobile_android,vpa_validation_failure,209,1,8,0.55,26.12,1,none,1,0,0.32171299457016933,0.32171299457016933,0.2633963223194074,0.23833084820766,0.17655983490276325
sess_42_003018,1509.35,netbanking,mobile_android,genuine_browse_abandon,156,1,5,0.572,31.2,1,sms,0,0,0.10491105892118391,0.7014242657747766,0.11594465130421318,0.10491105892118391,0.07772002399982632
sess_42_003019,2444.3,upi,mobile_android,price_shock_breakdown,401,1,10,0.679,40.1,1,sms,0,0,0.23833084820766,0.32171299457016933,0.2633963223194074,0.23833084820766,0.17655983490276325
sess_42_003020,405.23,card,mobile_android,price_shock_breakdown,541,1,7,0.877,77.29,1,none,1,0,0.2986858353899521,0.2986858353899521,0.13420819701225414,0.40318370559932304,0.16392226199847068
sess_42_003021,2306.24,cod,mobile_android,otp_timeout,573,2,10,0.856,57.3,1,email,0,0,0.12526242218073758,0.2282430144379751,0.18686957509559202,0.45962498828569537,0.12526242218073758
sess_42_003022,1318.08,upi,mobile_android,price_shock_breakdown,294,1,4,0.53,73.5,0,whatsapp,0,0,0.2202427743860977,0.26900513210002774,0.2202427743860977,0.3631189468483686,0.14763314666550595
sess_42_003023,3301.24,netbanking,mobile_android,price_shock_breakdown,579,1,5,0.425,115.8,0,sms,0,0,0.17448184855563614,0.11695868075619749,0.579300138099923,0.17448184855563614,0.12925933258824335
sess_42_003024,1225.57,upi,mobile_android,upi_app_switch_abort,273,2,11,0.637,24.82,0,whatsapp,1,0,0.483942482820616,0.1780324901391686,0.483942482820616,0.24031872484904457,0.0977063021911707
sess_42_003025,3466.81,cod,desktop,upi_app_switch_abort,203,2,7,0.616,29.0,1,none,1,0,0.049837407703541635,0.049837407703541635,0.766083108012708,0.06949749160850477,0.1145819926752455
sess_42_003026,582.28,card,mobile_ios,price_shock_breakdown,535,2,7,0.532,76.43,1,email,0,0,0.16392226199847068,0.2986858353899521,0.13420819701225414,0.40318370559932304,0.16392226199847068
sess_42_003027,1832.32,cod,mobile_android,price_shock_breakdown,371,1,6,0.702,61.83,0,none,1,1,0.32171299457016933,0.32171299457016933,0.2633963223194074,0.23833084820766,0.17655983490276325
sess_42_003028,872.29,upi,mobile_ios,genuine_browse_abandon,122,2,6,0.882,20.33,1,none,0,0,0.6457304331194986,0.6457304331194986,0.10673852268549665,0.17598207275468647,0.07154897144031824
sess_42_003029,1253.78,cod,desktop,price_shock_breakdown,205,2,7,0.453,29.29,0,none,0,0,0.22779083136758763,0.22779083136758763,0.1864993589098446,0.30748546000659815,0.2782243497159696
sess_42_003030,13905.85,netbanking,mobile_android,otp_timeout,320,1,8,0.813,40.0,1,sms,1,0,0.36489272043655063,0.08998143702404678,0.4456809751737707,0.36489272043655063,0.09944486736563182
sess_42_003031,886.98,netbanking,mobile_ios,otp_timeout,89,2,9,0.498,9.89,1,whatsapp,1,0,0.13562242514266395,0.16564960413762098,0.13562242514266395,0.6078175404546194,0.09091043026509557
sess_42_003032,1367.25,cod,mobile_android,price_shock_breakdown,262,1,4,0.84,65.5,0,none,0,0,0.26900513210002774,0.26900513210002774,0.2202427743860977,0.3631189468483686,0.14763314666550595
sess_42_003033,766.78,card,desktop,genuine_browse_abandon,392,3,9,0.817,43.56,1,none,0,0,0.6211771553301298,0.6211771553301298,0.05635192016168885,0.16929052393388763,0.15318040057429372
sess_42_003034,1436.2,netbanking,mobile_android,genuine_browse_abandon,127,1,9,0.739,14.11,1,email,0,0,0.07154897144031824,0.6457304331194986,0.10673852268549665,0.17598207275468647,0.07154897144031824
sess_42_003035,1615.71,upi,mobile_ios,otp_timeout,185,1,10,0.874,18.5,1,whatsapp,0,0,0.18686957509559202,0.2282430144379751,0.18686957509559202,0.45962498828569537,0.12526242218073758
sess_42_003036,1042.18,card,mobile_android,price_shock_breakdown,360,2,6,0.781,60.0,1,sms,0,0,0.3631189468483686,0.26900513210002774,0.2202427743860977,0.3631189468483686,0.14763314666550595
sess_42_003037,5897.44,card,mobile_android,price_shock_breakdown,416,2,11,0.893,37.82,0,whatsapp,0,0,0.579300138099923,0.11695868075619749,0.579300138099923,0.17448184855563614,0.12925933258824335
sess_42_003038,4300.03,cod,mobile_android,price_shock_breakdown,469,1,9,0.733,52.11,0,whatsapp,0,0,0.579300138099923,0.11695868075619749,0.579300138099923,0.17448184855563614,0.12925933258824335
sess_42_003039,888.82,upi,mobile_android,genuine_browse_abandon,201,1,5,0.515,40.2,1,sms,0,0,0.17598207275468647,0.6457304331194986,0.10673852268549665,0.17598207275468647,0.07154897144031824
sess_42_003040,3336.01,cod,desktop,price_shock_breakdown,156,2,10,0.683,15.6,0,whatsapp,0,0,0.5000810046968293,0.10096461356355876,0.5000810046968293,0.1506215041019237,0.24833287763768827
sess_42_003041,1261.34,upi,mobile_android,genuine_browse_abandon,179,1,7,0.557,25.57,0,none,0,0,0.6457304331194986,0.6457304331194986,0.10673852268549665,0.17598207275468647,0.07154897144031824
sess_42_003042,719.11,upi,mobile_android,vpa_validation_failure,476,3,14,0.919,34.0,0,email,1,0,0.16392226199847068,0.2986858353899521,0.13420819701225414,0.40318370559932304,0.16392226199847068
sess_42_003043,1055.33,cod,mobile_ios,price_shock_breakdown,417,2,12,0.602,34.75,0,none,1,1,0.26900513210002774,0.26900513210002774,0.2202427743860977,0.3631189468483686,0.14763314666550595
sess_42_003044,704.88,upi,mobile_android,price_shock_breakdown,600,1,8,0.728,75.0,0,email,0,0,0.16392226199847068,0.2986858353899521,0.13420819701225414,0.40318370559932304,0.16392226199847068
sess_42_003045,3662.46,upi,mobile_android,price_shock_breakdown,503,1,4,0.623,125.75,1,whatsapp,0,0,0.579300138099923,0.11695868075619749,0.579300138099923,0.17448184855563614,0.12925933258824335
sess_42_003046,937.02,cod,mobile_android,price_shock_breakdown,600,1,9,0.481,66.67,1,sms,0,0,0.3631189468483686,0.26900513210002774,0.2202427743860977,0.3631189468483686,0.14763314666550595
sess_42_003047,4750.95,cod,mobile_android,price_shock_breakdown,599,1,9,0.547,66.56,0,whatsapp,0,0,0.579300138099923,0.11695868075619749,0.579300138099923,0.17448184855563614,0.12925933258824335
sess_42_003048,2009.53,upi,mobile_ios,upi_app_switch_abort,414,1,8,0.512,51.75,1,whatsapp,1,0,0.5427974771347435,0.1996840325575982,0.5427974771347435,0.14792956969787008,0.10958892060978828
sess_42_003049,1335.84,netbanking,mobile_android,price_shock_breakdown,162,1,5,0.625,32.4,1,none,0,0,0.26900513210002774,0.26900513210002774,0.2202427743860977,0.3631189468483686,0.14763314666550595
sess_42_003050,1240.69,upi,mobile_android,vpa_validation_failure,181,2,11,0.681,16.45,0,none,1,1,0.26900513210002774,0.26900513210002774,0.2202427743860977,0.3631189468483686,0.14763314666550595
sess_42_003051,6731.02,netbanking,mobile_android,price_shock_breakdown,600,2,8,0.568,75.0,1,sms,1,1,0.17448184855563614,0.11695868075619749,0.579300138099923,0.17448184855563614,0.12925933258824335
sess_42_003052,1822.07,netbanking,mobile_android,upi_app_switch_abort,260,1,9,0.88,28.89,1,sms,0,0,0.14792956969787008,0.1996840325575982,0.5427974771347435,0.14792956969787008,0.10958892060978828
sess_42_003053,1238.61,upi,mobile_ios,upi_app_switch_abort,327,1,7,0.471,46.71,0,whatsapp,1,1,0.483942482820616,0.1780324901391686,0.483942482820616,0.24031872484904457,0.0977063021911707
sess_42_003054,3429.2,upi,mobile_android,vpa_validation_failure,293,2,8,0.648,36.62,1,whatsapp,0,0,0.579300138099923,0.11695868075619749,0.579300138099923,0.17448184855563614,0.12925933258824335
sess_42_003055,2805.01,upi,mobile_android,vpa_validation_failure,600,1,9,0.465,66.67,1,whatsapp,0,0,0.579300138099923,0.11695868075619749,0.579300138099923,0.17448184855563614,0.12925933258824335
sess_42_003056,861.72,cod,desktop,otp_timeout,136,2,8,0.771,17.0,0,sms,0,0,0.5468864821310532,0.14904395356123945,0.12202686834091331,0.5468864821310532,0.18204269596679412
sess_42_003057,1815.17,cod,mobile_android,upi_app_switch_abort,206,2,7,0.604,29.43,1,none,1,0,0.1996840325575982,0.1996840325575982,0.5427974771347435,0.14792956969787008,0.10958892060978828
sess_42_003058,465.67,upi,desktop,vpa_validation_failure,490,2,12,0.871,40.83,0,email,1,1,0.3037869061997484,0.24871968248815027,0.11175695728796482,0.3357364540241366,0.3037869061997484
sess_42_003059,1763.25,upi,mobile_android,otp_timeout,600,2,12,0.817,50.0,1,none,1,0,0.2282430144379751,0.2282430144379751,0.18686957509559202,0.45962498828569537,0.12526242218073758
sess_42_003060,2288.5,upi,mobile_android,upi_app_switch_abort,472,1,4,0.594,118.0,1,none,0,0,0.1996840325575982,0.1996840325575982,0.5427974771347435,0.14792956969787008,0.10958892060978828
sess_42_003061,2529.81,cod,mobile_android,genuine_browse_abandon,600,1,7,0.904,85.71,1,whatsapp,0,0,0.39614560278704986,0.39614560278704986,0.39614560278704986,0.11931676263392972,0.0883920317919707
sess_42_003062,854.4,card,mobile_ios,otp_timeout,353,1,8,0.721,44.12,1,email,0,0,0.09091043026509557,0.16564960413762098,0.13562242514266395,0.6078175404546194,0.09091043026509557
sess_42_003063,1039.08,upi,mobile_android,price_shock_breakdown,237,2,8,0.607,29.62,0,whatsapp,0,0,0.2202427743860977,0.26900513210002774,0.2202427743860977,0.3631189468483686,0.14763314666550595
sess_42_003064,2176.66,upi,mobile_ios,upi_app_switch_abort,255,2,6,0.619,42.5,1,whatsapp,1,0,0.5427974771347435,0.1996840325575982,0.5427974771347435,0.14792956969787008,0.10958892060978828
sess_42_003065,4618.67,cod,mobile_ios,upi_app_switch_abort,222,3,9,0.782,24.67,0,whatsapp,0,0,0.8204386747606477,0.049994806056778376,0.8204386747606477,0.07442851737376392,0.0551380018088101
sess_42_003066,1937.3,upi,mobile_android,price_shock_breakdown,600,2,12,0.67,50.0,0,none,0,0,0.32171299457016933,0.32171299457016933,0.2633963223194074,0.23833084820766,0.17655983490276325
sess_42_003067,1189.66,upi,mobile_android,genuine_browse_abandon,437,2,8,0.756,54.62,1,none,1,0,0.6457304331194986,0.6457304331194986,0.10673852268549665,0.17598207275468647,0.07154897144031824
sess_42_003068,3743.09,upi,desktop,otp_timeout,600,1,4,0.549,150.0,1,whatsapp,0,0,0.397264819819204,0.08020638384327146,0.397264819819204,0.32525292510196563,0.19727587123555898
sess_42_003069,1991.85,cod,mobile_android,price_shock_breakdown,120,2,8,0.539,15.0,1,none,1,1,0.32171299457016933,0.32171299457016933,0.2633963223194074,0.23833084820766,0.17655983490276325
sess_42_003070,2067.41,netbanking,mobile_ios,price_shock_breakdown,195,1,6,0.723,32.5,1,none,1,0,0.32171299457016933,0.32171299457016933,0.2633963223194074,0.23833084820766,0.17655983490276325
sess_42_003071,3288.82,upi,mobile_android,price_shock_breakdown,233,2,11,0.606,21.18,1,whatsapp,1,0,0.579300138099923,0.11695868075619749,0.579300138099923,0.17448184855563614,0.12925933258824335
sess_42_003072,1682.06,upi,mobile_ios,price_shock_breakdown,600,3,8,0.854,75.0,1,whatsapp,0,0,0.2633963223194074,0.32171299457016933,0.2633963223194074,0.23833084820766,0.17655983490276325
sess_42_003073,897.79,upi,mobile_android,genuine_browse_abandon,600,1,6,0.852,100.0,0,whatsapp,0,0,0.10673852268549665,0.6457304331194986,0.10673852268549665,0.17598207275468647,0.07154897144031824
sess_42_003074,1610.12,card,mobile_ios,otp_timeout,437,1,9,0.602,48.56,1,whatsapp,0,0,0.18686957509559202,0.2282430144379751,0.18686957509559202,0.45962498828569537,0.12526242218073758
sess_42_003075,4163.47,upi,desktop,price_shock_breakdown,570,1,6,0.466,95.0,1,whatsapp,0,0,0.5000810046968293,0.10096461356355876,0.5000810046968293,0.1506215041019237,0.24833287763768827
sess_42_003076,7476.39,card,mobile_android,genuine_browse_abandon,600,3,10,0.631,60.0,0,none,0,0,0.39614560278704986,0.39614560278704986,0.39614560278704986,0.11931676263392972,0.0883920317919707
sess_42_003077,724.84,cod,desktop,price_shock_breakdown,592,3,9,0.51,65.78,1,none,0,0,0.24871968248815027,0.24871968248815027,0.11175695728796482,0.3357364540241366,0.3037869061997484
sess_42_003078,6172.98,card,mobile_android,genuine_browse_abandon,247,1,9,0.893,27.44,0,whatsapp,0,0,0.39614560278704986,0.39614560278704986,0.39614560278704986,0.11931676263392972,0.0883920317919707
sess_42_003079,1373.09,netbanking,mobile_ios,price_shock_breakdown,600,1,8,0.813,75.0,0,sms,0,0,0.3631189468483686,0.26900513210002774,0.2202427743860977,0.3631189468483686,0.14763314666550595
sess_42_003080,1836.0,cod,mobile_android,price_shock_breakdown,600,1,8,0.548,75.0,0,email,0,0,0.17655983490276325,0.32171299457016933,0.2633963223194074,0.23833084820766,0.17655983490276325
sess_42_003081,6469.81,cod,mobile_android,price_shock_breakdown,450,2,8,0.713,56.25,0,whatsapp,0,0,0.579300138099923,0.11695868075619749,0.579300138099923,0.17448184855563614,0.12925933258824335
sess_42_003082,1329.72,card,mobile_android,genuine_browse_abandon,113,1,5,0.572,22.6,0,none,0,0,0.6457304331194986,0.6457304331194986,0.10673852268549665,0.17598207275468647,0.07154897144031824
sess_42_003083,1471.74,upi,mobile_android,price_shock_breakdown,486,1,9,0.848,54.0,0,none,1,0,0.26900513210002774,0.26900513210002774,0.2202427743860977,0.3631189468483686,0.14763314666550595
sess_42_003084,1116.45,cod,desktop,price_shock_breakdown,397,1,5,0.917,79.4,0,whatsapp,0,0,0.1864993589098446,0.22779083136758763,0.1864993589098446,0.30748546000659815,0.2782243497159696
sess_42_003085,1860.14,upi,mobile_android,genuine_browse_abandon,466,2,7,0.747,66.57,0,sms,0,0,0.10491105892118391,0.7014242657747766,0.11594465130421318,0.10491105892118391,0.07772002399982632
sess_42_003086,2284.31,netbanking,mobile_android,otp_timeout,99,2,7,0.516,14.14,0,sms,0,0,0.45962498828569537,0.2282430144379751,0.18686957509559202,0.45962498828569537,0.12526242218073758
sess_42_003087,1079.98,netbanking,desktop,upi_app_switch_abort,328,1,8,0.52,41.0,0,sms,1,0,0.2146195237037115,0.1589940536737414,0.4321906469343732,0.2146195237037115,0.19419577568817373
sess_42_003088,5365.64,upi,mobile_android,upi_app_switch_abort,412,2,8,0.714,51.5,1,whatsapp,1,0,0.8204386747606477,0.049994806056778376,0.8204386747606477,0.07442851737376392,0.0551380018088101
sess_42_003089,1032.26,card,mobile_android,genuine_browse_abandon,263,2,6,0.758,43.83,0,email,0,0,0.07154897144031824,0.6457304331194986,0.10673852268549665,0.17598207275468647,0.07154897144031824
sess_42_003090,2627.52,upi,mobile_android,upi_app_switch_abort,417,2,6,0.901,69.5,1,whatsapp,0,0,0.8204386747606477,0.049994806056778376,0.8204386747606477,0.07442851737376392,0.0551380018088101
sess_42_003091,1844.4,upi,mobile_android,genuine_browse_abandon,387,1,4,0.565,96.75,0,whatsapp,0,0,0.11594465130421318,0.7014242657747766,0.11594465130421318,0.10491105892118391,0.07772002399982632
sess_42_003092,4595.31,cod,mobile_android,genuine_browse_abandon,520,1,10,0.556,52.0,1,sms,0,0,0.11931676263392972,0.39614560278704986,0.39614560278704986,0.11931676263392972,0.0883920317919707
sess_42_003093,989.35,cod,mobile_android,upi_app_switch_abort,539,2,12,0.766,44.92,0,whatsapp,0,0,0.483942482820616,0.1780324901391686,0.483942482820616,0.24031872484904457,0.0977063021911707
sess_42_003094,2777.76,cod,mobile_ios,price_shock_breakdown,297,2,10,0.742,29.7,1,email,1,1,0.12925933258824335,0.11695868075619749,0.579300138099923,0.17448184855563614,0.12925933258824335
sess_42_003095,11112.32,upi,desktop,price_shock_breakdown,206,1,8,0.711,25.75,0,whatsapp,0,0,0.5000810046968293,0.10096461356355876,0.5000810046968293,0.1506215041019237,0.24833287763768827
sess_42_003096,613.26,upi,desktop,price_shock_breakdown,134,1,9,0.788,14.89,0,sms,0,0,0.3357364540241366,0.24871968248815027,0.11175695728796482,0.3357364540241366,0.3037869061997484
sess_42_003097,920.17,upi,mobile_android,vpa_validation_failure,127,2,9,0.706,14.11,1,email,1,0,0.14763314666550595,0.26900513210002774,0.2202427743860977,0.3631189468483686,0.14763314666550595
sess_42_003098,8629.82,card,mobile_android,otp_timeout,267,1,8,0.45,33.38,0,whatsapp,0,0,0.4456809751737707,0.08998143702404678,0.4456809751737707,0.36489272043655063,0.09944486736563182
sess_42_003099,1634.96,cod,mobile_android,otp_timeout,600,2,6,0.562,100.0,1,sms,0,0,0.45962498828569537,0.2282430144379751,0.18686957509559202,0.45962498828569537,0.12526242218073758
sess_42_003100,1968.83,upi,desktop,upi_app_switch_abort,551,2,6,0.868,91.83,0,whatsapp,0,0,0.47852838396019126,0.17604075447594858,0.47852838396019126,0.13041419849833935,0.2150166630655208
sess_42_003101,1409.23,cod,mobile_android,vpa_validation_failure,195,2,6,0.764,32.5,1,none,0,0,0.26900513210002774,0.26900513210002774,0.2202427743860977,0.3631189468483686,0.14763314666550595
sess_42_003102,6251.88,card,mobile_android,price_shock_breakdown,466,2,12,0.801,38.83,0,whatsapp,0,0,0.579300138099923,0.11695868075619749,0.579300138099923,0.17448184855563614,0.12925933258824335
sess_42_003103,539.05,cod,desktop,vpa_validation_failure,426,1,5,0.666,85.2,0,none,1,0,0.24871968248815027,0.24871968248815027,0.11175695728796482,0.3357364540241366,0.3037869061997484
sess_42_003104,4572.32,upi,mobile_android,upi_app_switch_abort,191,1,5,0.637,38.2,1,whatsapp,1,1,0.8204386747606477,0.049994806056778376,0.8204386747606477,0.07442851737376392,0.0551380018088101
sess_42_003105,596.97,upi,mobile_android,price_shock_breakdown,492,2,9,0.839,54.67,0,sms,0,0,0.40318370559932304,0.2986858353899521,0.13420819701225414,0.40318370559932304,0.16392226199847068
sess_42_003106,558.24,upi,mobile_android,price_shock_breakdown,60,3,8,0.899,7.5,1,none,1,0,0.2986858353899521,0.2986858353899521,0.13420819701225414,0.40318370559932304,0.16392226199847068
sess_42_003107,800.13,cod,mobile_android,genuine_browse_abandon,126,1,4,0.485,31.5,0,none,0,0,0.6457304331194986,0.6457304331194986,0.10673852268549665,0.17598207275468647,0.07154897144031824
sess_42_003108,1642.74,netbanking,mobile_android,otp_timeout,495,1,4,0.483,123.75,0,sms,0,0,0.45962498828569537,0.2282430144379751,0.18686957509559202,0.45962498828569537,0.12526242218073758
sess_42_003109,1058.13,upi,mobile_android,vpa_validation_failure,360,2,8,0.456,45.0,1,none,0,0,0.26900513210002774,0.26900513210002774,0.2202427743860977,0.3631189468483686,0.14763314666550595
sess_42_003110,1012.1,upi,mobile_android,otp_timeout,438,1,5,0.522,87.6,1,sms,0,0,0.6078175404546194,0.16564960413762098,0.13562242514266395,0.6078175404546194,0.09091043026509557
sess_42_003111,901.73,card,mobile_ios,price_shock_breakdown,475,1,5,0.828,95.0,1,email,1,0,0.14763314666550595,0.26900513210002774,0.2202427743860977,0.3631189468483686,0.14763314666550595
sess_42_003112,913.5,netbanking,desktop,genuine_browse_abandon,600,2,12,0.727,50.0,0,sms,0,0,0.16179489443258677,0.5936734669792981,0.09813356405833273,0.16179489443258677,0.14639807452978248
sess_42_003113,898.18,upi,mobile_android,otp_timeout,189,2,12,0.66,15.75,0,sms,0,0,0.6078175404546194,0.16564960413762098,0.13562242514266395,0.6078175404546194,0.09091043026509557
sess_42_003114,2156.29,card,mobile_android,price_shock_breakdown,557,2,7,0.677,79.57,1,sms,0,0,0.23833084820766,0.32171299457016933,0.2633963223194074,0.23833084820766,0.17655983490276325
sess_42_003115,1122.23,upi,mobile_android,upi_app_switch_abort,335,2,10,0.877,33.5,1,whatsapp,0,0,0.483942482820616,0.1780324901391686,0.483942482820616,0.24031872484904457,0.0977063021911707
sess_42_003116,244.96,card,mobile_android,price_shock_breakdown,236,2,7,0.836,33.71,0,none,0,0,0.2986858353899521,0.2986858353899521,0.13420819701225414,0.40318370559932304,0.16392226199847068
sess_42_003117,1758.17,upi,desktop,upi_app_switch_abort,477,2,9,0.821,53.0,1,whatsapp,1,0,0.47852838396019126,0.17604075447594858,0.47852838396019126,0.13041419849833935,0.2150166630655208
sess_42_003118,3171.83,upi,mobile_android,price_shock_breakdown,372,2,8,0.53,46.5,1,whatsapp,0,0,0.579300138099923,0.11695868075619749,0.579300138099923,0.17448184855563614,0.12925933258824335
sess_42_003119,1466.87,upi,mobile_android,price_shock_breakdown,358,3,11,0.779,32.55,0,none,1,0,0.26900513210002774,0.26900513210002774,0.2202427743860977,0.3631189468483686,0.14763314666550595
sess_42_003120,702.33,card,mobile_ios,vpa_validation_failure,215,1,6,0.585,35.83,0,none,0,0,0.2986858353899521,0.2986858353899521,0.13420819701225414,0.40318370559932304,0.16392226199847068
sess_42_003121,3161.41,upi,desktop,upi_app_switch_abort,161,1,5,0.655,32.2,1,sms,0,0,0.06949749160850477,0.049837407703541635,0.766083108012708,0.06949749160850477,0.1145819926752455
sess_42_003122,645.87,cod,mobile_android,vpa_validation_failure,497,2,6,0.496,82.83,1,whatsapp,0,0,0.13420819701225414,0.2986858353899521,0.13420819701225414,0.40318370559932304,0.16392226199847068
sess_42_003123,1421.0,upi,mobile_android,otp_timeout,575,1,6,0.668,95.83,1,whatsapp,1,1,0.13562242514266395,0.16564960413762098,0.13562242514266395,0.6078175404546194,0.09091043026509557
sess_42_003124,1778.64,upi,desktop,genuine_browse_abandon,600,1,6,0.894,100.0,0,none,0,0,0.6404244338089113,0.6404244338089113,0.10586144689855206,0.0957873982812367,0.15792672101129984
sess_42_003125,4061.75,upi,mobile_android,price_shock_breakdown,600,1,8,0.767,75.0,1,whatsapp,0,0,0.579300138099923,0.11695868075619749,0.579300138099923,0.17448184855563614,0.12925933258824335
sess_42_003126,2788.62,upi,mobile_ios,upi_app_switch_abort,253,1,6,0.439,42.17,0,none,1,0,0.049994806056778376,0.049994806056778376,0.8204386747606477,0.07442851737376392,0.0551380018088101
sess_42_003127,2162.08,upi,mobile_android,genuine_browse_abandon,536,2,11,0.868,48.73,1,none,0,0,0.7014242657747766,0.7014242657747766,0.11594465130421318,0.10491105892118391,0.07772002399982632
sess_42_003128,3633.48,cod,mobile_android,price_shock_breakdown,505,1,7,0.76,72.14,1,none,1,0,0.11695868075619749,0.11695868075619749,0.579300138099923,0.17448184855563614,0.12925933258824335
sess_42_003129,758.62,card,mobile_android,price_shock_breakdown,444,1,10,0.655,44.4,0,none,0,0,0.2986858353899521,0.2986858353899521,0.13420819701225414,0.40318370559932304,0.16392226199847068
sess_42_003130,5913.41,cod,mobile_android,price_shock_breakdown,244,1,7,0.646,34.86,0,none,1,0,0.11695868075619749,0.11695868075619749,0.579300138099923,0.17448184855563614,0.12925933258824335
sess_42_003131,181.49,cod,mobile_android,otp_timeout,544,1,8,0.815,68.0,0,none,0,0,0.17644659353817646,0.17644659353817646,0.0792825650965213,0.647434897682398,0.09683594368290428
sess_42_003132,5275.49,netbanking,mobile_android,genuine_browse_abandon,154,2,10,0.573,15.4,1,none,0,0,0.39614560278704986,0.39614560278704986,0.39614560278704986,0.11931676263392972,0.0883920317919707
sess_42_003133,962.04,upi,mobile_android,upi_app_switch_abort,600,3,13,0.648,46.15,1,none,1,0,0.1780324901391686,0.1780324901391686,0.483942482820616,0.24031872484904457,0.0977063021911707
sess_42_003134,2404.59,cod,mobile_android,genuine_browse_abandon,600,2,11,0.834,54.55,1,none,0,0,0.7014242657747766,0.7014242657747766,0.11594465130421318,0.10491105892118391,0.07772002399982632
sess_42_003135,5358.01,upi,mobile_ios,upi_app_switch_abort,600,1,7,0.869,85.71,1,whatsapp,1,0,0.8204386747606477,0.049994806056778376,0.8204386747606477,0.07442851737376392,0.0551380018088101
sess_42_003136,2753.72,cod,mobile_android,genuine_browse_abandon,600,1,8,0.853,75.0,0,none,0,0,0.39614560278704986,0.39614560278704986,0.39614560278704986,0.11931676263392972,0.0883920317919707
sess_42_003137,2390.63,cod,mobile_ios,price_shock_breakdown,512,1,5,0.716,102.4,0,email,0,0,0.17655983490276325,0.32171299457016933,0.2633963223194074,0.23833084820766,0.17655983490276325
sess_42_003138,3462.5,cod,mobile_android,price_shock_breakdown,568,1,6,0.849,94.67,0,email,1,0,0.12925933258824335,0.11695868075619749,0.579300138099923,0.17448184855563614,0.12925933258824335
sess_42_003139,595.88,upi,mobile_ios,price_shock_breakdown,249,1,8,0.788,31.12,0,whatsapp,0,0,0.13420819701225414,0.2986858353899521,0.13420819701225414,0.40318370559932304,0.16392226199847068
sess_42_003140,666.83,netbanking,mobile_android,price_shock_breakdown,370,2,12,0.862,30.83,0,email,0,0,0.16392226199847068,0.2986858353899521,0.13420819701225414,0.40318370559932304,0.16392226199847068
sess_42_003141,2216.13,upi,mobile_android,vpa_validation_failure,142,2,11,0.581,12.91,0,none,1,1,0.32171299457016933,0.32171299457016933,0.2633963223194074,0.23833084820766,0.17655983490276325
sess_42_003142,1558.99,cod,mobile_android,genuine_browse_abandon,327,1,8,0.465,40.88,1,none,0,0,0.7014242657747766,0.7014242657747766,0.11594465130421318,0.10491105892118391,0.07772002399982632
sess_42_003143,1429.95,netbanking,mobile_ios,otp_timeout,336,1,5,0.905,67.2,0,email,0,0,0.09091043026509557,0.16564960413762098,0.13562242514266395,0.6078175404546194,0.09091043026509557
sess_42_003144,4576.32,card,mobile_android,otp_timeout,600,2,9,0.802,66.67,1,sms,1,0,0.36489272043655063,0.08998143702404678,0.4456809751737707,0.36489272043655063,0.09944486736563182
sess_42_003145,4288.15,cod,mobile_ios,price_shock_breakdown,468,1,10,0.872,46.8,0,email,0,0,0.12925933258824335,0.11695868075619749,0.579300138099923,0.17448184855563614,0.12925933258824335
sess_42_003146,906.37,upi,mobile_android,genuine_browse_abandon,600,1,6,0.745,100.0,1,none,0,0,0.6457304331194986,0.6457304331194986,0.10673852268549665,0.17598207275468647,0.07154897144031824
sess_42_003147,2519.5,upi,desktop,upi_app_switch_abort,600,2,9,0.616,66.67,1,whatsapp,1,0,0.766083108012708,0.049837407703541635,0.766083108012708,0.06949749160850477,0.1145819926752455
sess_42_003148,559.34,card,mobile_android,otp_timeout,506,1,4,0.658,126.5,0,sms,1,0,0.647434897682398,0.17644659353817646,0.0792825650965213,0.647434897682398,0.09683594368290428
sess_42_003149,549.34,upi,mobile_android,upi_app_switch_abort,148,3,12,0.799,12.33,1,email,0,0,0.12499994156242572,0.22776474356861084,0.3397850697075843,0.30745024516137914,0.12499994156242572
sess_42_003150,925.53,card,mobile_android,otp_timeout,583,1,6,0.735,97.17,0,none,1,0,0.16564960413762098,0.16564960413762098,0.13562242514266395,0.6078175404546194,0.09091043026509557
sess_42_003151,1737.62,upi,mobile_android,vpa_validation_failure,309,2,9,0.449,34.33,0,sms,1,1,0.23833084820766,0.32171299457016933,0.2633963223194074,0.23833084820766,0.17655983490276325
sess_42_003152,1107.88,cod,mobile_android,price_shock_breakdown,185,2,6,0.753,30.83,0,email,0,0,0.14763314666550595,0.26900513210002774,0.2202427743860977,0.3631189468483686,0.14763314666550595
sess_42_003153,2536.17,cod,mobile_ios,otp_timeout,494,2,10,0.655,49.4,1,sms,1,0,0.36489272043655063,0.08998143702404678,0.4456809751737707,0.36489272043655063,0.09944486736563182
sess_42_003154,1787.37,card,mobile_ios,otp_timeout,436,2,9,0.837,48.44,0,sms,0,0,0.45962498828569537,0.2282430144379751,0.18686957509559202,0.45962498828569537,0.12526242218073758
sess_42_003155,4169.56,cod,mobile_android,price_shock_breakdown,501,1,9,0.857,55.67,1,none,0,0,0.11695868075619749,0.11695868075619749,0.579300138099923,0.17448184855563614,0.12925933258824335
sess_42_003156,2722.29,upi,mobile_android,vpa_validation_failure,318,2,12,0.783,26.5,1,email,0,0,0.12925933258824335,0.11695868075619749,0.579300138099923,0.17448184855563614,0.12925933258824335
sess_42_003157,829.73,cod,mobile_android,price_shock_breakdown,600,2,7,0.627,85.71,1,none,1,1,0.26900513210002774,0.26900513210002774,0.2202427743860977,0.3631189468483686,0.14763314666550595
sess_42_003158,3552.72,card,mobile_android,price_shock_breakdown,327,1,9,0.825,36.33,0,whatsapp,0,0,0.579300138099923,0.11695868075619749,0.579300138099923,0.17448184855563614,0.12925933258824335
sess_42_003159,947.22,upi,mobile_ios,genuine_browse_abandon,600,1,9,0.909,66.67,1,email,0,0,0.07154897144031824,0.6457304331194986,0.10673852268549665,0.17598207275468647,0.07154897144031824
sess_42_003160,2461.69,cod,mobile_android,otp_timeout,149,2,8,0.532,18.62,1,sms,1,1,0.45962498828569537,0.2282430144379751,0.18686957509559202,0.45962498828569537,0.12526242218073758
sess_42_003161,1249.86,upi,mobile_ios,price_shock_breakdown,580,2,8,0.843,72.5,1,email,0,0,0.14763314666550595,0.26900513210002774,0.2202427743860977,0.3631189468483686,0.14763314666550595
sess_42_003162,4880.78,upi,mobile_android,upi_app_switch_abort,509,3,13,0.473,39.15,0,whatsapp,1,1,0.8204386747606477,0.049994806056778376,0.8204386747606477,0.07442851737376392,0.0551380018088101
sess_42_003163,3128.75,card,mobile_android,price_shock_breakdown,343,1,7,0.549,49.0,0,sms,0,0,0.17448184855563614,0.11695868075619749,0.579300138099923,0.17448184855563614,0.12925933258824335
sess_42_003164,1075.49,upi,mobile_android,genuine_browse_abandon,338,1,7,0.876,48.29,0,sms,0,0,0.17598207275468647,0.6457304331194986,0.10673852268549665,0.17598207275468647,0.07154897144031824
sess_42_003165,1353.55,card,mobile_android,price_shock_breakdown,300,1,8,0.463,37.5,1,sms,0,0,0.3631189468483686,0.26900513210002774,0.2202427743860977,0.3631189468483686,0.14763314666550595
sess_42_003166,20993.85,card,mobile_android,price_shock_breakdown,178,2,9,0.485,19.78,0,sms,0,0,0.17448184855563614,0.11695868075619749,0.579300138099923,0.17448184855563614,0.12925933258824335
sess_42_003167,702.25,cod,mobile_android,price_shock_breakdown,519,1,10,0.552,51.9,0,sms,0,0,0.40318370559932304,0.2986858353899521,0.13420819701225414,0.40318370559932304,0.16392226199847068
sess_42_003168,1053.7,upi,mobile_android,upi_app_switch_abort,213,2,10,0.715,21.3,1,none,1,0,0.1780324901391686,0.1780324901391686,0.483942482820616,0.24031872484904457,0.0977063021911707
sess_42_003169,1093.06,cod,desktop,price_shock_breakdown,254,1,5,0.699,50.8,1,sms,0,0,0.30748546000659815,0.22779083136758763,0.1864993589098446,0.30748546000659815,0.2782243497159696
sess_42_003170,758.09,card,mobile_ios,otp_timeout,311,1,8,0.66,38.88,0,sms,0,0,0.647434897682398,0.17644659353817646,0.0792825650965213,0.647434897682398,0.09683594368290428
sess_42_003171,820.25,card,mobile_android,price_shock_breakdown,407,2,8,0.904,50.88,1,whatsapp,0,0,0.2202427743860977,0.26900513210002774,0.2202427743860977,0.3631189468483686,0.14763314666550595
sess_42_003172,1666.53,cod,mobile_android,upi_app_switch_abort,307,1,6,0.459,51.17,0,whatsapp,0,0,0.5427974771347435,0.1996840325575982,0.5427974771347435,0.14792956969787008,0.10958892060978828
sess_42_003173,2584.79,upi,mobile_ios,upi_app_switch_abort,159,3,8,0.89,19.88,0,whatsapp,0,0,0.8204386747606477,0.049994806056778376,0.8204386747606477,0.07442851737376392,0.0551380018088101
sess_42_003174,547.38,card,mobile_android,genuine_browse_abandon,596,1,6,0.435,99.33,1,none,0,0,0.6784017024227375,0.6784017024227375,0.061543213951843805,0.18488603235859524,0.07516905126682347
sess_42_003175,1241.31,upi,mobile_android,price_shock_breakdown,186,1,6,0.454,31.0,0,whatsapp,0,0,0.2202427743860977,0.26900513210002774,0.2202427743860977,0.3631189468483686,0.14763314666550595
sess_42_003176,989.31,upi,mobile_ios,upi_app_switch_abort,600,2,12,0.49,50.0,0,whatsapp,1,0,0.483942482820616,0.1780324901391686,0.483942482820616,0.24031872484904457,0.0977063021911707
sess_42_003177,751.55,cod,mobile_ios,genuine_browse_abandon,280,2,11,0.853,25.45,0,whatsapp,0,0,0.061543213951843805,0.6784017024227375,0.061543213951843805,0.18488603235859524,0.07516905126682347
sess_42_003178,3815.55,cod,mobile_android,vpa_validation_failure,600,2,10,0.711,60.0,1,whatsapp,1,1,0.579300138099923,0.11695868075619749,0.579300138099923,0.17448184855563614,0.12925933258824335
sess_42_003179,1018.66,cod,mobile_ios,genuine_browse_abandon,373,1,6,0.705,62.17,0,none,0,0,0.6457304331194986,0.6457304331194986,0.10673852268549665,0.17598207275468647,0.07154897144031824
sess_42_003180,647.15,netbanking,mobile_ios,genuine_browse_abandon,257,1,7,0.667,36.71,1,whatsapp,0,0,0.061543213951843805,0.6784017024227375,0.061543213951843805,0.18488603235859524,0.07516905126682347
sess_42_003181,3498.58,card,mobile_android,price_shock_breakdown,600,2,10,0.706,60.0,0,email,0,0,0.12925933258824335,0.11695868075619749,0.579300138099923,0.17448184855563614,0.12925933258824335
sess_42_003182,4621.3,upi,mobile_ios,price_shock_breakdown,304,2,10,0.491,30.4,0,whatsapp,0,0,0.579300138099923,0.11695868075619749,0.579300138099923,0.17448184855563614,0.12925933258824335
sess_42_003183,2160.82,netbanking,mobile_android,otp_timeout,453,1,9,0.881,50.33,0,none,1,0,0.2282430144379751,0.2282430144379751,0.18686957509559202,0.45962498828569537,0.12526242218073758
sess_42_003184,892.8,upi,mobile_android,upi_app_switch_abort,585,2,10,0.731,58.5,1,sms,1,0,0.24031872484904457,0.1780324901391686,0.483942482820616,0.24031872484904457,0.0977063021911707
sess_42_003185,1468.14,card,mobile_ios,genuine_browse_abandon,470,2,9,0.649,52.22,0,none,0,0,0.6457304331194986,0.6457304331194986,0.10673852268549665,0.17598207275468647,0.07154897144031824
sess_42_003186,1106.24,card,mobile_android,genuine_browse_abandon,540,2,8,0.672,67.5,1,sms,0,0,0.17598207275468647,0.6457304331194986,0.10673852268549665,0.17598207275468647,0.07154897144031824
sess_42_003187,1742.29,cod,mobile_android,price_shock_breakdown,534,2,11,0.935,48.55,0,sms,1,0,0.23833084820766,0.32171299457016933,0.2633963223194074,0.23833084820766,0.17655983490276325
sess_42_003188,3093.11,netbanking,mobile_android,price_shock_breakdown,258,2,6,0.778,43.0,0,whatsapp,0,0,0.579300138099923,0.11695868075619749,0.579300138099923,0.17448184855563614,0.12925933258824335
sess_42_003189,1774.15,card,mobile_android,otp_timeout,144,3,8,0.805,18.0,1,sms,0,0,0.45962498828569537,0.2282430144379751,0.18686957509559202,0.45962498828569537,0.12526242218073758
sess_42_003190,1803.27,cod,mobile_ios,price_shock_breakdown,123,2,9,0.872,13.67,1,email,0,0,0.17655983490276325,0.32171299457016933,0.2633963223194074,0.23833084820766,0.17655983490276325
sess_42_003191,1230.51,upi,mobile_ios,upi_app_switch_abort,93,2,11,0.912,8.45,1,whatsapp,1,0,0.483942482820616,0.1780324901391686,0.483942482820616,0.24031872484904457,0.0977063021911707
sess_42_003192,2976.93,cod,mobile_android,upi_app_switch_abort,566,1,9,0.523,62.89,1,whatsapp,0,0,0.8204386747606477,0.049994806056778376,0.8204386747606477,0.07442851737376392,0.0551380018088101
sess_42_003193,2383.24,card,desktop,price_shock_breakdown,224,1,10,0.891,22.4,0,email,0,0,0.32304108720794833,0.2644836726048936,0.21654091644863488,0.19593432373852326,0.32304108720794833
sess_42_003194,455.48,cod,mobile_android,price_shock_breakdown,396,2,11,0.891,36.0,0,sms,0,0,0.40318370559932304,0.2986858353899521,0.13420819701225414,0.40318370559932304,0.16392226199847068
sess_42_003195,475.27,cod,mobile_android,price_shock_breakdown,341,2,11,0.885,31.0,0,none,0,0,0.2986858353899521,0.2986858353899521,0.13420819701225414,0.40318370559932304,0.16392226199847068
sess_42_003196,1409.89,upi,mobile_android,vpa_validation_failure,240,1,10,0.73,24.0,0,whatsapp,0,0,0.2202427743860977,0.26900513210002774,0.2202427743860977,0.3631189468483686,0.14763314666550595
sess_42_003197,3744.35,upi,mobile_android,price_shock_breakdown,463,2,8,0.498,57.88,0,sms,0,0,0.17448184855563614,0.11695868075619749,0.579300138099923,0.17448184855563614,0.12925933258824335
sess_42_003198,4337.21,cod,mobile_android,price_shock_breakdown,305,2,8,0.769,38.12,0,whatsapp,1,0,0.579300138099923,0.11695868075619749,0.579300138099923,0.17448184855563614,0.12925933258824335
sess_42_003199,3204.18,cod,mobile_android,price_shock_breakdown,557,2,8,0.807,69.62,0,sms,0,0,0.17448184855563614,0.11695868075619749,0.579300138099923,0.17448184855563614,0.12925933258824335
sess_42_003200,1614.85,card,mobile_android,price_shock_breakdown,149,2,8,0.456,18.62,1,sms,0,0,0.23833084820766,0.32171299457016933,0.2633963223194074,0.23833084820766,0.17655983490276325
sess_42_003201,5424.48,upi,desktop,vpa_validation_failure,502,2,7,0.846,71.71,0,sms,0,0,0.1506215041019237,0.10096461356355876,0.5000810046968293,0.1506215041019237,0.24833287763768827
sess_42_003202,1051.66,card,mobile_ios,price_shock_breakdown,243,1,5,0.789,48.6,0,email,0,0,0.14763314666550595,0.26900513210002774,0.2202427743860977,0.3631189468483686,0.14763314666550595
sess_42_003203,1400.01,upi,mobile_ios,price_shock_breakdown,117,2,8,0.501,14.62,0,sms,0,0,0.3631189468483686,0.26900513210002774,0.2202427743860977,0.3631189468483686,0.14763314666550595
sess_42_003204,622.85,cod,mobile_android,genuine_browse_abandon,191,1,8,0.589,23.88,0,whatsapp,0,0,0.061543213951843805,0.6784017024227375,0.061543213951843805,0.18488603235859524,0.07516905126682347
sess_42_003205,1395.49,netbanking,mobile_android,price_shock_breakdown,581,2,8,0.769,72.62,0,none,1,0,0.26900513210002774,0.26900513210002774,0.2202427743860977,0.3631189468483686,0.14763314666550595
sess_42_003206,947.39,upi,mobile_android,upi_app_switch_abort,600,1,7,0.431,85.71,0,whatsapp,0,0,0.483942482820616,0.1780324901391686,0.483942482820616,0.24031872484904457,0.0977063021911707
sess_42_003207,5729.61,upi,mobile_android,price_shock_breakdown,53,1,8,0.771,6.62,0,whatsapp,0,0,0.579300138099923,0.11695868075619749,0.579300138099923,0.17448184855563614,0.12925933258824335
sess_42_003208,4943.11,upi,mobile_android,price_shock_breakdown,292,2,6,0.66,48.67,1,whatsapp,0,0,0.579300138099923,0.11695868075619749,0.579300138099923,0.17448184855563614,0.12925933258824335
sess_42_003209,1895.92,cod,mobile_android,price_shock_breakdown,509,1,5,0.778,101.8,0,none,0,0,0.32171299457016933,0.32171299457016933,0.2633963223194074,0.23833084820766,0.17655983490276325
sess_42_003210,2566.27,cod,mobile_android,otp_timeout,532,3,8,0.897,66.5,1,whatsapp,1,1,0.4456809751737707,0.08998143702404678,0.4456809751737707,0.36489272043655063,0.09944486736563182
sess_42_003211,1149.23,netbanking,mobile_android,price_shock_breakdown,396,1,4,0.894,99.0,1,sms,0,0,0.3631189468483686,0.26900513210002774,0.2202427743860977,0.3631189468483686,0.14763314666550595
sess_42_003212,269.75,cod,desktop,price_shock_breakdown,217,1,4,0.73,54.25,1,none,0,0,0.24871968248815027,0.24871968248815027,0.11175695728796482,0.3357364540241366,0.3037869061997484
sess_42_003213,1020.61,upi,mobile_android,price_shock_breakdown,343,1,9,0.928,38.11,0,none,1,1,0.26900513210002774,0.26900513210002774,0.2202427743860977,0.3631189468483686,0.14763314666550595
sess_42_003214,3168.37,cod,mobile_android,price_shock_breakdown,402,1,10,0.604,40.2,0,whatsapp,0,0,0.579300138099923,0.11695868075619749,0.579300138099923,0.17448184855563614,0.12925933258824335
sess_42_003215,2511.46,cod,mobile_android,price_shock_breakdown,483,1,9,0.905,53.67,0,sms,0,0,0.17448184855563614,0.11695868075619749,0.579300138099923,0.17448184855563614,0.12925933258824335
sess_42_003216,1347.42,card,mobile_android,genuine_browse_abandon,599,1,4,0.643,149.75,0,none,0,0,0.6457304331194986,0.6457304331194986,0.10673852268549665,0.17598207275468647,0.07154897144031824
sess_42_003217,3148.33,upi,mobile_android,upi_app_switch_abort,71,1,5,0.861,14.2,0,whatsapp,0,0,0.8204386747606477,0.049994806056778376,0.8204386747606477,0.07442851737376392,0.0551380018088101
sess_42_003218,1270.14,cod,mobile_android,price_shock_breakdown,600,1,9,0.757,66.67,1,none,0,0,0.26900513210002774,0.26900513210002774,0.2202427743860977,0.3631189468483686,0.14763314666550595
sess_42_003219,768.0,cod,mobile_android,price_shock_breakdown,358,2,10,0.826,35.8,1,sms,1,1,0.40318370559932304,0.2986858353899521,0.13420819701225414,0.40318370559932304,0.16392226199847068
sess_42_003220,3148.54,cod,mobile_android,price_shock_breakdown,386,2,8,0.753,48.25,0,whatsapp,0,0,0.579300138099923,0.11695868075619749,0.579300138099923,0.17448184855563614,0.12925933258824335
sess_42_003221,1142.68,card,mobile_android,vpa_validation_failure,600,2,11,0.891,54.55,0,whatsapp,0,0,0.2202427743860977,0.26900513210002774,0.2202427743860977,0.3631189468483686,0.14763314666550595
sess_42_003222,3904.79,card,mobile_android,otp_timeout,447,1,4,0.855,111.75,0,whatsapp,0,0,0.4456809751737707,0.08998143702404678,0.4456809751737707,0.36489272043655063,0.09944486736563182
sess_42_003223,404.14,netbanking,mobile_ios,price_shock_breakdown,42,3,10,0.524,4.2,1,sms,1,0,0.40318370559932304,0.2986858353899521,0.13420819701225414,0.40318370559932304,0.16392226199847068
sess_42_003224,1179.5,upi,desktop,genuine_browse_abandon,354,2,9,0.7,39.33,0,none,0,0,0.5936734669792981,0.5936734669792981,0.09813356405833273,0.16179489443258677,0.14639807452978248
sess_42_003225,2829.58,upi,mobile_android,price_shock_breakdown,600,1,7,0.665,85.71,0,email,0,0,0.12925933258824335,0.11695868075619749,0.579300138099923,0.17448184855563614,0.12925933258824335
sess_42_003226,2618.61,upi,mobile_ios,genuine_browse_abandon,175,1,7,0.536,25.0,1,whatsapp,0,0,0.39614560278704986,0.39614560278704986,0.39614560278704986,0.11931676263392972,0.0883920317919707
sess_42_003227,1531.72,netbanking,mobile_android,price_shock_breakdown,464,2,7,0.548,66.29,0,whatsapp,0,0,0.2633963223194074,0.32171299457016933,0.2633963223194074,0.23833084820766,0.17655983490276325
sess_42_003228,2242.82,card,mobile_android,price_shock_breakdown,357,2,12,0.943,29.75,1,none,0,0,0.32171299457016933,0.32171299457016933,0.2633963223194074,0.23833084820766,0.17655983490276325
sess_42_003229,2008.45,cod,mobile_android,genuine_browse_abandon,587,2,8,0.843,73.38,1,none,1,1,0.7014242657747766,0.7014242657747766,0.11594465130421318,0.10491105892118391,0.07772002399982632
sess_42_003230,591.83,upi,mobile_android,upi_app_switch_abort,600,1,8,0.628,75.0,1,whatsapp,0,0,0.3397850697075843,0.22776474356861084,0.3397850697075843,0.30745024516137914,0.12499994156242572
sess_42_003231,1376.48,card,mobile_ios,otp_timeout,122,1,6,0.526,20.33,1,sms,1,0,0.6078175404546194,0.16564960413762098,0.13562242514266395,0.6078175404546194,0.09091043026509557
sess_42_003232,2144.25,card,desktop,genuine_browse_abandon,597,1,8,0.602,74.62,1,none,0,0,0.6404244338089113,0.6404244338089113,0.10586144689855206,0.0957873982812367,0.15792672101129984
sess_42_003233,2642.98,netbanking,mobile_android,price_shock_breakdown,549,1,7,0.589,78.43,1,none,0,0,0.11695868075619749,0.11695868075619749,0.579300138099923,0.17448184855563614,0.12925933258824335
sess_42_003234,1721.86,card,mobile_ios,genuine_browse_abandon,600,2,9,0.861,66.67,1,email,0,0,0.07772002399982632,0.7014242657747766,0.11594465130421318,0.10491105892118391,0.07772002399982632
sess_42_003235,1195.15,cod,mobile_android,genuine_browse_abandon,332,1,9,0.596,36.89,0,none,0,0,0.6457304331194986,0.6457304331194986,0.10673852268549665,0.17598207275468647,0.07154897144031824
sess_42_003236,664.56,cod,mobile_ios,price_shock_breakdown,600,1,8,0.727,75.0,1,sms,0,0,0.40318370559932304,0.2986858353899521,0.13420819701225414,0.40318370559932304,0.16392226199847068
sess_42_003237,3179.84,upi,mobile_android,price_shock_breakdown,310,1,6,0.87,51.67,1,whatsapp,0,0,0.579300138099923,0.11695868075619749,0.579300138099923,0.17448184855563614,0.12925933258824335
sess_42_003238,2928.18,cod,mobile_android,otp_timeout,167,1,9,0.746,18.56,0,sms,0,0,0.36489272043655063,0.08998143702404678,0.4456809751737707,0.36489272043655063,0.09944486736563182
sess_42_003239,3791.15,card,mobile_ios,price_shock_breakdown,454,2,9,0.914,50.44,0,email,0,0,0.12925933258824335,0.11695868075619749,0.579300138099923,0.17448184855563614,0.12925933258824335
sess_42_003240,805.31,cod,mobile_android,upi_app_switch_abort,207,1,4,0.433,51.75,0,sms,0,0,0.24031872484904457,0.1780324901391686,0.483942482820616,0.24031872484904457,0.0977063021911707
sess_42_003241,1981.3,cod,mobile_android,price_shock_breakdown,600,2,12,0.926,50.0,0,none,0,0,0.32171299457016933,0.32171299457016933,0.2633963223194074,0.23833084820766,0.17655983490276325
sess_42_003242,1075.78,cod,desktop,price_shock_breakdown,509,3,8,0.907,63.62,0,email,1,1,0.2782243497159696,0.22779083136758763,0.1864993589098446,0.30748546000659815,0.2782243497159696
sess_42_003243,1872.14,netbanking,mobile_android,price_shock_breakdown,295,2,12,0.703,24.58,1,none,1,1,0.32171299457016933,0.32171299457016933,0.2633963223194074,0.23833084820766,0.17655983490276325
sess_42_003244,15994.44,card,mobile_android,otp_timeout,89,2,6,0.861,14.83,0,sms,0,0,0.36489272043655063,0.08998143702404678,0.4456809751737707,0.36489272043655063,0.09944486736563182
sess_42_003245,3560.78,cod,mobile_android,genuine_browse_abandon,205,1,4,0.881,51.25,0,whatsapp,0,0,0.39614560278704986,0.39614560278704986,0.39614560278704986,0.11931676263392972,0.0883920317919707
sess_42_003246,1025.84,card,mobile_android,upi_app_switch_abort,445,1,10,0.904,44.5,0,none,1,0,0.1780324901391686,0.1780324901391686,0.483942482820616,0.24031872484904457,0.0977063021911707
sess_42_003247,1495.97,netbanking,mobile_android,price_shock_breakdown,88,1,9,0.776,9.78,1,sms,0,0,0.3631189468483686,0.26900513210002774,0.2202427743860977,0.3631189468483686,0.14763314666550595
sess_42_003248,1378.07,card,desktop,price_shock_breakdown,600,1,8,0.886,75.0,0,whatsapp,0,0,0.1864993589098446,0.22779083136758763,0.1864993589098446,0.30748546000659815,0.2782243497159696
sess_42_003249,1984.12,upi,mobile_android,genuine_browse_abandon,38,1,8,0.527,4.75,0,none,0,0,0.7014242657747766,0.7014242657747766,0.11594465130421318,0.10491105892118391,0.07772002399982632
sess_42_003250,576.54,upi,mobile_android,price_shock_breakdown,287,1,10,0.716,28.7,1,whatsapp,1,0,0.13420819701225414,0.2986858353899521,0.13420819701225414,0.40318370559932304,0.16392226199847068
sess_42_003251,2304.86,card,mobile_android,otp_timeout,195,2,10,0.895,19.5,1,sms,1,0,0.45962498828569537,0.2282430144379751,0.18686957509559202,0.45962498828569537,0.12526242218073758
sess_42_003252,369.37,cod,mobile_android,upi_app_switch_abort,240,1,5,0.92,48.0,1,none,0,0,0.22776474356861084,0.22776474356861084,0.3397850697075843,0.30745024516137914,0.12499994156242572
sess_42_003253,515.67,upi,mobile_android,price_shock_breakdown,405,3,12,0.881,33.75,1,none,1,0,0.2986858353899521,0.2986858353899521,0.13420819701225414,0.40318370559932304,0.16392226199847068
sess_42_003254,8113.27,cod,mobile_android,otp_timeout,306,1,9,0.454,34.0,1,email,1,1,0.09944486736563182,0.08998143702404678,0.4456809751737707,0.36489272043655063,0.09944486736563182
sess_42_003255,1379.44,cod,mobile_android,otp_timeout,274,2,9,0.936,30.44,0,sms,1,0,0.6078175404546194,0.16564960413762098,0.13562242514266395,0.6078175404546194,0.09091043026509557
sess_42_003256,5269.47,cod,mobile_ios,price_shock_breakdown,190,1,6,0.818,31.67,0,whatsapp,0,0,0.579300138099923,0.11695868075619749,0.579300138099923,0.17448184855563614,0.12925933258824335
sess_42_003257,984.74,upi,mobile_ios,upi_app_switch_abort,600,2,11,0.926,54.55,1,whatsapp,1,0,0.483942482820616,0.1780324901391686,0.483942482820616,0.24031872484904457,0.0977063021911707
sess_42_003258,373.86,cod,mobile_android,price_shock_breakdown,225,2,7,0.789,32.14,1,none,1,0,0.2986858353899521,0.2986858353899521,0.13420819701225414,0.40318370559932304,0.16392226199847068
sess_42_003259,822.21,upi,mobile_android,price_shock_breakdown,503,1,8,0.496,62.88,1,email,0,0,0.14763314666550595,0.26900513210002774,0.2202427743860977,0.3631189468483686,0.14763314666550595
sess_42_003260,13575.2,netbanking,mobile_android,price_shock_breakdown,600,1,9,0.846,66.67,1,sms,1,0,0.17448184855563614,0.11695868075619749,0.579300138099923,0.17448184855563614,0.12925933258824335
sess_42_003261,627.65,cod,mobile_android,price_shock_breakdown,373,2,11,0.701,33.91,1,sms,1,1,0.40318370559932304,0.2986858353899521,0.13420819701225414,0.40318370559932304,0.16392226199847068
sess_42_003262,6852.47,card,mobile_android,genuine_browse_abandon,481,2,7,0.587,68.71,1,none,0,0,0.39614560278704986,0.39614560278704986,0.39614560278704986,0.11931676263392972,0.0883920317919707
sess_42_003263,2342.35,upi,mobile_android,price_shock_breakdown,205,2,11,0.467,18.64,0,sms,0,0,0.23833084820766,0.32171299457016933,0.2633963223194074,0.23833084820766,0.17655983490276325
sess_42_003264,1978.07,card,mobile_android,price_shock_breakdown,279,1,8,0.531,34.88,0,none,0,0,0.32171299457016933,0.32171299457016933,0.2633963223194074,0.23833084820766,0.17655983490276325
sess_42_003265,1031.28,cod,mobile_ios,otp_timeout,390,3,11,0.53,35.45,0,sms,0,0,0.6078175404546194,0.16564960413762098,0.13562242514266395,0.6078175404546194,0.09091043026509557
sess_42_003266,919.74,card,mobile_android,upi_app_switch_abort,436,1,5,0.426,87.2,1,whatsapp,1,0,0.483942482820616,0.1780324901391686,0.483942482820616,0.24031872484904457,0.0977063021911707
sess_42_003267,2760.23,cod,mobile_android,genuine_browse_abandon,528,1,4,0.661,132.0,1,whatsapp,1,0,0.39614560278704986,0.39614560278704986,0.39614560278704986,0.11931676263392972,0.0883920317919707
sess_42_003268,4863.22,upi,desktop,vpa_validation_failure,246,1,6,0.519,41.0,1,whatsapp,0,0,0.5000810046968293,0.10096461356355876,0.5000810046968293,0.1506215041019237,0.24833287763768827
sess_42_003269,2094.81,card,mobile_android,otp_timeout,152,1,4,0.591,38.0,0,sms,0,0,0.45962498828569537,0.2282430144379751,0.18686957509559202,0.45962498828569537,0.12526242218073758
sess_42_003270,3148.48,card,desktop,otp_timeout,528,1,4,0.783,132.0,0,sms,0,0,0.32525292510196563,0.08020638384327146,0.397264819819204,0.32525292510196563,0.19727587123555898
sess_42_003271,1313.97,upi,mobile_android,genuine_browse_abandon,600,2,10,0.527,60.0,0,none,0,0,0.6457304331194986,0.6457304331194986,0.10673852268549665,0.17598207275468647,0.07154897144031824
sess_42_003272,9226.3,upi,mobile_android,genuine_browse_abandon,182,1,10,0.591,18.2,0,whatsapp,0,0,0.39614560278704986,0.39614560278704986,0.39614560278704986,0.11931676263392972,0.0883920317919707
sess_42_003273,2162.33,card,mobile_android,otp_timeout,435,2,9,0.593,48.33,0,sms,0,0,0.45962498828569537,0.2282430144379751,0.18686957509559202,0.45962498828569537,0.12526242218073758
sess_42_003274,8307.39,netbanking,mobile_android,price_shock_breakdown,319,1,10,0.749,31.9,0,whatsapp,0,0,0.579300138099923,0.11695868075619749,0.579300138099923,0.17448184855563614,0.12925933258824335
sess_42_003275,876.64,card,mobile_ios,price_shock_breakdown,600,2,11,0.92,54.55,1,whatsapp,1,1,0.2202427743860977,0.26900513210002774,0.2202427743860977,0.3631189468483686,0.14763314666550595
sess_42_003276,1748.03,upi,mobile_android,price_shock_breakdown,583,1,5,0.837,116.6,1,whatsapp,0,0,0.2633963223194074,0.32171299457016933,0.2633963223194074,0.23833084820766,0.17655983490276325
sess_42_003277,4038.47,netbanking,mobile_android,price_shock_breakdown,520,1,4,0.501,130.0,0,whatsapp,1,0,0.579300138099923,0.11695868075619749,0.579300138099923,0.17448184855563614,0.12925933258824335
sess_42_003278,2011.25,card,mobile_android,price_shock_breakdown,321,2,8,0.728,40.12,0,whatsapp,0,0,0.2633963223194074,0.32171299457016933,0.2633963223194074,0.23833084820766,0.17655983490276325
sess_42_003279,2665.92,upi,mobile_android,genuine_browse_abandon,274,3,8,0.767,34.25,1,none,0,0,0.39614560278704986,0.39614560278704986,0.39614560278704986,0.11931676263392972,0.0883920317919707
sess_42_003280,868.41,cod,mobile_android,price_shock_breakdown,442,1,4,0.552,110.5,0,sms,0,0,0.3631189468483686,0.26900513210002774,0.2202427743860977,0.3631189468483686,0.14763314666550595
sess_42_003281,1333.92,cod,mobile_android,price_shock_breakdown,428,1,9,0.436,47.56,0,none,0,0,0.26900513210002774,0.26900513210002774,0.2202427743860977,0.3631189468483686,0.14763314666550595
sess_42_003282,937.77,upi,mobile_android,genuine_browse_abandon,176,1,4,0.683,44.0,0,whatsapp,0,0,0.10673852268549665,0.6457304331194986,0.10673852268549665,0.17598207275468647,0.07154897144031824
sess_42_003283,1695.71,upi,mobile_android,price_shock_breakdown,146,1,10,0.878,14.6,1,whatsapp,0,0,0.2633963223194074,0.32171299457016933,0.2633963223194074,0.23833084820766,0.17655983490276325
sess_42_003284,1569.79,cod,mobile_ios,otp_timeout,476,2,7,0.472,68.0,0,email,1,1,0.12526242218073758,0.2282430144379751,0.18686957509559202,0.45962498828569537,0.12526242218073758
sess_42_003285,1215.88,upi,mobile_android,vpa_validation_failure,97,1,9,0.609,10.78,0,sms,0,0,0.3631189468483686,0.26900513210002774,0.2202427743860977,0.3631189468483686,0.14763314666550595
sess_42_003286,2905.21,cod,mobile_ios,price_shock_breakdown,346,1,4,0.585,86.5,1,email,0,0,0.12925933258824335,0.11695868075619749,0.579300138099923,0.17448184855563614,0.12925933258824335
sess_42_003287,813.32,card,mobile_android,genuine_browse_abandon,247,2,8,0.721,30.88,1,whatsapp,0,0,0.10673852268549665,0.6457304331194986,0.10673852268549665,0.17598207275468647,0.07154897144031824
sess_42_003288,360.72,cod,mobile_ios,price_shock_breakdown,348,2,6,0.556,58.0,1,email,0,0,0.16392226199847068,0.2986858353899521,0.13420819701225414,0.40318370559932304,0.16392226199847068
sess_42_003289,1177.7,netbanking,mobile_android,otp_timeout,246,1,10,0.828,24.6,1,none,0,0,0.16564960413762098,0.16564960413762098,0.13562242514266395,0.6078175404546194,0.09091043026509557
sess_42_003290,9084.3,card,mobile_android,otp_timeout,143,1,4,0.638,35.75,0,sms,1,1,0.36489272043655063,0.08998143702404678,0.4456809751737707,0.36489272043655063,0.09944486736563182
sess_42_003291,2650.29,card,mobile_android,genuine_browse_abandon,235,3,8,0.839,29.38,0,whatsapp,0,0,0.39614560278704986,0.39614560278704986,0.39614560278704986,0.11931676263392972,0.0883920317919707
sess_42_003292,958.45,cod,mobile_ios,price_shock_breakdown,79,1,10,0.799,7.9,0,whatsapp,0,0,0.2202427743860977,0.26900513210002774,0.2202427743860977,0.3631189468483686,0.14763314666550595
sess_42_003293,2524.45,upi,mobile_android,upi_app_switch_abort,295,1,9,0.68,32.78,1,whatsapp,0,0,0.8204386747606477,0.049994806056778376,0.8204386747606477,0.07442851737376392,0.0551380018088101
sess_42_003294,1634.99,card,mobile_android,otp_timeout,131,2,11,0.723,11.91,0,none,1,0,0.2282430144379751,0.2282430144379751,0.18686957509559202,0.45962498828569537,0.12526242218073758
sess_42_003295,2418.06,card,mobile_android,upi_app_switch_abort,350,2,7,0.721,50.0,1,whatsapp,0,0,0.5427974771347435,0.1996840325575982,0.5427974771347435,0.14792956969787008,0.10958892060978828
sess_42_003296,3500.11,upi,mobile_android,upi_app_switch_abort,186,2,9,0.795,20.67,1,email,0,0,0.0551380018088101,0.049994806056778376,0.8204386747606477,0.07442851737376392,0.0551380018088101
sess_42_003297,2090.45,upi,mobile_android,upi_app_switch_abort,245,2,7,0.873,35.0,0,none,0,0,0.1996840325575982,0.1996840325575982,0.5427974771347435,0.14792956969787008,0.10958892060978828
sess_42_003298,1979.13,upi,mobile_android,price_shock_breakdown,301,2,6,0.853,50.17,0,sms,0,0,0.23833084820766,0.32171299457016933,0.2633963223194074,0.23833084820766,0.17655983490276325
sess_42_003299,5513.07,card,mobile_android,genuine_browse_abandon,346,1,6,0.803,57.67,0,whatsapp,0,0,0.39614560278704986,0.39614560278704986,0.39614560278704986,0.11931676263392972,0.0883920317919707
sess_42_003300,2710.13,card,desktop,upi_app_switch_abort,302,2,10,0.633,30.2,1,whatsapp,1,0,0.766083108012708,0.049837407703541635,0.766083108012708,0.06949749160850477,0.1145819926752455
sess_42_003301,2092.53,cod,mobile_ios,price_shock_breakdown,600,1,5,0.825,120.0,0,sms,1,1,0.23833084820766,0.32171299457016933,0.2633963223194074,0.23833084820766,0.17655983490276325
sess_42_003302,1866.2,card,mobile_android,price_shock_breakdown,579,1,10,0.927,57.9,1,whatsapp,1,0,0.2633963223194074,0.32171299457016933,0.2633963223194074,0.23833084820766,0.17655983490276325
sess_42_003303,1182.72,card,mobile_android,otp_timeout,392,2,9,0.598,43.56,0,sms,0,0,0.6078175404546194,0.16564960413762098,0.13562242514266395,0.6078175404546194,0.09091043026509557
sess_42_003304,710.41,card,mobile_ios,otp_timeout,85,1,10,0.769,8.5,1,sms,0,0,0.647434897682398,0.17644659353817646,0.0792825650965213,0.647434897682398,0.09683594368290428
sess_42_003305,2989.31,card,mobile_ios,genuine_browse_abandon,600,1,6,0.799,100.0,1,none,0,0,0.39614560278704986,0.39614560278704986,0.39614560278704986,0.11931676263392972,0.0883920317919707
sess_42_003306,4709.99,upi,mobile_android,vpa_validation_failure,510,2,8,0.819,63.75,0,sms,0,0,0.17448184855563614,0.11695868075619749,0.579300138099923,0.17448184855563614,0.12925933258824335
sess_42_003307,2492.09,card,mobile_ios,otp_timeout,566,1,7,0.754,80.86,0,sms,0,0,0.45962498828569537,0.2282430144379751,0.18686957509559202,0.45962498828569537,0.12526242218073758
sess_42_003308,2764.04,upi,desktop,price_shock_breakdown,585,1,5,0.616,117.0,0,whatsapp,0,0,0.5000810046968293,0.10096461356355876,0.5000810046968293,0.1506215041019237,0.24833287763768827
sess_42_003309,929.53,upi,mobile_android,genuine_browse_abandon,342,1,6,0.736,57.0,1,none,0,0,0.6457304331194986,0.6457304331194986,0.10673852268549665,0.17598207275468647,0.07154897144031824
sess_42_003310,1156.15,cod,mobile_ios,upi_app_switch_abort,402,2,7,0.609,57.43,0,none,0,0,0.1780324901391686,0.1780324901391686,0.483942482820616,0.24031872484904457,0.0977063021911707
sess_42_003311,691.34,card,mobile_android,price_shock_breakdown,217,1,4,0.882,54.25,0,none,0,0,0.2986858353899521,0.2986858353899521,0.13420819701225414,0.40318370559932304,0.16392226199847068
sess_42_003312,1499.46,cod,mobile_ios,price_shock_breakdown,95,2,12,0.863,7.92,1,sms,0,0,0.3631189468483686,0.26900513210002774,0.2202427743860977,0.3631189468483686,0.14763314666550595
sess_42_003313,3779.71,upi,mobile_android,upi_app_switch_abort,104,2,11,0.45,9.45,1,whatsapp,1,0,0.8204386747606477,0.049994806056778376,0.8204386747606477,0.07442851737376392,0.0551380018088101
sess_42_003314,1071.62,upi,mobile_android,price_shock_breakdown,505,2,11,0.631,45.91,0,sms,0,0,0.3631189468483686,0.26900513210002774,0.2202427743860977,0.3631189468483686,0.14763314666550595
sess_42_003315,1709.58,card,mobile_android,price_shock_breakdown,209,1,9,0.689,23.22,1,sms,1,0,0.23833084820766,0.32171299457016933,0.2633963223194074,0.23833084820766,0.17655983490276325
sess_42_003316,3062.05,cod,mobile_android,genuine_browse_abandon,600,2,10,0.808,60.0,1,whatsapp,0,0,0.39614560278704986,0.39614560278704986,0.39614560278704986,0.11931676263392972,0.0883920317919707
sess_42_003317,4474.24,upi,mobile_android,upi_app_switch_abort,204,2,11,0.748,18.55,1,none,0,0,0.049994806056778376,0.049994806056778376,0.8204386747606477,0.07442851737376392,0.0551380018088101
sess_42_003318,525.7,netbanking,mobile_android,vpa_validation_failure,388,1,5,0.884,77.6,1,email,0,0,0.16392226199847068,0.2986858353899521,0.13420819701225414,0.40318370559932304,0.16392226199847068
sess_42_003319,1264.57,upi,mobile_android,upi_app_switch_abort,582,1,8,0.806,72.75,1,whatsapp,0,0,0.483942482820616,0.1780324901391686,0.483942482820616,0.24031872484904457,0.0977063021911707
sess_42_003320,1039.29,card,mobile_ios,price_shock_breakdown,174,1,7,0.749,24.86,1,whatsapp,1,0,0.2202427743860977,0.26900513210002774,0.2202427743860977,0.3631189468483686,0.14763314666550595
sess_42_003321,936.8,cod,mobile_android,price_shock_breakdown,136,2,9,0.78,15.11,1,email,0,0,0.14763314666550595,0.26900513210002774,0.2202427743860977,0.3631189468483686,0.14763314666550595
sess_42_003322,1356.66,cod,mobile_ios,genuine_browse_abandon,307,1,9,0.891,34.11,0,email,1,1,0.07154897144031824,0.6457304331194986,0.10673852268549665,0.17598207275468647,0.07154897144031824
sess_42_003323,419.64,cod,mobile_android,price_shock_breakdown,558,2,11,0.697,50.73,1,whatsapp,1,0,0.13420819701225414,0.2986858353899521,0.13420819701225414,0.40318370559932304,0.16392226199847068
sess_42_003324,1372.38,netbanking,mobile_android,otp_timeout,217,1,8,0.703,27.12,1,sms,1,0,0.6078175404546194,0.16564960413762098,0.13562242514266395,0.6078175404546194,0.09091043026509557
sess_42_003325,1856.15,upi,mobile_ios,vpa_validation_failure,457,1,10,0.842,45.7,0,none,0,0,0.32171299457016933,0.32171299457016933,0.2633963223194074,0.23833084820766,0.17655983490276325
sess_42_003326,826.87,upi,mobile_android,genuine_browse_abandon,445,1,4,0.535,111.25,0,sms,0,0,0.17598207275468647,0.6457304331194986,0.10673852268549665,0.17598207275468647,0.07154897144031824
sess_42_003327,1259.81,card,mobile_android,otp_timeout,540,2,11,0.69,49.09,0,none,0,0,0.16564960413762098,0.16564960413762098,0.13562242514266395,0.6078175404546194,0.09091043026509557
sess_42_003328,1834.76,upi,mobile_android,upi_app_switch_abort,568,2,11,0.834,51.64,0,email,1,0,0.10958892060978828,0.1996840325575982,0.5427974771347435,0.14792956969787008,0.10958892060978828
sess_42_003329,1978.04,card,mobile_android,price_shock_breakdown,141,2,7,0.8,20.14,1,whatsapp,0,0,0.2633963223194074,0.32171299457016933,0.2633963223194074,0.23833084820766,0.17655983490276325
sess_42_003330,530.69,cod,mobile_ios,genuine_browse_abandon,600,2,8,0.896,75.0,0,none,1,1,0.6784017024227375,0.6784017024227375,0.061543213951843805,0.18488603235859524,0.07516905126682347
sess_42_003331,3057.01,card,mobile_android,otp_timeout,505,2,7,0.838,72.14,0,sms,0,0,0.36489272043655063,0.08998143702404678,0.4456809751737707,0.36489272043655063,0.09944486736563182
sess_42_003332,3112.65,upi,mobile_android,upi_app_switch_abort,600,1,5,0.505,120.0,1,whatsapp,0,0,0.8204386747606477,0.049994806056778376,0.8204386747606477,0.07442851737376392,0.0551380018088101
sess_42_003333,1036.05,cod,desktop,otp_timeout,192,2,9,0.879,21.33,0,none,0,0,0.14904395356123945,0.14904395356123945,0.12202686834091331,0.5468864821310532,0.18204269596679412
sess_42_003334,6364.31,cod,mobile_android,price_shock_breakdown,560,1,8,0.775,70.0,0,sms,0,0,0.17448184855563614,0.11695868075619749,0.579300138099923,0.17448184855563614,0.12925933258824335
sess_42_003335,2544.97,upi,mobile_android,genuine_browse_abandon,399,1,6,0.51,66.5,0,none,0,0,0.39614560278704986,0.39614560278704986,0.39614560278704986,0.11931676263392972,0.0883920317919707
sess_42_003336,2283.48,upi,mobile_ios,price_shock_breakdown,600,3,11,0.614,54.55,1,email,1,0,0.17655983490276325,0.32171299457016933,0.2633963223194074,0.23833084820766,0.17655983490276325
sess_42_003337,3017.85,cod,mobile_android,price_shock_breakdown,115,2,8,0.493,14.38,0,whatsapp,0,0,0.579300138099923,0.11695868075619749,0.579300138099923,0.17448184855563614,0.12925933258824335
sess_42_003338,833.18,upi,mobile_ios,upi_app_switch_abort,440,1,4,0.893,110.0,0,whatsapp,0,0,0.483942482820616,0.1780324901391686,0.483942482820616,0.24031872484904457,0.0977063021911707
sess_42_003339,1387.03,upi,mobile_android,genuine_browse_abandon,600,1,10,0.692,60.0,0,whatsapp,0,0,0.10673852268549665,0.6457304331194986,0.10673852268549665,0.17598207275468647,0.07154897144031824
sess_42_003340,2873.25,cod,mobile_android,genuine_browse_abandon,521,2,8,0.702,65.12,0,whatsapp,0,0,0.39614560278704986,0.39614560278704986,0.39614560278704986,0.11931676263392972,0.0883920317919707
sess_42_003341,993.92,netbanking,mobile_android,price_shock_breakdown,408,1,9,0.497,45.33,0,whatsapp,0,0,0.2202427743860977,0.26900513210002774,0.2202427743860977,0.3631189468483686,0.14763314666550595
sess_42_003342,1388.07,card,mobile_ios,price_shock_breakdown,446,2,11,0.675,40.55,0,none,0,0,0.26900513210002774,0.26900513210002774,0.2202427743860977,0.3631189468483686,0.14763314666550595
sess_42_003343,2837.75,cod,mobile_ios,genuine_browse_abandon,445,2,9,0.868,49.44,0,email,0,0,0.0883920317919707,0.39614560278704986,0.39614560278704986,0.11931676263392972,0.0883920317919707
sess_42_003344,2281.04,card,mobile_android,vpa_validation_failure,598,2,9,0.845,66.44,0,none,0,0,0.32171299457016933,0.32171299457016933,0.2633963223194074,0.23833084820766,0.17655983490276325
sess_42_003345,1836.65,upi,mobile_android,upi_app_switch_abort,239,1,6,0.818,39.83,0,sms,0,0,0.14792956969787008,0.1996840325575982,0.5427974771347435,0.14792956969787008,0.10958892060978828
sess_42_003346,1894.92,cod,mobile_android,otp_timeout,600,1,9,0.792,66.67,0,sms,1,0,0.45962498828569537,0.2282430144379751,0.18686957509559202,0.45962498828569537,0.12526242218073758
sess_42_003347,1585.79,card,mobile_android,otp_timeout,329,1,5,0.815,65.8,1,none,0,0,0.2282430144379751,0.2282430144379751,0.18686957509559202,0.45962498828569537,0.12526242218073758
sess_42_003348,3427.48,cod,mobile_android,price_shock_breakdown,600,2,7,0.847,85.71,0,none,0,0,0.11695868075619749,0.11695868075619749,0.579300138099923,0.17448184855563614,0.12925933258824335
sess_42_003349,8669.34,upi,mobile_android,vpa_validation_failure,232,1,10,0.768,23.2,1,whatsapp,0,0,0.579300138099923,0.11695868075619749,0.579300138099923,0.17448184855563614,0.12925933258824335
sess_42_003350,2251.84,card,mobile_android,otp_timeout,475,2,9,0.51,52.78,1,sms,1,0,0.45962498828569537,0.2282430144379751,0.18686957509559202,0.45962498828569537,0.12526242218073758
sess_42_003351,4729.23,card,mobile_android,price_shock_breakdown,372,2,8,0.702,46.5,0,sms,1,0,0.17448184855563614,0.11695868075619749,0.579300138099923,0.17448184855563614,0.12925933258824335
sess_42_003352,1303.06,cod,mobile_android,genuine_browse_abandon,442,2,6,0.45,73.67,0,none,0,0,0.6457304331194986,0.6457304331194986,0.10673852268549665,0.17598207275468647,0.07154897144031824
sess_42_003353,1084.45,upi,mobile_android,price_shock_breakdown,242,2,11,0.777,22.0,1,none,0,0,0.26900513210002774,0.26900513210002774,0.2202427743860977,0.3631189468483686,0.14763314666550595
sess_42_003354,1001.1,card,mobile_ios,price_shock_breakdown,410,1,5,0.88,82.0,0,whatsapp,1,0,0.2202427743860977,0.26900513210002774,0.2202427743860977,0.3631189468483686,0.14763314666550595
sess_42_003355,908.0,card,mobile_android,genuine_browse_abandon,560,1,4,0.671,140.0,1,none,0,0,0.6457304331194986,0.6457304331194986,0.10673852268549665,0.17598207275468647,0.07154897144031824
sess_42_003356,1450.77,cod,mobile_ios,otp_timeout,157,2,6,0.58,26.17,0,whatsapp,0,0,0.13562242514266395,0.16564960413762098,0.13562242514266395,0.6078175404546194,0.09091043026509557
sess_42_003357,3514.25,cod,mobile_android,genuine_browse_abandon,362,2,11,0.653,32.91,0,whatsapp,0,0,0.39614560278704986,0.39614560278704986,0.39614560278704986,0.11931676263392972,0.0883920317919707
sess_42_003358,3836.06,upi,mobile_ios,upi_app_switch_abort,409,1,9,0.836,45.44,1,whatsapp,1,0,0.8204386747606477,0.049994806056778376,0.8204386747606477,0.07442851737376392,0.0551380018088101
sess_42_003359,1233.68,cod,mobile_android,genuine_browse_abandon,390,1,7,0.694,55.71,0,sms,0,0,0.17598207275468647,0.6457304331194986,0.10673852268549665,0.17598207275468647,0.07154897144031824
sess_42_003360,1418.08,netbanking,mobile_ios,price_shock_breakdown,600,2,10,0.876,60.0,1,none,1,0,0.26900513210002774,0.26900513210002774,0.2202427743860977,0.3631189468483686,0.14763314666550595
sess_42_003361,1805.27,cod,mobile_android,price_shock_breakdown,58,1,7,0.806,8.29,1,none,0,0,0.32171299457016933,0.32171299457016933,0.2633963223194074,0.23833084820766,0.17655983490276325
sess_42_003362,2155.05,netbanking,mobile_android,price_shock_breakdown,351,2,8,0.616,43.88,1,email,1,1,0.17655983490276325,0.32171299457016933,0.2633963223194074,0.23833084820766,0.17655983490276325
sess_42_003363,2807.45,cod,mobile_android,genuine_browse_abandon,495,2,11,0.772,45.0,1,none,0,0,0.39614560278704986,0.39614560278704986,0.39614560278704986,0.11931676263392972,0.0883920317919707
sess_42_003364,1340.29,cod,mobile_android,upi_app_switch_abort,167,2,12,0.57,13.92,0,whatsapp,1,1,0.483942482820616,0.1780324901391686,0.483942482820616,0.24031872484904457,0.0977063021911707
sess_42_003365,1555.7,upi,mobile_ios,price_shock_breakdown,171,1,4,0.517,42.75,0,email,1,0,0.17655983490276325,0.32171299457016933,0.2633963223194074,0.23833084820766,0.17655983490276325
sess_42_003366,4994.11,card,mobile_android,price_shock_breakdown,222,2,10,0.475,22.2,0,whatsapp,0,0,0.579300138099923,0.11695868075619749,0.579300138099923,0.17448184855563614,0.12925933258824335
sess_42_003367,1467.13,cod,mobile_android,price_shock_breakdown,600,1,4,0.537,150.0,1,none,1,0,0.26900513210002774,0.26900513210002774,0.2202427743860977,0.3631189468483686,0.14763314666550595
sess_42_003368,1175.02,netbanking,mobile_android,upi_app_switch_abort,335,1,4,0.814,83.75,1,none,0,0,0.1780324901391686,0.1780324901391686,0.483942482820616,0.24031872484904457,0.0977063021911707
sess_42_003369,1695.7,cod,mobile_android,genuine_browse_abandon,238,2,6,0.468,39.67,1,none,0,0,0.7014242657747766,0.7014242657747766,0.11594465130421318,0.10491105892118391,0.07772002399982632
sess_42_003370,1917.18,card,mobile_android,otp_timeout,600,1,6,0.752,100.0,1,sms,1,0,0.45962498828569537,0.2282430144379751,0.18686957509559202,0.45962498828569537,0.12526242218073758
sess_42_003371,569.26,cod,mobile_android,genuine_browse_abandon,484,2,6,0.605,80.67,0,none,1,0,0.6784017024227375,0.6784017024227375,0.061543213951843805,0.18488603235859524,0.07516905126682347
sess_42_003372,1296.26,upi,mobile_android,genuine_browse_abandon,245,1,5,0.912,49.0,1,none,0,0,0.6457304331194986,0.6457304331194986,0.10673852268549665,0.17598207275468647,0.07154897144031824
sess_42_003373,2477.42,upi,mobile_android,price_shock_breakdown,600,1,10,0.738,60.0,1,sms,0,0,0.23833084820766,0.32171299457016933,0.2633963223194074,0.23833084820766,0.17655983490276325
sess_42_003374,8130.47,card,mobile_android,price_shock_breakdown,600,2,8,0.826,75.0,0,whatsapp,1,0,0.579300138099923,0.11695868075619749,0.579300138099923,0.17448184855563614,0.12925933258824335
sess_42_003375,1216.02,upi,desktop,price_shock_breakdown,479,3,8,0.829,59.88,0,email,0,0,0.2782243497159696,0.22779083136758763,0.1864993589098446,0.30748546000659815,0.2782243497159696
sess_42_003376,3208.82,cod,desktop,price_shock_breakdown,360,1,6,0.646,60.0,0,whatsapp,0,0,0.5000810046968293,0.10096461356355876,0.5000810046968293,0.1506215041019237,0.24833287763768827
sess_42_003377,2068.14,cod,mobile_android,price_shock_breakdown,254,1,9,0.472,28.22,0,none,0,0,0.32171299457016933,0.32171299457016933,0.2633963223194074,0.23833084820766,0.17655983490276325
sess_42_003378,4315.68,upi,mobile_android,price_shock_breakdown,238,2,11,0.504,21.64,0,whatsapp,0,0,0.579300138099923,0.11695868075619749,0.579300138099923,0.17448184855563614,0.12925933258824335
sess_42_003379,1136.67,upi,desktop,vpa_validation_failure,580,1,9,0.652,64.44,0,sms,0,0,0.30748546000659815,0.22779083136758763,0.1864993589098446,0.30748546000659815,0.2782243497159696
sess_42_003380,4135.61,card,mobile_ios,price_shock_breakdown,99,2,7,0.751,14.14,0,whatsapp,0,0,0.579300138099923,0.11695868075619749,0.579300138099923,0.17448184855563614,0.12925933258824335
sess_42_003381,5174.79,cod,mobile_android,genuine_browse_abandon,178,1,4,0.685,44.5,0,email,0,0,0.0883920317919707,0.39614560278704986,0.39614560278704986,0.11931676263392972,0.0883920317919707
sess_42_003382,5342.55,cod,mobile_android,otp_timeout,201,1,5,0.803,40.2,0,whatsapp,0,0,0.4456809751737707,0.08998143702404678,0.4456809751737707,0.36489272043655063,0.09944486736563182
sess_42_003383,5274.06,upi,mobile_ios,genuine_browse_abandon,407,1,5,0.866,81.4,0,none,0,0,0.39614560278704986,0.39614560278704986,0.39614560278704986,0.11931676263392972,0.0883920317919707
sess_42_003384,2086.31,upi,mobile_android,vpa_validation_failure,197,2,12,0.559,16.42,1,sms,0,0,0.23833084820766,0.32171299457016933,0.2633963223194074,0.23833084820766,0.17655983490276325
sess_42_003385,2803.74,cod,mobile_ios,price_shock_breakdown,510,2,11,0.623,46.36,0,sms,0,0,0.17448184855563614,0.11695868075619749,0.579300138099923,0.17448184855563614,0.12925933258824335
sess_42_003386,1319.91,upi,mobile_ios,genuine_browse_abandon,156,1,9,0.587,17.33,1,none,0,0,0.6457304331194986,0.6457304331194986,0.10673852268549665,0.17598207275468647,0.07154897144031824
sess_42_003387,341.31,upi,mobile_android,price_shock_breakdown,293,1,8,0.516,36.62,0,whatsapp,1,0,0.13420819701225414,0.2986858353899521,0.13420819701225414,0.40318370559932304,0.16392226199847068
sess_42_003388,2190.55,upi,desktop,price_shock_breakdown,148,1,8,0.709,18.5,0,whatsapp,0,0,0.21654091644863488,0.2644836726048936,0.21654091644863488,0.19593432373852326,0.32304108720794833
sess_42_003389,1602.39,upi,desktop,genuine_browse_abandon,600,1,9,0.507,66.67,0,none,0,0,0.6404244338089113,0.6404244338089113,0.10586144689855206,0.0957873982812367,0.15792672101129984
sess_42_003390,3723.05,upi,mobile_android,price_shock_breakdown,492,1,10,0.461,49.2,0,email,0,0,0.12925933258824335,0.11695868075619749,0.579300138099923,0.17448184855563614,0.12925933258824335
sess_42_003391,3451.22,netbanking,desktop,otp_timeout,392,1,9,0.469,43.56,0,whatsapp,0,0,0.397264819819204,0.08020638384327146,0.397264819819204,0.32525292510196563,0.19727587123555898
sess_42_003392,815.15,upi,mobile_android,price_shock_breakdown,596,1,6,0.8,99.33,1,none,0,0,0.26900513210002774,0.26900513210002774,0.2202427743860977,0.3631189468483686,0.14763314666550595
sess_42_003393,10450.1,card,mobile_android,otp_timeout,554,1,4,0.704,138.5,0,sms,0,0,0.36489272043655063,0.08998143702404678,0.4456809751737707,0.36489272043655063,0.09944486736563182
sess_42_003394,2418.98,upi,mobile_android,price_shock_breakdown,426,2,9,0.91,47.33,0,sms,0,0,0.23833084820766,0.32171299457016933,0.2633963223194074,0.23833084820766,0.17655983490276325
sess_42_003395,690.13,upi,mobile_android,upi_app_switch_abort,190,2,10,0.902,19.0,0,sms,1,0,0.30745024516137914,0.22776474356861084,0.3397850697075843,0.30745024516137914,0.12499994156242572
sess_42_003396,766.55,card,mobile_android,price_shock_breakdown,143,1,4,0.78,35.75,0,sms,0,0,0.40318370559932304,0.2986858353899521,0.13420819701225414,0.40318370559932304,0.16392226199847068
sess_42_003397,353.08,netbanking,desktop,otp_timeout,596,3,8,0.863,74.5,1,sms,1,0,0.5787508260162643,0.1577280003341284,0.07087175900241471,0.5787508260162643,0.19264941464719262
sess_42_003398,3205.86,cod,mobile_android,price_shock_breakdown,600,2,12,0.522,50.0,0,sms,0,0,0.17448184855563614,0.11695868075619749,0.579300138099923,0.17448184855563614,0.12925933258824335
sess_42_003399,1217.86,upi,desktop,price_shock_breakdown,429,3,14,0.86,30.64,1,sms,1,0,0.30748546000659815,0.22779083136758763,0.1864993589098446,0.30748546000659815,0.2782243497159696
sess_42_003400,962.67,cod,mobile_android,price_shock_breakdown,107,2,11,0.779,9.73,0,email,0,0,0.14763314666550595,0.26900513210002774,0.2202427743860977,0.3631189468483686,0.14763314666550595
sess_42_003401,1115.46,cod,mobile_android,genuine_browse_abandon,329,2,8,0.863,41.12,0,none,0,0,0.6457304331194986,0.6457304331194986,0.10673852268549665,0.17598207275468647,0.07154897144031824
sess_42_003402,1443.09,netbanking,mobile_android,upi_app_switch_abort,600,2,6,0.564,100.0,1,email,0,0,0.0977063021911707,0.1780324901391686,0.483942482820616,0.24031872484904457,0.0977063021911707
sess_42_003403,2784.27,netbanking,mobile_android,price_shock_breakdown,204,1,6,0.801,34.0,0,whatsapp,0,0,0.579300138099923,0.11695868075619749,0.579300138099923,0.17448184855563614,0.12925933258824335
sess_42_003404,526.71,card,desktop,price_shock_breakdown,253,1,10,0.468,25.3,0,sms,0,0,0.3357364540241366,0.24871968248815027,0.11175695728796482,0.3357364540241366,0.3037869061997484
sess_42_003405,810.5,upi,mobile_android,price_shock_breakdown,119,2,7,0.796,17.0,0,none,1,1,0.26900513210002774,0.26900513210002774,0.2202427743860977,0.3631189468483686,0.14763314666550595
sess_42_003406,2562.59,card,mobile_android,otp_timeout,266,3,11,0.539,24.18,0,whatsapp,0,0,0.4456809751737707,0.08998143702404678,0.4456809751737707,0.36489272043655063,0.09944486736563182
sess_42_003407,1157.99,netbanking,mobile_ios,price_shock_breakdown,277,1,8,0.908,34.62,0,none,1,1,0.26900513210002774,0.26900513210002774,0.2202427743860977,0.3631189468483686,0.14763314666550595
sess_42_003408,2798.15,netbanking,mobile_android,otp_timeout,530,2,12,0.94,44.17,0,whatsapp,0,0,0.4456809751737707,0.08998143702404678,0.4456809751737707,0.36489272043655063,0.09944486736563182
sess_42_003409,1245.01,card,mobile_android,price_shock_breakdown,281,2,11,0.651,25.55,0,none,0,0,0.26900513210002774,0.26900513210002774,0.2202427743860977,0.3631189468483686,0.14763314666550595
sess_42_003410,5890.58,upi,mobile_android,price_shock_breakdown,484,3,8,0.894,60.5,1,whatsapp,0,0,0.579300138099923,0.11695868075619749,0.579300138099923,0.17448184855563614,0.12925933258824335
sess_42_003411,2114.35,cod,mobile_ios,upi_app_switch_abort,434,2,6,0.55,72.33,0,whatsapp,0,0,0.5427974771347435,0.1996840325575982,0.5427974771347435,0.14792956969787008,0.10958892060978828
sess_42_003412,4535.54,cod,mobile_android,genuine_browse_abandon,384,2,9,0.745,42.67,0,sms,0,0,0.11931676263392972,0.39614560278704986,0.39614560278704986,0.11931676263392972,0.0883920317919707
sess_42_003413,2665.97,cod,mobile_android,otp_timeout,533,1,10,0.874,53.3,0,sms,0,0,0.36489272043655063,0.08998143702404678,0.4456809751737707,0.36489272043655063,0.09944486736563182
sess_42_003414,2789.76,cod,mobile_ios,price_shock_breakdown,538,3,10,0.855,53.8,0,none,0,0,0.11695868075619749,0.11695868075619749,0.579300138099923,0.17448184855563614,0.12925933258824335
sess_42_003415,1028.32,cod,mobile_android,otp_timeout,109,3,8,0.609,13.62,0,sms,1,0,0.6078175404546194,0.16564960413762098,0.13562242514266395,0.6078175404546194,0.09091043026509557
sess_42_003416,4339.59,card,mobile_ios,price_shock_breakdown,555,1,10,0.539,55.5,1,whatsapp,0,0,0.579300138099923,0.11695868075619749,0.579300138099923,0.17448184855563614,0.12925933258824335
sess_42_003417,2125.62,card,desktop,price_shock_breakdown,600,1,9,0.583,66.67,0,email,0,0,0.32304108720794833,0.2644836726048936,0.21654091644863488,0.19593432373852326,0.32304108720794833
sess_42_003418,884.17,card,mobile_android,genuine_browse_abandon,420,1,7,0.43,60.0,0,whatsapp,0,0,0.10673852268549665,0.6457304331194986,0.10673852268549665,0.17598207275468647,0.07154897144031824
sess_42_003419,371.48,cod,mobile_android,price_shock_breakdown,201,2,6,0.593,33.5,0,sms,0,0,0.40318370559932304,0.2986858353899521,0.13420819701225414,0.40318370559932304,0.16392226199847068
sess_42_003420,2008.12,upi,mobile_android,price_shock_breakdown,157,1,5,0.781,31.4,0,whatsapp,0,0,0.2633963223194074,0.32171299457016933,0.2633963223194074,0.23833084820766,0.17655983490276325
sess_42_003421,5602.14,netbanking,mobile_android,price_shock_breakdown,466,2,7,0.659,66.57,1,whatsapp,1,0,0.579300138099923,0.11695868075619749,0.579300138099923,0.17448184855563614,0.12925933258824335
sess_42_003422,915.66,netbanking,mobile_android,otp_timeout,169,1,4,0.486,42.25,0,sms,0,0,0.6078175404546194,0.16564960413762098,0.13562242514266395,0.6078175404546194,0.09091043026509557
sess_42_003423,892.83,netbanking,desktop,price_shock_breakdown,600,1,5,0.587,120.0,1,sms,1,0,0.30748546000659815,0.22779083136758763,0.1864993589098446,0.30748546000659815,0.2782243497159696
sess_42_003424,1426.25,netbanking,mobile_android,price_shock_breakdown,600,3,10,0.57,60.0,0,whatsapp,0,0,0.2202427743860977,0.26900513210002774,0.2202427743860977,0.3631189468483686,0.14763314666550595
sess_42_003425,4129.57,cod,mobile_android,otp_timeout,376,2,7,0.723,53.71,1,sms,1,0,0.36489272043655063,0.08998143702404678,0.4456809751737707,0.36489272043655063,0.09944486736563182
sess_42_003426,455.96,card,mobile_android,price_shock_breakdown,456,1,5,0.459,91.2,0,none,0,0,0.2986858353899521,0.2986858353899521,0.13420819701225414,0.40318370559932304,0.16392226199847068
sess_42_003427,1110.28,cod,mobile_ios,price_shock_breakdown,300,1,10,0.806,30.0,1,whatsapp,0,0,0.2202427743860977,0.26900513210002774,0.2202427743860977,0.3631189468483686,0.14763314666550595
sess_42_003428,850.38,cod,mobile_android,otp_timeout,503,1,7,0.496,71.86,0,email,0,0,0.09091043026509557,0.16564960413762098,0.13562242514266395,0.6078175404546194,0.09091043026509557
sess_42_003429,2756.11,upi,mobile_android,price_shock_breakdown,107,1,8,0.917,13.38,1,email,0,0,0.12925933258824335,0.11695868075619749,0.579300138099923,0.17448184855563614,0.12925933258824335
sess_42_003430,1624.51,card,desktop,price_shock_breakdown,425,2,9,0.824,47.22,1,email,0,0,0.32304108720794833,0.2644836726048936,0.21654091644863488,0.19593432373852326,0.32304108720794833
sess_42_003431,1394.18,upi,mobile_android,genuine_browse_abandon,327,1,10,0.619,32.7,0,none,0,0,0.6457304331194986,0.6457304331194986,0.10673852268549665,0.17598207275468647,0.07154897144031824
sess_42_003432,1579.62,cod,mobile_android,price_shock_breakdown,372,2,11,0.539,33.82,0,none,0,0,0.32171299457016933,0.32171299457016933,0.2633963223194074,0.23833084820766,0.17655983490276325
sess_42_003433,3257.18,netbanking,mobile_ios,otp_timeout,600,2,7,0.748,85.71,1,email,1,0,0.09944486736563182,0.08998143702404678,0.4456809751737707,0.36489272043655063,0.09944486736563182
sess_42_003434,4193.13,cod,mobile_android,price_shock_breakdown,404,2,7,0.909,57.71,0,whatsapp,1,1,0.579300138099923,0.11695868075619749,0.579300138099923,0.17448184855563614,0.12925933258824335
sess_42_003435,3898.99,card,mobile_android,price_shock_breakdown,285,2,7,0.678,40.71,1,sms,0,0,0.17448184855563614,0.11695868075619749,0.579300138099923,0.17448184855563614,0.12925933258824335
sess_42_003436,2783.75,card,mobile_android,genuine_browse_abandon,600,1,7,0.681,85.71,0,whatsapp,0,0,0.39614560278704986,0.39614560278704986,0.39614560278704986,0.11931676263392972,0.0883920317919707
sess_42_003437,5104.76,upi,mobile_android,otp_timeout,600,1,5,0.596,120.0,1,email,1,1,0.09944486736563182,0.08998143702404678,0.4456809751737707,0.36489272043655063,0.09944486736563182
sess_42_003438,899.01,cod,mobile_android,otp_timeout,600,2,7,0.727,85.71,1,email,1,1,0.09091043026509557,0.16564960413762098,0.13562242514266395,0.6078175404546194,0.09091043026509557
sess_42_003439,2418.16,cod,mobile_ios,price_shock_breakdown,513,2,11,0.931,46.64,0,none,0,0,0.32171299457016933,0.32171299457016933,0.2633963223194074,0.23833084820766,0.17655983490276325
sess_42_003440,10524.29,card,mobile_ios,otp_timeout,600,1,9,0.661,66.67,0,email,0,0,0.09944486736563182,0.08998143702404678,0.4456809751737707,0.36489272043655063,0.09944486736563182
sess_42_003441,455.98,card,mobile_android,vpa_validation_failure,600,1,6,0.47,100.0,1,none,1,0,0.2986858353899521,0.2986858353899521,0.13420819701225414,0.40318370559932304,0.16392226199847068
sess_42_003442,1211.15,upi,mobile_android,price_shock_breakdown,242,1,9,0.69,26.89,1,sms,0,0,0.3631189468483686,0.26900513210002774,0.2202427743860977,0.3631189468483686,0.14763314666550595
sess_42_003443,831.41,card,mobile_android,price_shock_breakdown,269,1,8,0.811,33.62,0,sms,1,0,0.3631189468483686,0.26900513210002774,0.2202427743860977,0.3631189468483686,0.14763314666550595
sess_42_003444,2245.18,upi,mobile_android,upi_app_switch_abort,346,2,11,0.904,31.45,0,whatsapp,0,0,0.5427974771347435,0.1996840325575982,0.5427974771347435,0.14792956969787008,0.10958892060978828
sess_42_003445,5315.45,upi,mobile_android,upi_app_switch_abort,543,2,8,0.792,67.88,0,none,0,0,0.049994806056778376,0.049994806056778376,0.8204386747606477,0.07442851737376392,0.0551380018088101
sess_42_003446,2705.74,card,mobile_android,otp_timeout,600,1,7,0.843,85.71,0,whatsapp,1,0,0.4456809751737707,0.08998143702404678,0.4456809751737707,0.36489272043655063,0.09944486736563182
sess_42_003447,1536.12,card,mobile_android,price_shock_breakdown,103,1,7,0.659,14.71,1,sms,0,0,0.23833084820766,0.32171299457016933,0.2633963223194074,0.23833084820766,0.17655983490276325
sess_42_003448,2722.37,upi,mobile_android,vpa_validation_failure,600,1,5,0.468,120.0,1,whatsapp,0,0,0.579300138099923,0.11695868075619749,0.579300138099923,0.17448184855563614,0.12925933258824335
sess_42_003449,1454.93,upi,mobile_android,price_shock_breakdown,315,1,8,0.46,39.38,1,sms,0,0,0.3631189468483686,0.26900513210002774,0.2202427743860977,0.3631189468483686,0.14763314666550595
sess_42_003450,2091.75,cod,mobile_ios,upi_app_switch_abort,426,2,8,0.522,53.25,0,whatsapp,0,0,0.5427974771347435,0.1996840325575982,0.5427974771347435,0.14792956969787008,0.10958892060978828
sess_42_003451,2875.43,upi,desktop,vpa_validation_failure,567,1,4,0.626,141.75,0,whatsapp,0,0,0.5000810046968293,0.10096461356355876,0.5000810046968293,0.1506215041019237,0.24833287763768827
sess_42_003452,6731.93,cod,mobile_android,otp_timeout,162,1,8,0.853,20.25,0,sms,1,1,0.36489272043655063,0.08998143702404678,0.4456809751737707,0.36489272043655063,0.09944486736563182
sess_42_003453,2532.79,upi,mobile_android,price_shock_breakdown,144,2,12,0.696,12.0,1,sms,0,0,0.17448184855563614,0.11695868075619749,0.579300138099923,0.17448184855563614,0.12925933258824335
sess_42_003454,2128.71,cod,mobile_android,genuine_browse_abandon,337,1,10,0.615,33.7,1,none,0,0,0.7014242657747766,0.7014242657747766,0.11594465130421318,0.10491105892118391,0.07772002399982632
sess_42_003455,8321.11,netbanking,mobile_android,otp_timeout,600,3,10,0.641,60.0,0,sms,0,0,0.36489272043655063,0.08998143702404678,0.4456809751737707,0.36489272043655063,0.09944486736563182
sess_42_003456,416.97,cod,mobile_android,price_shock_breakdown,483,1,7,0.91,69.0,0,sms,0,0,0.40318370559932304,0.2986858353899521,0.13420819701225414,0.40318370559932304,0.16392226199847068
sess_42_003457,1687.47,netbanking,mobile_ios,price_shock_breakdown,354,2,7,0.647,50.57,1,sms,1,1,0.23833084820766,0.32171299457016933,0.2633963223194074,0.23833084820766,0.17655983490276325
sess_42_003458,1036.95,cod,mobile_android,otp_timeout,552,2,9,0.778,61.33,0,sms,0,0,0.6078175404546194,0.16564960413762098,0.13562242514266395,0.6078175404546194,0.09091043026509557
sess_42_003459,1512.01,upi,mobile_ios,otp_timeout,337,1,9,0.917,37.44,0,sms,1,1,0.45962498828569537,0.2282430144379751,0.18686957509559202,0.45962498828569537,0.12526242218073758
sess_42_003460,2844.04,cod,mobile_android,price_shock_breakdown,301,1,9,0.769,33.44,0,whatsapp,0,0,0.579300138099923,0.11695868075619749,0.579300138099923,0.17448184855563614,0.12925933258824335
sess_42_003461,3772.51,netbanking,mobile_android,otp_timeout,600,1,10,0.716,60.0,0,email,1,0,0.09944486736563182,0.08998143702404678,0.4456809751737707,0.36489272043655063,0.09944486736563182
sess_42_003462,1223.78,upi,mobile_android,upi_app_switch_abort,534,1,8,0.69,66.75,1,none,1,0,0.1780324901391686,0.1780324901391686,0.483942482820616,0.24031872484904457,0.0977063021911707
sess_42_003463,2986.47,cod,mobile_android,vpa_validation_failure,600,1,6,0.751,100.0,0,none,0,0,0.11695868075619749,0.11695868075619749,0.579300138099923,0.17448184855563614,0.12925933258824335
sess_42_003464,922.2,cod,desktop,price_shock_breakdown,453,2,7,0.708,64.71,0,email,0,0,0.2782243497159696,0.22779083136758763,0.1864993589098446,0.30748546000659815,0.2782243497159696
sess_42_003465,692.03,card,desktop,price_shock_breakdown,555,2,8,0.77,69.38,0,email,0,0,0.3037869061997484,0.24871968248815027,0.11175695728796482,0.3357364540241366,0.3037869061997484
sess_42_003466,1906.73,netbanking,mobile_ios,genuine_browse_abandon,600,2,9,0.733,66.67,0,sms,0,0,0.10491105892118391,0.7014242657747766,0.11594465130421318,0.10491105892118391,0.07772002399982632
sess_42_003467,1534.71,card,mobile_android,otp_timeout,532,1,5,0.907,106.4,0,none,1,0,0.2282430144379751,0.2282430144379751,0.18686957509559202,0.45962498828569537,0.12526242218073758
sess_42_003468,5529.76,upi,mobile_ios,price_shock_breakdown,498,1,8,0.86,62.25,1,whatsapp,0,0,0.579300138099923,0.11695868075619749,0.579300138099923,0.17448184855563614,0.12925933258824335
sess_42_003469,8922.56,netbanking,desktop,price_shock_breakdown,479,2,6,0.471,79.83,1,email,0,0,0.24833287763768827,0.10096461356355876,0.5000810046968293,0.1506215041019237,0.24833287763768827
sess_42_003470,1145.49,upi,mobile_android,upi_app_switch_abort,283,1,5,0.834,56.6,0,sms,0,0,0.24031872484904457,0.1780324901391686,0.483942482820616,0.24031872484904457,0.0977063021911707
sess_42_003471,464.68,upi,mobile_android,price_shock_breakdown,223,1,4,0.505,55.75,0,email,0,0,0.16392226199847068,0.2986858353899521,0.13420819701225414,0.40318370559932304,0.16392226199847068
sess_42_003472,648.47,cod,mobile_android,price_shock_breakdown,452,2,7,0.564,64.57,0,email,1,1,0.16392226199847068,0.2986858353899521,0.13420819701225414,0.40318370559932304,0.16392226199847068
sess_42_003473,966.06,card,mobile_android,otp_timeout,582,1,10,0.541,58.2,1,email,1,1,0.09091043026509557,0.16564960413762098,0.13562242514266395,0.6078175404546194,0.09091043026509557
sess_42_003474,2112.19,card,mobile_android,price_shock_breakdown,525,3,14,0.652,37.5,0,sms,0,0,0.23833084820766,0.32171299457016933,0.2633963223194074,0.23833084820766,0.17655983490276325
sess_42_003475,1486.39,card,mobile_android,price_shock_breakdown,554,2,12,0.624,46.17,1,none,0,0,0.26900513210002774,0.26900513210002774,0.2202427743860977,0.3631189468483686,0.14763314666550595
sess_42_003476,703.53,cod,mobile_android,price_shock_breakdown,513,2,12,0.899,42.75,0,none,0,0,0.2986858353899521,0.2986858353899521,0.13420819701225414,0.40318370559932304,0.16392226199847068
sess_42_003477,6902.26,upi,mobile_android,otp_timeout,272,2,11,0.717,24.73,0,sms,1,0,0.36489272043655063,0.08998143702404678,0.4456809751737707,0.36489272043655063,0.09944486736563182
sess_42_003478,2972.46,cod,mobile_android,otp_timeout,99,2,7,0.589,14.14,0,whatsapp,0,0,0.4456809751737707,0.08998143702404678,0.4456809751737707,0.36489272043655063,0.09944486736563182
sess_42_003479,6763.29,netbanking,desktop,price_shock_breakdown,600,2,12,0.737,50.0,1,sms,0,0,0.1506215041019237,0.10096461356355876,0.5000810046968293,0.1506215041019237,0.24833287763768827
sess_42_003480,468.33,cod,mobile_android,genuine_browse_abandon,152,2,12,0.714,12.67,1,sms,0,0,0.18488603235859524,0.6784017024227375,0.061543213951843805,0.18488603235859524,0.07516905126682347
sess_42_003481,4696.2,netbanking,mobile_android,otp_timeout,349,2,10,0.927,34.9,1,none,0,0,0.08998143702404678,0.08998143702404678,0.4456809751737707,0.36489272043655063,0.09944486736563182
sess_42_003482,1616.84,upi,mobile_ios,price_shock_breakdown,600,2,9,0.537,66.67,0,none,1,0,0.32171299457016933,0.32171299457016933,0.2633963223194074,0.23833084820766,0.17655983490276325
sess_42_003483,1347.66,upi,mobile_android,vpa_validation_failure,517,1,6,0.806,86.17,1,none,0,0,0.26900513210002774,0.26900513210002774,0.2202427743860977,0.3631189468483686,0.14763314666550595
sess_42_003484,1841.34,card,mobile_ios,price_shock_breakdown,600,1,4,0.445,150.0,1,none,1,0,0.32171299457016933,0.32171299457016933,0.2633963223194074,0.23833084820766,0.17655983490276325
sess_42_003485,1069.96,card,mobile_ios,genuine_browse_abandon,478,1,5,0.609,95.6,1,none,1,0,0.6457304331194986,0.6457304331194986,0.10673852268549665,0.17598207275468647,0.07154897144031824
sess_42_003486,1624.17,card,mobile_android,upi_app_switch_abort,72,3,9,0.648,8.0,0,none,0,0,0.1996840325575982,0.1996840325575982,0.5427974771347435,0.14792956969787008,0.10958892060978828
sess_42_003487,3676.87,upi,mobile_android,upi_app_switch_abort,59,2,11,0.913,5.36,0,whatsapp,0,0,0.8204386747606477,0.049994806056778376,0.8204386747606477,0.07442851737376392,0.0551380018088101
sess_42_003488,414.78,cod,mobile_android,upi_app_switch_abort,544,1,4,0.472,136.0,1,whatsapp,0,0,0.3397850697075843,0.22776474356861084,0.3397850697075843,0.30745024516137914,0.12499994156242572
sess_42_003489,5557.95,cod,mobile_android,genuine_browse_abandon,376,1,8,0.668,47.0,0,whatsapp,0,0,0.39614560278704986,0.39614560278704986,0.39614560278704986,0.11931676263392972,0.0883920317919707
sess_42_003490,2426.71,upi,mobile_android,upi_app_switch_abort,364,2,10,0.578,36.4,1,sms,0,0,0.14792956969787008,0.1996840325575982,0.5427974771347435,0.14792956969787008,0.10958892060978828
sess_42_003491,1664.59,upi,mobile_ios,price_shock_breakdown,420,1,7,0.429,60.0,0,none,1,0,0.32171299457016933,0.32171299457016933,0.2633963223194074,0.23833084820766,0.17655983490276325
sess_42_003492,3647.18,upi,mobile_android,upi_app_switch_abort,426,1,5,0.465,85.2,0,email,0,0,0.0551380018088101,0.049994806056778376,0.8204386747606477,0.07442851737376392,0.0551380018088101
sess_42_003493,2375.26,card,mobile_ios,price_shock_breakdown,600,1,8,0.629,75.0,1,none,1,0,0.32171299457016933,0.32171299457016933,0.2633963223194074,0.23833084820766,0.17655983490276325
sess_42_003494,1261.51,cod,mobile_android,price_shock_breakdown,74,1,7,0.817,10.57,0,whatsapp,0,0,0.2202427743860977,0.26900513210002774,0.2202427743860977,0.3631189468483686,0.14763314666550595
sess_42_003495,1012.68,cod,mobile_android,price_shock_breakdown,201,2,10,0.923,20.1,0,sms,0,0,0.3631189468483686,0.26900513210002774,0.2202427743860977,0.3631189468483686,0.14763314666550595
sess_42_003496,5567.28,upi,mobile_android,upi_app_switch_abort,152,1,5,0.667,30.4,0,whatsapp,1,0,0.8204386747606477,0.049994806056778376,0.8204386747606477,0.07442851737376392,0.0551380018088101
sess_42_003497,596.29,upi,mobile_android,price_shock_breakdown,600,2,9,0.936,66.67,0,whatsapp,0,0,0.13420819701225414,0.2986858353899521,0.13420819701225414,0.40318370559932304,0.16392226199847068
sess_42_003498,1559.81,cod,mobile_android,genuine_browse_abandon,357,2,10,0.461,35.7,0,none,0,0,0.7014242657747766,0.7014242657747766,0.11594465130421318,0.10491105892118391,0.07772002399982632
sess_42_003499,627.78,upi,mobile_ios,genuine_browse_abandon,456,1,5,0.432,91.2,0,sms,0,0,0.18488603235859524,0.6784017024227375,0.061543213951843805,0.18488603235859524,0.07516905126682347
