reason_code,network,has_3ds_auth,has_delivery_proof,has_avs_cvv_match,has_ip_device_fingerprint,has_prior_comms,has_signed_receipt,has_usage_logs,days_remaining,days_since_transaction,repeat_dispute_count,transaction_amount_inr,merchant_category,evidence_completeness_score,outcome
mc_4850,mc,0,0,1,1,0,0,1,36,104,1,266.39,ecommerce,2,1
disc_DP,disc,0,1,1,1,0,0,0,27,59,0,482.32,saas,2,1
disc_RG,disc,1,1,1,1,1,0,1,7,21,0,206.83,healthcare,2,1
amex_C18,amex,1,1,1,1,0,0,1,8,47,0,4068.29,ecommerce,2,1
visa_10.3,visa,0,1,1,1,0,1,0,10,62,4,10494.24,ecommerce,2,1
visa_13.5,visa,1,1,0,0,1,0,0,25,60,0,1315.19,retail,2,1
rupay_1085,rupay,1,0,0,1,0,1,1,35,35,2,715.43,saas,0,0
mc_4871,mc,1,0,1,1,0,0,0,35,44,1,17558.02,fintech,2,1
mc_4812,mc,1,0,0,1,1,0,0,15,90,0,1013.34,travel,2,1
visa_10.4,visa,1,1,1,0,0,0,1,36,13,0,2837.12,saas,1,1
visa_12.5,visa,0,0,1,0,1,0,1,11,119,3,3161.85,travel,0,0
visa_12.5,visa,1,1,0,0,0,0,0,37,97,0,3395.27,ecommerce,0,1
amex_C02,amex,1,1,0,1,1,1,0,2,3,0,2782.0,travel,2,0
visa_13.9,visa,1,1,1,1,1,0,0,44,90,8,2317.16,travel,2,0
rupay_1065,rupay,0,1,0,1,1,0,0,16,97,0,5777.45,retail,2,1
rupay_1065,rupay,0,1,1,0,1,0,0,41,33,0,5934.36,ecommerce,2,1
rupay_1085,rupay,0,0,1,1,1,0,0,2,1,0,18300.99,travel,2,1
amex_R13,amex,1,1,1,0,1,1,1,24,116,0,1510.35,ecommerce,2,1
amex_P08,amex,1,1,1,0,0,0,0,35,80,8,1647.95,travel,2,0
visa_13.5,visa,1,1,1,0,1,0,0,22,119,0,7230.27,ecommerce,2,1
disc_nan,disc,1,0,1,1,1,0,1,19,4,0,8395.75,healthcare,2,1
visa_13.2,visa,0,0,0,1,0,1,0,31,99,8,726.69,travel,0,0
visa_13.6,visa,1,1,1,1,0,1,1,24,114,1,36984.56,healthcare,0,0
visa_10.1,visa,1,0,0,0,1,0,0,26,99,0,7663.98,retail,2,1
visa_13.4,visa,1,0,1,1,0,0,1,15,92,1,4716.78,healthcare,2,1
rupay_1065,rupay,1,1,0,0,1,0,0,15,54,0,3263.93,fintech,2,1
rupay_1085,rupay,1,0,1,0,0,0,1,40,52,0,28029.9,saas,0,0
rupay_ru01,rupay,1,1,1,0,0,0,0,9,12,0,1622.45,saas,1,1
visa_12.5,visa,1,1,0,0,0,1,1,5,22,1,491.14,fintech,2,1
mc_4834,mc,1,1,1,1,0,0,1,5,76,0,11629.87,retail,2,0
rupay_1062,rupay,1,1,1,1,1,1,0,10,19,0,15630.8,saas,2,1
rupay_1065,rupay,1,1,1,1,1,1,0,35,33,0,6410.51,healthcare,2,1
amex_F10,amex,1,0,0,1,0,0,0,35,87,0,3173.26,saas,0,1
rupay_1085,rupay,1,0,1,1,1,0,1,36,89,2,2750.67,retail,2,1
visa_13.8,visa,0,0,0,1,0,1,0,32,37,0,9211.59,fintech,0,0
rupay_1065,rupay,1,1,1,1,0,0,0,36,12,4,15126.03,travel,2,1
mc_4855,mc,0,0,1,1,0,0,1,21,100,4,12260.29,retail,1,0
visa_10.3,visa,0,0,0,1,1,0,1,12,9,2,7803.25,ecommerce,0,0
visa_13.2,visa,1,0,1,0,1,0,0,19,8,0,3804.44,healthcare,1,1
rupay_ru01,rupay,0,0,0,1,0,1,0,27,74,3,1043.04,fintech,1,0
mc_4870,mc,1,1,1,1,0,0,1,13,92,5,3858.37,retail,2,1
visa_13.4,visa,0,1,0,1,1,0,1,21,75,3,2433.42,ecommerce,2,0
rupay_ru01,rupay,1,1,1,1,1,0,0,23,57,3,25595.61,healthcare,2,1
visa_13.6,visa,1,1,1,1,1,0,0,28,92,0,2508.3,healthcare,2,1
mc_4841,mc,1,1,1,0,0,0,0,6,82,0,7062.18,fintech,0,1
amex_F29,amex,1,0,1,1,0,1,0,11,85,1,4093.67,healthcare,1,1
rupay_1062,rupay,1,1,1,1,0,0,1,5,95,1,19650.03,retail,1,0
mc_4871,mc,0,0,1,1,0,0,0,4,62,3,11417.52,ecommerce,2,0
visa_13.7,visa,1,1,1,1,1,0,1,44,5,0,12654.73,healthcare,2,1
mc_4834,mc,1,1,0,0,1,1,1,34,38,1,8198.98,saas,2,1
mc_4855,mc,1,0,1,1,1,0,0,17,5,2,5019.82,retail,0,0
rupay_1085,rupay,0,1,1,0,0,0,0,11,115,0,5031.25,ecommerce,0,0
mc_4870,mc,1,0,1,0,0,1,0,32,50,1,2127.27,ecommerce,2,1
rupay_1062,rupay,1,1,1,1,0,0,1,14,90,1,420.85,travel,1,1
rupay_ru02,rupay,1,1,0,0,0,0,1,35,52,0,3802.28,retail,1,0
mc_4853,mc,1,1,1,0,0,0,1,23,110,1,347.57,healthcare,1,1
amex_C31,amex,1,1,1,0,0,0,1,22,90,0,2224.41,retail,2,1
visa_13.1,visa,1,1,1,1,1,1,0,40,113,1,3908.46,healthcare,1,0
visa_13.4,visa,0,0,1,1,0,1,0,21,70,0,5452.47,saas,2,1
amex_M10,amex,1,0,1,0,0,0,1,24,95,3,6964.14,fintech,2,0
amex_C18,amex,1,0,1,0,1,1,0,26,51,2,1936.09,healthcare,2,0
disc_DP,disc,0,1,0,1,1,1,0,11,100,0,7308.91,fintech,2,0
mc_4850,mc,1,1,1,1,1,0,0,9,17,0,5226.96,travel,2,1
rupay_1085,rupay,0,1,0,0,0,1,1,34,76,0,20978.26,fintech,0,1
rupay_ru02,rupay,1,0,0,0,1,1,0,19,78,0,3655.69,ecommerce,1,1
amex_C28,amex,1,0,1,1,0,0,1,15,97,0,18486.72,retail,2,1
mc_4834,mc,1,0,1,1,1,0,0,15,111,1,6199.31,ecommerce,2,1
amex_M49,amex,0,1,1,1,1,0,0,10,5,3,3449.4,ecommerce,2,1
rupay_ru01,rupay,1,0,1,1,1,0,0,12,45,1,8298.75,travel,1,1
rupay_ru02,rupay,1,1,1,1,1,0,0,26,46,1,19529.94,travel,1,0
visa_13.3,visa,1,1,0,1,0,1,1,37,72,1,11900.89,retail,0,1
mc_4812,mc,1,1,1,0,1,0,0,26,110,0,14636.16,retail,2,1
visa_12.1,visa,1,1,1,1,1,0,1,26,41,0,4382.38,fintech,2,1
amex_C02,amex,0,1,1,0,1,0,1,24,25,0,4443.01,healthcare,2,1
amex_A01,amex,1,0,1,1,1,0,1,20,118,3,6226.94,fintech,2,0
visa_10.3,visa,1,1,1,1,1,0,0,45,93,0,6756.35,healthcare,0,1
visa_10.2,visa,0,1,1,1,0,0,0,1,8,3,23467.29,ecommerce,2,1
mc_4808,mc,1,0,1,1,0,1,1,1,57,0,2202.09,ecommerce,2,1
rupay_ru02,rupay,1,1,0,1,1,0,0,32,88,1,15586.69,retail,1,1
rupay_1065,rupay,1,0,1,1,1,0,0,23,85,0,1701.62,saas,2,1
mc_4834,mc,1,0,0,1,0,0,0,12,20,1,4313.09,ecommerce,2,1
mc_4871,mc,1,1,0,0,0,1,0,23,96,0,281.8,ecommerce,2,1
visa_13.4,visa,1,0,1,1,1,1,0,45,98,0,248.5,ecommerce,2,1
amex_P08,amex,1,0,1,1,1,1,0,42,86,0,18522.17,saas,2,1
amex_A08,amex,1,0,1,1,1,0,0,2,54,1,791.43,saas,2,0
rupay_ru01,rupay,1,1,1,1,1,0,0,34,55,1,22195.37,saas,2,1
rupay_1065,rupay,1,1,1,1,0,0,0,34,73,2,1001.75,travel,2,0
visa_11.2,visa,0,1,1,1,0,1,1,44,51,0,7237.29,travel,2,1
mc_4871,mc,1,0,1,0,0,0,0,24,83,1,13242.35,healthcare,2,1
rupay_ru02,rupay,0,0,1,1,0,1,1,32,10,1,58851.49,saas,1,1
mc_4837,mc,1,1,1,0,0,0,0,29,82,1,551.57,retail,1,1
mc_4837,mc,1,0,1,1,1,0,1,43,40,0,4246.64,healthcare,1,1
mc_4837,mc,0,1,1,0,0,0,1,2,55,0,37219.18,retail,1,1
visa_10.5,visa,1,1,0,1,0,0,0,44,57,1,2636.19,saas,1,1
mc_4871,mc,1,1,1,0,0,0,0,4,18,0,444.04,ecommerce,2,1
visa_10.1,visa,0,1,1,0,0,1,1,43,70,8,17347.06,retail,2,1
rupay_ru02,rupay,0,0,0,1,0,1,0,45,110,0,1653.81,fintech,1,1
visa_13.8,visa,1,0,1,1,1,1,1,42,35,2,9626.36,saas,2,1
visa_10.3,visa,0,1,1,1,1,0,0,41,56,0,1209.64,retail,0,1
amex_R03,amex,0,0,0,0,1,0,0,15,38,0,10382.04,retail,0,0
mc_4808,mc,1,1,1,1,1,0,0,29,115,2,3519.35,travel,2,1
rupay_1062,rupay,1,1,0,0,1,1,1,41,13,2,9664.64,saas,2,1
rupay_ru02,rupay,1,0,1,0,1,0,1,10,32,0,10985.27,healthcare,0,0
visa_11.2,visa,0,0,1,1,0,0,1,17,104,0,8141.1,travel,2,0
mc_4853,mc,0,1,0,1,1,0,1,30,37,0,22246.03,ecommerce,2,1
rupay_1085,rupay,1,1,0,1,1,0,1,18,50,8,9117.38,ecommerce,2,1
mc_4834,mc,1,0,1,1,1,0,1,11,58,0,1484.72,retail,2,1
mc_4808,mc,0,1,0,1,1,0,1,14,84,1,2653.49,ecommerce,2,1
disc_AP,disc,1,1,0,1,1,0,0,3,1,0,10411.1,travel,1,1
rupay_1085,rupay,1,0,0,1,0,0,0,25,17,0,1434.65,healthcare,0,0
mc_4850,mc,1,1,0,1,1,1,0,15,25,0,7396.94,retail,2,1
rupay_1085,rupay,1,0,1,1,1,0,0,8,11,8,1396.21,travel,2,0
mc_4853,mc,0,1,0,0,1,1,1,41,8,1,11163.57,saas,2,1
visa_10.2,visa,1,0,1,1,0,0,1,33,2,0,17232.82,healthcare,2,1
visa_13.6,visa,0,1,1,0,0,0,1,42,119,1,24317.78,travel,0,0
visa_12.5,visa,0,0,1,0,0,1,1,28,62,2,7679.32,saas,2,0
mc_4841,mc,0,0,1,0,0,0,0,14,75,1,7297.02,retail,0,0
rupay_ru01,rupay,1,0,1,1,1,1,0,32,51,0,268.65,ecommerce,1,1
rupay_1062,rupay,1,1,1,1,0,0,0,15,97,2,1631.16,ecommerce,1,1
disc_RM,disc,1,0,1,0,1,0,0,32,105,0,10435.37,healthcare,2,0
mc_4855,mc,0,0,1,1,1,1,0,45,18,1,10667.44,healthcare,1,1
visa_11.1,visa,0,0,1,1,1,0,1,45,41,0,16468.05,retail,2,1
mc_4853,mc,1,1,1,1,0,1,0,37,5,0,11979.13,healthcare,1,0
visa_13.4,visa,0,1,1,1,0,0,0,30,105,0,2387.75,ecommerce,2,1
rupay_1085,rupay,0,1,1,1,1,0,0,44,56,1,16316.09,retail,2,1
visa_13.1,visa,1,1,1,1,1,0,0,6,101,4,3140.2,ecommerce,1,0
mc_4837,mc,1,1,0,0,0,1,1,39,95,0,6000.64,travel,1,1
visa_13.5,visa,1,1,1,1,1,1,0,21,1,1,1458.38,healthcare,2,1
visa_13.4,visa,0,1,1,0,0,0,0,26,8,3,11806.07,fintech,2,0
visa_13.1,visa,0,0,1,0,1,0,0,28,66,8,495.3,saas,0,0
disc_RM,disc,1,0,0,1,1,1,0,4,102,0,18631.5,fintech,2,1
amex_F24,amex,1,0,1,1,1,0,1,7,15,1,4035.48,fintech,1,1
mc_4834,mc,1,1,1,1,1,0,1,9,3,0,24306.0,travel,2,1
rupay_ru01,rupay,0,0,1,1,0,0,0,43,48,0,11091.0,fintech,1,0
rupay_1065,rupay,1,0,1,0,0,1,1,15,68,4,3566.26,saas,2,1
visa_11.2,visa,1,1,1,1,1,0,0,36,30,1,2646.49,travel,2,1
mc_4834,mc,1,1,1,1,0,1,0,42,61,0,26458.9,saas,2,1
mc_4834,mc,0,0,1,0,1,0,1,22,92,0,2006.51,fintech,2,1
rupay_ru01,rupay,1,0,0,1,0,1,0,19,100,0,8910.12,travel,1,1
visa_10.5,visa,1,1,1,1,1,1,0,17,22,0,8317.14,fintech,2,1
rupay_1085,rupay,1,1,1,1,0,1,0,21,18,0,4571.72,travel,0,0
rupay_ru01,rupay,0,0,1,1,1,0,0,36,104,1,7345.79,travel,1,1
mc_4841,mc,1,1,1,1,1,0,0,32,21,0,7287.84,ecommerce,1,1
rupay_1065,rupay,1,1,1,1,0,0,1,23,30,0,7049.06,travel,2,1
visa_12.5,visa,0,0,0,1,0,0,1,12,17,0,31906.68,fintech,0,0
mc_4871,mc,1,1,0,1,1,1,0,30,21,0,2476.98,ecommerce,2,1
rupay_1085,rupay,0,0,1,1,0,0,0,45,66,0,3501.12,saas,0,1
visa_11.1,visa,1,0,1,0,1,0,1,15,86,1,4068.06,ecommerce,2,1
mc_4871,mc,1,1,1,0,0,1,0,7,52,2,3215.1,healthcare,2,1
visa_13.3,visa,1,1,0,1,1,0,0,33,36,1,1299.13,travel,2,1
amex_R03,amex,0,1,0,0,1,0,0,4,25,0,766.75,travel,1,0
rupay_ru01,rupay,1,0,0,0,0,1,0,43,2,1,1419.23,healthcare,0,0
visa_10.5,visa,0,1,1,0,0,0,1,19,9,0,1135.27,travel,1,0
visa_12.5,visa,1,0,1,1,1,1,1,29,52,1,15171.83,fintech,2,1
rupay_1085,rupay,0,1,1,1,0,0,0,22,5,0,4404.94,saas,0,1
mc_4850,mc,1,1,0,1,0,0,0,45,85,0,634.39,fintech,2,1
visa_13.2,visa,1,1,1,1,0,0,0,34,52,0,8537.77,retail,0,0
rupay_1065,rupay,1,0,1,0,0,0,1,41,1,2,735.96,retail,2,0
visa_13.7,visa,0,1,0,0,0,0,0,15,17,0,5945.26,travel,2,1
visa_13.8,visa,0,1,1,1,0,1,0,24,99,0,25180.21,retail,0,0
rupay_1065,rupay,1,1,1,0,1,0,0,5,5,1,11664.03,fintech,2,1
visa_13.3,visa,1,1,0,1,1,0,0,3,49,0,2516.56,retail,2,1
visa_13.2,visa,0,1,0,1,0,0,0,13,53,4,5984.57,healthcare,0,0
rupay_1085,rupay,1,1,1,1,0,0,0,25,114,4,2302.79,healthcare,0,0
visa_12.5,visa,1,0,1,1,1,1,1,41,47,0,11353.35,ecommerce,2,1
mc_4834,mc,0,0,0,0,0,0,1,22,92,0,1540.81,healthcare,2,1
visa_13.3,visa,0,0,1,1,1,1,0,33,56,1,995.78,saas,2,1
visa_13.5,visa,1,0,0,1,0,0,1,44,5,3,2704.76,fintech,2,0
visa_10.1,visa,0,0,1,0,1,0,1,13,9,1,141.95,fintech,2,1
rupay_1085,rupay,1,0,1,0,0,0,0,6,56,0,1165.64,saas,0,0
mc_4863,mc,1,0,1,1,1,0,0,10,38,0,1700.49,fintech,0,1
mc_4855,mc,1,0,1,0,0,0,1,24,34,1,7473.35,healthcare,1,0
visa_10.2,visa,1,0,1,0,1,1,0,36,64,0,3840.37,fintech,2,1
visa_10.5,visa,0,1,1,1,1,1,1,45,33,0,8188.71,fintech,2,1
rupay_ru02,rupay,1,1,0,1,1,0,0,10,50,0,9738.5,ecommerce,1,1
mc_4870,mc,1,0,0,0,0,1,0,5,93,0,5345.36,healthcare,2,1
mc_4871,mc,0,0,1,1,1,1,1,36,70,0,2141.45,retail,2,1
visa_11.2,visa,1,0,1,1,0,0,0,7,35,0,12476.46,retail,2,1
disc_IC,disc,1,1,0,1,0,1,0,18,107,0,6181.49,fintech,2,0
mc_4871,mc,1,0,1,0,1,0,1,42,26,0,2510.55,fintech,2,1
rupay_1065,rupay,0,1,1,1,1,0,1,12,61,0,1411.89,fintech,2,1
visa_13.5,visa,1,0,1,1,0,1,1,41,39,1,6374.0,healthcare,2,1
visa_10.5,visa,1,1,1,0,1,0,0,39,86,0,12470.58,fintech,1,1
visa_13.6,visa,1,0,0,1,0,1,0,4,110,2,244.87,fintech,0,0
visa_13.7,visa,0,1,1,0,1,1,0,2,25,0,3468.65,saas,2,1
visa_12.5,visa,1,0,1,1,0,0,0,11,120,0,890.05,retail,0,1
mc_4855,mc,0,1,1,0,0,1,0,20,70,2,3147.29,saas,1,0
amex_C04,amex,0,1,0,1,0,0,1,43,101,0,7742.29,healthcare,0,0
visa_11.1,visa,0,0,1,0,0,1,1,13,34,0,17191.67,fintech,2,1
mc_4870,mc,1,1,1,1,1,1,0,5,99,0,15725.41,fintech,2,1
rupay_1065,rupay,1,0,1,1,1,0,0,34,86,2,3366.25,fintech,2,0
visa_13.8,visa,0,0,1,1,0,0,0,11,57,0,6987.79,healthcare,0,1
rupay_1085,rupay,0,0,1,1,1,0,0,28,47,0,15588.95,fintech,2,1
visa_12.6.1,visa,0,1,1,0,0,0,0,35,57,0,8571.2,travel,2,1
amex_A01,amex,0,0,0,0,0,1,1,23,59,0,4839.98,retail,2,1
mc_4871,mc,0,1,1,0,0,0,0,24,14,3,2728.45,retail,2,0
amex_A08,amex,1,0,0,0,0,1,1,19,47,0,2071.74,saas,2,1
visa_12.1,visa,1,1,1,1,0,1,0,41,59,1,7406.53,ecommerce,2,1
visa_11.3,visa,0,0,1,1,1,0,0,30,12,1,43219.1,healthcare,2,1
amex_A02,amex,1,1,0,1,0,0,1,4,35,2,16994.32,saas,2,0
mc_4871,mc,1,1,1,1,1,0,1,29,22,1,8082.34,ecommerce,2,1
mc_4812,mc,0,1,1,1,0,0,1,2,88,1,10987.94,retail,2,0
mc_4853,mc,1,1,1,1,0,0,0,42,65,0,5224.0,healthcare,1,1
rupay_1065,rupay,1,1,1,1,0,1,0,8,43,2,2782.75,saas,2,1
mc_4863,mc,1,1,1,1,0,1,0,17,88,0,17052.96,travel,2,1
mc_4808,mc,1,0,1,1,1,0,0,19,76,3,8992.19,travel,2,0
visa_11.3,visa,0,1,0,0,1,1,0,30,109,2,431.23,travel,2,0
amex_A01,amex,1,0,0,0,0,0,0,33,76,0,3605.2,travel,2,1
amex_A08,amex,0,0,1,1,0,0,1,39,28,0,8226.17,ecommerce,2,1
rupay_ru01,rupay,1,0,0,0,1,0,0,45,79,0,1150.02,travel,0,1
mc_4853,mc,1,0,1,0,1,0,1,9,53,3,7238.36,healthcare,1,0
visa_10.4,visa,1,1,1,0,0,1,0,36,33,0,5834.3,saas,1,1
visa_10.4,visa,1,1,0,0,0,0,0,35,43,0,12650.99,retail,1,1
mc_4855,mc,1,0,1,0,1,0,0,45,50,0,323.38,fintech,0,0
mc_4812,mc,0,1,1,1,0,0,0,15,117,0,18527.34,saas,2,1
visa_13.6,visa,0,1,0,0,1,1,0,17,109,5,11981.46,travel,2,0
disc_UA,disc,1,1,1,1,1,0,1,45,51,0,5765.22,healthcare,1,1
rupay_ru02,rupay,1,0,1,1,1,1,0,34,11,0,12300.35,travel,1,1
rupay_ru01,rupay,1,1,0,1,1,0,1,37,36,3,1235.94,travel,1,1
mc_4863,mc,1,1,1,1,1,0,0,20,41,3,23165.24,fintech,0,0
visa_13.3,visa,1,0,1,0,1,0,0,33,62,2,4009.13,ecommerce,2,1
mc_4850,mc,1,0,0,0,0,1,1,4,7,4,1889.89,saas,2,1
visa_13.7,visa,0,1,0,0,0,1,0,13,47,1,20970.99,healthcare,2,1
visa_10.2,visa,1,0,0,0,0,0,0,2,41,0,1992.92,retail,2,1
disc_AP,disc,1,0,1,0,0,0,1,25,37,1,1333.14,retail,1,1
rupay_1062,rupay,0,0,0,0,1,0,0,14,4,0,646.32,ecommerce,1,1
visa_12.5,visa,1,0,0,1,1,0,0,40,17,0,12759.08,ecommerce,0,0
rupay_1065,rupay,1,1,1,1,0,0,1,14,120,0,19025.14,ecommerce,2,1
visa_12.6.1,visa,1,1,1,0,1,0,1,22,31,3,5694.67,healthcare,2,0
mc_4870,mc,1,0,1,0,0,1,1,24,79,1,5974.59,healthcare,2,1
visa_13.2,visa,0,1,1,1,0,0,0,12,49,0,101.08,healthcare,0,0
mc_4850,mc,1,1,0,1,1,0,0,29,28,0,3673.22,travel,2,1
visa_13.4,visa,0,1,0,0,0,1,0,12,51,0,9392.91,fintech,2,1
mc_4812,mc,1,0,0,1,0,1,1,33,24,2,24190.46,travel,2,1
rupay_ru02,rupay,1,1,0,0,0,0,1,28,41,0,1041.06,ecommerce,1,1
rupay_1065,rupay,0,1,0,1,1,0,1,9,73,3,10589.39,saas,2,0
rupay_1085,rupay,0,0,1,1,1,0,1,6,108,0,9270.51,retail,2,1
mc_4808,mc,1,1,1,0,1,1,0,10,46,0,19459.13,ecommerce,2,1
rupay_1062,rupay,0,0,1,0,0,1,0,29,43,3,440.39,saas,0,0
mc_4808,mc,0,1,1,1,0,1,0,42,59,0,3767.56,travel,2,1
visa_13.9,visa,1,1,1,0,0,0,0,16,43,1,6459.35,healthcare,2,1
amex_C18,amex,0,1,0,0,0,0,0,40,67,1,22265.16,ecommerce,2,1
rupay_ru02,rupay,1,1,1,1,1,0,0,20,50,1,6691.4,ecommerce,1,1
rupay_1065,rupay,1,0,1,0,1,0,0,13,53,0,19051.59,fintech,2,1
visa_13.5,visa,1,0,0,1,1,0,0,26,113,4,5602.29,healthcare,2,0
visa_12.1,visa,1,1,1,0,0,1,1,6,38,4,11545.46,fintech,2,0
mc_4853,mc,1,1,1,0,0,1,1,17,112,8,6093.22,travel,1,0
mc_4834,mc,0,1,1,1,0,1,0,12,11,0,20244.8,travel,2,1
visa_12.6.1,visa,1,1,1,0,1,0,1,43,117,4,27402.76,fintech,2,0
mc_4808,mc,0,0,1,1,0,1,1,22,93,0,197.42,fintech,2,0
visa_13.4,visa,1,0,1,0,0,0,1,8,48,0,4578.75,travel,2,1
visa_11.2,visa,1,0,1,1,0,1,1,32,89,2,3818.21,travel,2,1
mc_4834,mc,0,0,0,1,0,1,0,20,53,0,8651.6,ecommerce,2,1
visa_12.5,visa,1,0,1,1,0,0,0,17,22,3,2755.62,ecommerce,0,0
disc_RM,disc,1,1,1,1,1,0,0,7,26,3,4450.21,saas,2,1
rupay_1065,rupay,1,1,1,1,0,0,1,28,110,0,672.03,travel,2,0
amex_C14,amex,1,1,0,0,0,0,1,42,4,0,16792.25,retail,2,1
mc_4853,mc,1,1,1,1,1,0,0,6,101,1,1890.75,saas,2,1
visa_12.6.1,visa,1,1,0,1,0,0,1,36,111,0,11485.96,saas,2,1
rupay_1085,rupay,0,0,1,1,0,0,1,36,39,0,11600.12,saas,0,1
mc_4837,mc,1,1,1,0,0,0,0,17,11,1,5360.19,retail,1,1
mc_4855,mc,0,0,1,1,1,1,0,17,105,0,1485.55,healthcare,1,0
visa_12.1,visa,1,0,1,1,1,0,0,41,93,0,2020.22,ecommerce,2,0
rupay_1085,rupay,1,1,0,0,0,0,0,26,15,0,4018.22,travel,0,0
amex_A02,amex,1,0,1,0,1,1,0,24,59,0,9898.66,travel,2,1
mc_4837,mc,1,1,1,1,0,1,1,19,76,0,17018.3,travel,2,1
rupay_1065,rupay,0,0,1,0,0,0,0,3,114,2,19023.1,ecommerce,2,0
visa_11.3,visa,0,1,1,1,0,0,1,33,5,1,4247.2,fintech,2,1
visa_10.3,visa,0,1,1,0,0,0,0,4,33,1,9005.24,saas,0,0
rupay_1085,rupay,1,1,0,1,0,0,0,8,90,0,30314.43,travel,0,1
visa_13.5,visa,1,0,1,1,1,0,0,7,3,0,5378.31,ecommerce,2,1
visa_11.1,visa,1,0,0,0,0,0,1,27,41,0,7411.24,retail,2,1
rupay_1085,rupay,1,1,1,0,0,0,1,6,105,0,2396.38,saas,0,0
visa_11.3,visa,1,1,1,0,0,1,0,22,100,1,9218.27,fintech,2,0
mc_4841,mc,1,0,1,1,1,0,1,42,32,1,30280.51,retail,2,0
visa_13.7,visa,1,1,1,0,1,0,0,29,73,0,44814.25,retail,2,1
visa_13.9,visa,1,0,0,1,1,1,0,33,110,0,2375.47,healthcare,2,1
visa_13.3,visa,1,0,1,0,0,1,1,38,19,0,2764.84,healthcare,0,1
rupay_ru01,rupay,1,1,1,0,0,1,0,6,107,0,2605.13,saas,1,1
mc_4871,mc,0,0,0,1,1,0,1,40,36,0,1347.5,ecommerce,2,1
rupay_1065,rupay,1,1,0,1,0,0,0,43,54,0,1986.08,fintech,2,1
visa_12.1,visa,0,1,1,0,0,0,1,28,21,1,10299.9,travel,2,1
rupay_1062,rupay,1,0,1,0,0,0,0,24,25,2,2047.38,healthcare,0,0
rupay_1065,rupay,0,0,1,1,0,0,1,6,115,2,3532.61,ecommerce,2,0
mc_4841,mc,0,0,1,1,0,0,0,37,87,0,9572.04,healthcare,0,0
visa_13.3,visa,1,1,1,0,1,0,0,33,30,0,1549.76,fintech,2,1
amex_P08,amex,1,1,1,1,0,0,0,19,118,0,25823.61,healthcare,2,1
rupay_1062,rupay,1,1,1,1,1,1,0,34,115,0,6953.04,saas,2,1
visa_13.2,visa,0,0,1,0,0,1,0,13,69,2,9187.96,travel,0,0
rupay_1085,rupay,0,0,1,0,1,0,1,43,32,1,17167.02,travel,2,1
rupay_1065,rupay,0,0,1,0,0,0,0,7,78,0,13845.04,healthcare,2,1
mc_4863,mc,1,1,1,0,0,0,0,8,22,0,1704.44,travel,0,1
rupay_1065,rupay,0,1,0,1,0,1,0,29,106,0,2088.83,fintech,2,1
mc_4837,mc,1,1,1,1,1,0,1,27,30,0,8770.21,fintech,2,1
mc_4812,mc,1,0,0,1,0,1,0,37,112,2,13096.5,travel,2,1
mc_4834,mc,1,0,1,0,0,0,1,29,58,3,11474.22,healthcare,2,0
mc_4812,mc,0,0,1,0,0,0,1,16,8,1,1740.2,retail,2,0
mc_4850,mc,0,0,0,0,1,0,0,26,23,1,12826.56,travel,2,1
visa_13.2,visa,0,1,0,0,0,0,0,13,27,1,2559.11,fintech,0,0
rupay_1065,rupay,0,0,0,1,0,0,0,28,8,0,2504.26,travel,2,1
visa_13.8,visa,0,1,1,1,1,0,1,40,29,0,8891.42,fintech,2,1
visa_12.1,visa,0,0,0,0,1,1,1,27,96,1,145.88,ecommerce,2,1
mc_4863,mc,1,1,1,0,1,1,0,30,48,0,226.95,travel,2,1
visa_10.2,visa,0,0,1,1,0,0,1,5,85,0,4062.16,saas,2,1
visa_12.1,visa,1,0,1,1,1,0,1,11,110,0,7809.72,travel,2,1
rupay_1065,rupay,1,1,1,0,0,1,0,32,11,2,3700.75,retail,2,1
amex_C31,amex,1,0,1,1,1,1,0,22,83,1,13396.74,travel,2,1
mc_4853,mc,1,1,1,1,1,0,1,33,119,0,4934.92,fintech,2,1
mc_4837,mc,0,0,1,0,1,0,1,2,36,0,10893.98,healthcare,1,0
visa_11.2,visa,1,0,1,1,1,0,0,43,7,0,30000.18,fintech,2,1
rupay_1085,rupay,1,0,0,1,0,0,1,31,119,1,22711.06,travel,0,0
rupay_1065,rupay,1,1,1,1,1,1,0,11,98,0,1993.81,healthcare,2,1
visa_10.3,visa,1,1,1,1,0,1,1,40,72,0,2709.93,saas,2,1
rupay_ru02,rupay,1,1,1,1,0,0,1,32,36,0,13344.85,travel,1,1
visa_12.1,visa,1,0,1,1,0,0,0,32,62,0,7053.33,ecommerce,2,1
mc_4850,mc,1,0,1,1,0,0,0,42,53,0,5006.28,retail,2,1
rupay_ru02,rupay,1,0,0,0,0,0,1,17,32,3,3814.94,travel,0,0
visa_13.4,visa,1,0,1,1,1,0,1,18,16,0,4940.94,fintech,2,1
rupay_ru01,rupay,1,1,0,1,1,0,0,31,54,0,6535.53,fintech,1,1
mc_4850,mc,0,1,1,1,0,0,0,34,80,0,21051.94,saas,2,1
disc_DP,disc,1,1,1,0,0,0,0,31,93,2,1640.17,retail,2,0
rupay_1065,rupay,1,1,0,1,0,0,1,20,116,2,1419.46,fintech,2,0
mc_4834,mc,1,1,1,0,0,0,0,26,111,3,5149.93,fintech,2,0
mc_4863,mc,0,1,1,1,1,1,1,29,110,2,1597.47,saas,2,0
visa_10.5,visa,1,1,1,0,1,0,0,23,52,0,15437.6,healthcare,1,0
amex_C31,amex,0,0,0,1,0,0,1,8,72,4,9615.95,travel,2,0
rupay_1065,rupay,1,1,1,0,0,0,1,40,23,4,3744.21,travel,2,0
visa_10.5,visa,0,1,1,1,0,0,0,2,63,0,8208.91,travel,2,1
mc_4841,mc,0,1,1,0,1,0,0,43,36,5,182.7,healthcare,1,0
rupay_1085,rupay,0,0,0,1,0,0,0,1,42,0,14493.74,retail,0,0
amex_A08,amex,1,1,0,1,0,0,0,24,119,5,4835.05,saas,2,0
mc_4870,mc,1,1,1,0,1,0,1,5,67,2,557.69,travel,2,1
visa_13.4,visa,1,0,1,1,1,1,1,23,48,1,2635.6,fintech,2,1
visa_12.5,visa,1,1,1,0,0,1,0,38,15,4,1279.55,saas,2,0
rupay_ru02,rupay,1,0,1,1,0,0,0,27,18,0,16609.77,retail,0,0
mc_4863,mc,0,1,1,0,0,0,1,45,53,0,1110.94,ecommerce,0,1
disc_nan,disc,1,1,1,0,0,0,0,12,39,0,6814.16,healthcare,2,0
visa_11.3,visa,0,0,0,1,1,0,0,31,52,0,6031.75,fintech,2,0
visa_13.1,visa,0,0,1,0,1,1,0,35,109,2,1478.69,fintech,1,0
visa_13.1,visa,1,1,0,1,1,0,0,8,61,1,11579.97,retail,1,0
rupay_1062,rupay,1,1,1,0,0,0,1,5,90,0,1506.44,ecommerce,1,0
rupay_1065,rupay,0,0,0,1,0,0,1,43,111,1,739.3,ecommerce,2,1
mc_4870,mc,1,1,0,0,1,0,0,1,99,0,4364.2,ecommerce,2,1
rupay_1065,rupay,0,1,1,1,0,1,0,45,90,0,17017.58,healthcare,2,0
mc_4853,mc,1,1,0,0,0,1,1,39,106,0,2791.61,fintech,1,0
visa_13.6,visa,1,1,0,1,0,1,1,30,6,4,2265.49,travel,0,0
visa_11.3,visa,0,1,1,1,0,0,1,6,112,3,6657.04,healthcare,2,1
rupay_1062,rupay,0,0,1,1,0,1,1,35,22,0,3953.4,healthcare,0,0
rupay_1065,rupay,1,0,0,1,0,0,0,9,23,0,17551.39,travel,2,1
mc_4870,mc,1,0,0,1,1,0,1,42,110,0,945.07,retail,2,1
visa_10.1,visa,0,0,1,1,0,1,1,17,64,0,2702.73,saas,2,1
visa_13.7,visa,0,1,1,1,1,1,1,44,107,0,428.73,saas,2,1
mc_4863,mc,1,0,1,1,1,0,1,40,12,0,1526.67,ecommerce,0,1
visa_10.2,visa,1,1,1,1,0,0,1,37,30,0,3327.72,fintech,2,1
rupay_1062,rupay,0,0,0,1,1,0,0,21,64,0,19435.23,ecommerce,1,1
mc_4837,mc,0,1,1,1,0,1,0,19,87,2,2364.42,travel,2,1
disc_AA,disc,1,1,1,1,0,0,1,15,57,0,6409.9,saas,2,1
visa_11.1,visa,1,0,1,1,0,1,0,9,106,0,1097.98,retail,2,1
visa_13.2,visa,1,0,1,0,1,1,0,10,2,1,8857.72,saas,1,1
mc_4812,mc,1,1,1,1,0,0,1,12,95,0,5521.85,fintech,2,1
visa_13.5,visa,0,0,0,0,0,0,0,43,75,2,3236.4,fintech,2,0
rupay_ru02,rupay,1,0,1,1,0,0,1,10,60,4,3230.36,saas,0,0
rupay_1062,rupay,0,1,1,1,0,1,0,16,34,0,7314.01,fintech,1,1
mc_4837,mc,1,1,1,0,1,0,1,36,24,0,8128.13,fintech,1,1
rupay_1085,rupay,1,0,1,1,0,0,0,37,18,0,12983.76,saas,0,1
amex_F30,amex,1,0,0,0,1,1,1,32,33,2,7725.42,retail,2,1
mc_4863,mc,1,0,1,0,0,0,0,14,70,1,18740.1,healthcare,0,1
rupay_1062,rupay,1,1,0,0,0,0,0,27,116,1,2820.25,saas,1,0
visa_12.1,visa,0,1,1,1,0,0,1,13,84,1,5879.97,ecommerce,2,1
visa_13.8,visa,1,1,1,1,0,0,0,23,96,0,35052.04,travel,0,0
mc_4841,mc,1,0,0,1,1,0,0,17,66,1,9270.45,ecommerce,1,0
visa_11.3,visa,1,0,1,1,1,1,1,4,115,0,10582.05,travel,2,1
rupay_ru01,rupay,1,1,1,1,1,1,0,8,42,0,2753.21,retail,2,1
visa_13.7,visa,1,0,1,0,1,0,0,11,26,0,21670.31,saas,2,1
mc_4808,mc,1,1,1,0,0,1,0,7,11,3,45491.44,saas,2,0
rupay_1085,rupay,0,1,0,1,1,1,1,4,75,4,9118.69,travel,2,0
visa_13.1,visa,1,0,0,1,1,0,1,29,83,0,1552.68,healthcare,1,1
visa_10.3,visa,1,1,1,0,1,0,1,38,106,1,7765.83,travel,0,0
mc_4837,mc,1,1,1,0,0,0,0,7,112,1,4206.12,retail,1,1
visa_13.1,visa,1,1,1,0,0,0,0,30,50,3,6982.72,ecommerce,1,0
visa_12.5,visa,0,1,1,1,1,0,0,16,99,0,4635.94,healthcare,0,0
mc_4834,mc,1,0,0,1,1,0,0,44,12,2,12340.19,saas,2,0
visa_12.6.1,visa,0,1,0,0,0,1,0,22,19,0,7052.3,retail,2,1
amex_F10,amex,0,1,0,0,0,1,0,29,33,1,3565.27,saas,2,1
rupay_1065,rupay,1,1,1,1,0,1,1,44,59,0,4755.0,travel,2,1
visa_12.5,visa,1,1,1,1,1,0,0,21,55,0,16196.8,ecommerce,0,0
visa_10.1,visa,1,1,1,1,1,1,1,32,59,0,8885.43,saas,2,1
visa_13.5,visa,1,1,1,1,0,0,0,13,93,0,3960.29,healthcare,2,1
rupay_1065,rupay,1,1,1,1,1,0,1,14,77,0,20063.83,retail,2,1
rupay_1065,rupay,0,0,1,1,0,0,0,25,50,0,1186.05,ecommerce,2,1
visa_10.2,visa,1,1,1,0,1,1,0,13,43,1,738.91,fintech,2,1
visa_13.6,visa,0,0,1,1,0,0,0,34,112,4,7417.53,retail,0,0
rupay_1062,rupay,1,1,1,1,0,1,1,45,114,0,12272.61,ecommerce,1,0
mc_4870,mc,1,0,0,1,1,1,1,24,105,1,10866.84,ecommerce,2,1
rupay_1085,rupay,1,1,0,1,1,0,0,37,26,3,8550.75,travel,2,0
mc_4834,mc,0,0,1,1,1,1,1,8,108,1,6885.12,healthcare,2,1
mc_4870,mc,1,1,1,1,1,1,0,13,107,0,2335.62,healthcare,2,1
rupay_1065,rupay,1,1,1,1,1,0,0,20,91,0,9598.32,ecommerce,2,1
mc_4837,mc,0,0,1,1,0,0,0,17,28,0,2819.49,travel,1,0
visa_10.2,visa,1,1,0,1,1,1,0,35,97,0,7961.19,ecommerce,2,1
mc_4871,mc,1,1,0,1,0,1,0,25,16,1,13392.64,saas,2,1
mc_4808,mc,0,0,1,1,0,0,0,34,89,1,7193.69,healthcare,2,0
mc_4871,mc,1,1,1,1,0,0,0,9,95,0,8484.39,fintech,2,1
rupay_ru02,rupay,0,0,1,1,1,0,0,18,111,1,21575.5,fintech,0,0
disc_nan,disc,0,1,0,1,0,1,0,35,101,0,15778.31,retail,2,1
mc_4841,mc,0,1,0,0,0,0,0,40,64,1,21911.0,ecommerce,0,0
visa_13.3,visa,0,0,1,0,0,0,1,13,103,1,10460.27,fintech,0,0
mc_4834,mc,1,1,1,0,0,0,0,16,88,2,12780.23,travel,2,1
visa_12.6.1,visa,0,1,1,0,0,1,1,40,51,0,3149.41,retail,2,0
rupay_1062,rupay,0,1,0,0,1,0,1,23,6,1,3323.15,ecommerce,2,1
mc_4834,mc,1,1,1,1,1,1,0,26,48,0,8785.1,ecommerce,2,0
rupay_1065,rupay,0,0,1,0,0,1,1,4,35,3,1579.64,ecommerce,2,0
visa_13.9,visa,0,1,0,1,0,1,0,36,37,0,7517.05,ecommerce,2,1
mc_4808,mc,0,0,0,1,1,0,1,31,95,3,10438.69,saas,2,0
visa_13.8,visa,1,0,1,0,1,0,0,3,62,4,2933.68,saas,2,1
rupay_1085,rupay,1,1,1,1,1,0,0,29,98,0,5068.0,saas,2,1
visa_13.5,visa,1,1,1,1,0,0,1,30,93,0,4330.68,travel,2,0
rupay_1085,rupay,0,0,1,1,0,0,1,39,98,1,3086.75,ecommerce,0,0
rupay_ru02,rupay,1,1,1,1,0,1,0,43,100,0,2743.53,saas,2,1
rupay_ru02,rupay,0,0,0,0,0,1,0,18,27,0,7868.73,ecommerce,1,0
rupay_ru01,rupay,1,1,0,1,0,0,0,13,56,2,3439.22,saas,1,1
mc_4834,mc,0,1,0,0,0,1,0,3,71,0,34778.67,retail,2,1
rupay_ru02,rupay,1,1,0,0,0,1,0,12,42,0,13768.29,travel,2,1
visa_11.1,visa,0,1,1,1,0,0,0,35,62,0,16793.66,retail,2,1
amex_C31,amex,1,1,1,0,0,0,0,14,87,0,12328.82,fintech,2,1
visa_12.6.1,visa,1,1,1,0,0,1,0,37,65,4,2369.11,retail,2,0
amex_A02,amex,1,0,1,1,1,1,1,23,7,0,2774.66,retail,2,1
visa_13.9,visa,1,1,1,1,1,0,0,37,12,2,10860.27,ecommerce,2,0
rupay_1085,rupay,1,1,1,1,0,0,0,7,79,4,3574.96,travel,0,0
visa_10.4,visa,1,1,0,1,1,0,1,16,78,0,11787.11,ecommerce,1,0
rupay_1065,rupay,1,1,1,0,1,0,1,41,1,1,9003.46,fintech,2,1
amex_A08,amex,1,0,1,1,0,0,1,42,51,1,7449.26,healthcare,2,0
rupay_ru01,rupay,1,0,1,1,1,0,0,7,13,0,9312.82,ecommerce,1,1
visa_13.1,visa,0,1,1,0,0,0,0,40,110,0,852.37,ecommerce,1,1
amex_M10,amex,1,1,1,1,1,0,1,40,58,1,6429.21,healthcare,2,1
amex_R13,amex,1,1,1,1,1,0,0,29,95,0,5677.37,travel,2,1
mc_4812,mc,1,1,1,1,0,1,0,26,89,1,2527.79,retail,2,1
rupay_1085,rupay,0,1,0,1,0,0,0,3,107,2,14415.09,retail,0,0
disc_RG,disc,0,0,1,1,0,1,0,25,10,0,4021.21,healthcare,0,0
mc_4871,mc,1,0,1,0,0,0,0,33,26,0,3930.51,healthcare,2,1
visa_11.1,visa,1,1,1,0,0,1,0,14,88,1,8890.46,fintech,2,1
mc_4863,mc,1,1,1,1,0,0,0,2,84,3,22437.71,travel,0,0
mc_4863,mc,0,0,1,1,1,0,0,36,22,0,14866.69,fintech,0,0
rupay_1062,rupay,1,1,1,1,0,1,0,7,59,1,2662.97,fintech,1,1
rupay_1062,rupay,0,0,1,1,0,0,1,11,38,3,8895.16,travel,0,0
mc_4850,mc,0,0,0,1,0,0,1,17,67,0,6182.35,fintech,2,1
mc_4853,mc,1,1,1,0,1,1,1,17,74,1,1805.78,ecommerce,2,1
rupay_1062,rupay,1,0,1,1,0,0,0,20,112,0,810.35,saas,0,0
mc_4812,mc,0,1,1,1,0,1,1,7,9,0,10788.84,retail,2,1
visa_10.2,visa,1,1,0,1,1,1,0,10,120,5,5938.66,fintech,2,1
rupay_1065,rupay,1,1,1,1,0,1,0,27,74,0,11813.95,healthcare,2,1
visa_13.7,visa,1,1,1,1,1,0,0,40,33,2,2534.92,retail,2,1
mc_4853,mc,1,1,1,1,0,0,0,44,53,0,11739.87,retail,1,1
disc_RM,disc,0,0,1,0,0,0,0,19,58,2,2749.38,healthcare,2,1
visa_10.2,visa,0,1,1,0,1,0,0,29,3,3,6653.64,travel,2,0
mc_4808,mc,1,1,0,1,1,0,1,26,90,1,1178.45,ecommerce,2,1
mc_4812,mc,0,1,0,0,1,0,0,15,106,0,8963.35,saas,2,0
mc_4871,mc,1,0,1,1,0,0,1,23,93,0,2428.49,retail,2,1
mc_4850,mc,0,1,0,1,1,1,1,42,25,0,3951.86,retail,2,1
visa_13.6,visa,1,1,1,0,1,0,1,34,77,0,5457.28,ecommerce,2,1
rupay_1062,rupay,1,1,1,1,1,1,1,43,15,1,627.36,travel,2,1
mc_4855,mc,1,1,0,0,1,1,0,36,101,0,16393.12,saas,1,0
visa_11.3,visa,0,1,1,0,0,0,0,15,28,0,581.89,ecommerce,2,1
visa_10.4,visa,1,1,1,1,0,0,1,39,90,1,8842.77,ecommerce,1,1
mc_4834,mc,0,1,1,1,1,0,0,31,111,5,4467.98,fintech,2,0
mc_4808,mc,0,0,1,0,1,0,0,44,30,5,9656.57,saas,2,0
visa_12.5,visa,0,1,1,1,0,1,0,23,118,1,549.26,retail,2,1
disc_UD,disc,1,1,1,0,0,0,0,36,84,2,5203.61,saas,2,1
visa_13.9,visa,1,1,0,1,1,0,0,5,10,0,3569.49,ecommerce,2,1
rupay_1062,rupay,1,1,0,0,1,0,0,31,52,1,4573.85,fintech,2,1
visa_12.1,visa,0,1,0,0,0,0,0,10,95,3,18049.51,retail,2,0
visa_13.6,visa,1,0,0,1,0,0,1,21,18,0,24416.46,saas,0,0
rupay_ru01,rupay,0,0,0,1,0,1,0,45,55,0,1080.62,travel,1,1
amex_F14,amex,1,0,1,1,0,1,1,19,83,1,6855.14,healthcare,2,1
rupay_1065,rupay,0,0,1,1,1,1,0,18,117,4,2260.99,retail,2,0
amex_C08,amex,1,1,1,1,1,0,0,24,14,0,859.41,saas,1,1
rupay_1085,rupay,1,0,0,1,1,0,0,28,24,0,5870.18,ecommerce,2,1
rupay_1062,rupay,1,0,1,0,0,0,0,39,86,0,27382.35,saas,0,0
mc_4841,mc,0,1,1,0,1,1,0,18,38,0,7063.19,travel,1,1
rupay_ru01,rupay,1,0,1,1,1,1,0,28,76,0,1619.84,fintech,1,1
visa_13.2,visa,1,1,1,0,0,1,0,42,5,1,154.56,saas,0,0
rupay_ru02,rupay,1,0,1,0,1,0,0,39,119,0,5519.64,retail,0,0
disc_AP,disc,1,1,1,0,0,0,1,22,74,0,671.35,ecommerce,1,1
mc_4837,mc,1,1,0,1,1,0,1,32,74,0,5792.7,fintech,1,1
visa_10.1,visa,0,0,1,1,0,1,0,44,89,2,15733.64,travel,2,1
rupay_1085,rupay,1,0,1,1,1,0,0,28,43,3,4798.54,fintech,2,0
visa_11.1,visa,0,0,0,0,1,0,0,45,12,0,4999.37,travel,2,1
mc_4837,mc,1,0,1,1,0,1,0,10,106,1,4804.93,travel,1,1
visa_13.9,visa,1,1,0,1,1,0,0,12,71,0,4956.87,fintech,2,1
visa_12.6.1,visa,1,0,1,0,1,0,0,8,37,2,2569.15,ecommerce,2,1
rupay_ru01,rupay,1,0,1,0,0,0,0,44,82,0,971.53,saas,1,1
mc_4863,mc,1,1,1,1,1,0,0,20,24,1,3135.38,retail,0,1
rupay_1062,rupay,1,1,0,1,0,1,1,32,26,0,6892.27,healthcare,1,1
amex_F24,amex,0,1,1,1,1,0,1,38,58,0,2118.62,saas,2,1
mc_4850,mc,1,1,1,0,1,0,0,28,103,2,11247.99,ecommerce,2,0
mc_4834,mc,1,1,1,1,1,1,0,38,61,4,2674.55,travel,2,0
mc_4850,mc,0,1,0,0,1,1,1,26,102,0,570.31,saas,2,1
visa_13.1,visa,0,1,1,1,1,1,1,43,21,3,10779.53,travel,2,1
mc_4812,mc,1,1,0,1,0,0,0,8,115,1,302.41,saas,2,0
rupay_ru01,rupay,1,0,1,1,1,0,1,16,36,0,1729.17,saas,1,1
visa_12.1,visa,1,0,1,1,1,1,0,9,91,0,315.75,fintech,2,0
rupay_1085,rupay,1,0,0,0,0,0,0,2,25,2,7835.37,fintech,0,0
visa_13.8,visa,1,1,1,0,0,1,0,18,87,2,9038.24,healthcare,0,0
mc_4812,mc,0,1,1,1,0,1,0,3,46,2,2064.43,travel,2,0
rupay_1062,rupay,1,1,1,0,1,0,0,17,115,0,1464.03,saas,2,1
rupay_1065,rupay,1,0,1,1,0,1,0,39,41,0,6751.81,fintech,2,1
visa_13.6,visa,0,1,0,1,1,1,0,4,20,0,23408.07,retail,2,1
rupay_1085,rupay,1,1,1,1,0,0,0,1,69,0,1217.04,ecommerce,0,0
rupay_1065,rupay,1,1,1,0,1,0,1,22,66,1,9282.53,ecommerce,2,1
rupay_1062,rupay,1,1,1,0,1,1,1,37,2,1,9074.07,ecommerce,2,1
disc_RG,disc,0,0,1,0,0,1,1,16,4,1,4598.95,retail,1,1
mc_4863,mc,1,0,0,0,0,1,1,33,100,0,2595.77,fintech,2,1
amex_C08,amex,1,0,1,0,0,0,1,44,103,0,8550.89,fintech,1,0
mc_4812,mc,1,1,1,0,0,1,1,38,77,0,8798.05,healthcare,2,1
disc_UA,disc,0,1,0,1,1,1,0,3,30,0,12276.14,fintech,1,1
visa_10.3,visa,1,1,1,1,0,1,1,35,55,0,249.64,fintech,2,1
visa_12.5,visa,0,0,0,1,0,0,0,10,56,0,3685.51,healthcare,0,1
rupay_ru02,rupay,1,1,1,0,0,1,0,43,60,1,17514.35,ecommerce,2,1
mc_4870,mc,1,0,1,1,0,0,1,30,114,0,1617.25,fintech,2,1
rupay_1085,rupay,0,0,1,0,1,0,0,19,87,4,8099.99,saas,2,1
mc_4841,mc,1,1,0,0,0,1,0,16,23,0,1666.99,fintech,0,0
mc_4808,mc,1,1,1,1,1,0,0,33,107,1,558.73,healthcare,2,1
amex_M49,amex,0,1,1,1,0,1,1,42,88,1,10263.77,healthcare,2,1
rupay_1062,rupay,1,1,1,0,0,0,1,14,22,3,4977.93,ecommerce,1,0
visa_11.3,visa,0,1,1,1,0,0,1,34,51,4,1170.35,travel,2,1
mc_4850,mc,1,0,1,0,1,0,0,12,5,5,2833.57,retail,2,0
mc_4808,mc,0,1,1,1,0,0,0,24,99,0,44259.0,ecommerce,2,1
rupay_ru02,rupay,0,0,1,1,1,0,0,32,64,0,2605.17,travel,0,0
disc_AA,disc,0,1,0,0,1,0,0,26,18,0,11848.07,saas,1,1
rupay_ru01,rupay,1,0,1,0,0,1,1,40,116,0,13543.62,travel,1,1
visa_12.5,visa,1,0,1,0,0,0,0,31,33,0,4182.05,saas,0,0
disc_IC,disc,1,1,1,0,0,0,0,5,52,0,5023.02,ecommerce,0,0
mc_4863,mc,1,0,1,0,0,0,1,5,13,0,7587.43,retail,0,1
visa_12.6.1,visa,1,0,1,1,0,0,1,20,31,0,10724.99,travel,2,1
amex_P05,amex,1,0,0,1,0,0,1,32,88,0,4846.46,travel,0,0
visa_12.1,visa,1,0,0,0,1,0,0,16,41,2,13065.98,saas,2,1
mc_4855,mc,1,1,1,1,0,0,1,15,49,0,1802.29,saas,1,1
mc_4853,mc,1,1,1,1,1,0,1,33,103,1,7191.96,retail,2,1
amex_C14,amex,0,0,0,0,0,0,1,24,85,0,12156.08,ecommerce,2,1
visa_13.9,visa,1,1,1,0,0,0,0,21,50,0,2707.08,saas,2,1
visa_13.1,visa,1,1,0,1,1,0,0,39,97,1,23348.16,saas,1,1
amex_R13,amex,1,1,0,0,0,1,0,31,29,0,1673.18,retail,2,1
mc_4855,mc,1,1,0,0,0,1,0,18,37,1,8704.68,healthcare,1,1
disc_AA,disc,1,0,1,1,0,1,1,39,100,1,1078.75,travel,1,0
mc_4834,mc,0,1,0,1,0,0,1,22,50,0,15248.45,fintech,2,1
mc_4870,mc,1,0,0,1,1,0,0,10,99,8,1637.85,saas,2,1
rupay_1062,rupay,1,0,1,0,0,1,1,22,21,0,2966.85,fintech,0,0
visa_13.3,visa,1,1,1,1,1,0,0,33,72,1,548.41,travel,2,1
rupay_1085,rupay,1,1,1,1,0,0,0,17,96,0,28183.69,fintech,0,0
visa_13.7,visa,0,0,1,1,0,0,1,34,40,4,9519.36,fintech,2,0
visa_11.1,visa,1,0,1,1,1,0,1,22,106,0,23730.06,saas,2,0
visa_13.9,visa,1,1,1,1,0,0,0,5,97,2,1432.34,saas,2,0
mc_4837,mc,1,1,0,0,0,0,0,14,53,0,34212.05,healthcare,1,1
rupay_1062,rupay,1,0,0,1,0,0,1,11,104,3,18052.5,retail,0,0
amex_R13,amex,1,1,0,0,1,0,1,14,108,1,17895.6,retail,2,0
visa_13.7,visa,1,1,1,1,1,0,1,10,83,3,1462.63,ecommerce,2,0
disc_DP,disc,0,1,0,1,0,0,0,9,111,0,6477.61,fintech,2,0
mc_4855,mc,0,1,1,0,0,1,0,27,1,1,1960.62,fintech,1,1
mc_4834,mc,0,1,0,1,0,0,1,20,114,3,3548.56,fintech,2,0
visa_10.4,visa,0,1,0,1,0,1,0,37,91,0,3706.2,fintech,1,1
rupay_1085,rupay,0,0,1,0,0,0,0,13,21,0,805.15,travel,0,1
rupay_ru01,rupay,0,1,1,1,0,0,0,11,12,3,2269.08,travel,2,1
disc_AP,disc,1,1,1,1,0,0,1,30,12,0,8390.46,ecommerce,1,1
rupay_1062,rupay,0,1,1,1,1,0,1,39,12,0,1388.95,saas,2,1
rupay_1062,rupay,1,1,0,0,0,0,1,44,17,0,8041.57,fintech,1,0
visa_13.1,visa,0,0,1,1,1,0,0,32,112,1,6068.51,healthcare,0,0
rupay_1085,rupay,1,0,1,1,0,0,1,39,71,1,6618.03,ecommerce,0,0
rupay_ru01,rupay,1,0,1,1,1,0,1,27,112,0,20181.53,travel,1,1
mc_4855,mc,1,0,1,0,1,0,0,38,53,0,11129.96,retail,0,0
visa_13.9,visa,1,1,1,1,1,1,1,15,96,0,17574.27,retail,2,1
visa_13.7,visa,1,0,1,0,0,1,0,22,31,4,17171.88,saas,2,1
mc_4837,mc,0,0,1,1,0,0,0,8,20,0,7336.42,saas,1,1
mc_4812,mc,0,1,1,1,1,1,0,23,46,1,616.14,fintech,2,1
rupay_1065,rupay,1,0,0,0,1,1,0,18,45,0,685.3,retail,2,1
amex_M49,amex,0,0,0,0,1,1,1,37,17,0,6109.22,retail,0,0
visa_13.1,visa,1,1,1,1,0,0,1,43,39,0,2694.27,travel,1,1
visa_13.9,visa,0,1,1,1,1,0,0,42,81,5,7585.53,travel,2,1
disc_AA,disc,0,1,1,1,1,0,0,37,39,0,16678.72,saas,2,1
visa_10.1,visa,1,0,1,0,0,0,1,4,75,0,25807.88,retail,2,0
rupay_ru01,rupay,0,0,0,1,0,1,0,11,88,0,2092.18,retail,1,1
amex_C14,amex,0,1,1,0,1,1,0,28,30,0,820.41,retail,2,1
mc_4870,mc,1,1,1,1,0,0,0,18,105,1,3749.27,ecommerce,2,1
visa_12.6.1,visa,0,0,1,1,0,0,0,36,6,1,6669.95,travel,2,1
mc_4808,mc,1,0,1,1,1,0,1,16,120,0,3802.53,ecommerce,2,1
mc_4850,mc,0,0,0,1,1,0,0,33,5,0,12604.77,healthcare,2,1
mc_4812,mc,1,1,0,0,0,0,0,29,43,1,6199.64,healthcare,2,1
mc_4855,mc,1,0,1,1,0,0,1,43,119,3,11654.63,ecommerce,1,0
visa_12.5,visa,1,1,0,1,0,0,1,38,70,0,6326.63,healthcare,0,1
rupay_1065,rupay,1,0,1,1,1,0,0,33,13,0,8259.33,healthcare,2,1
visa_13.2,visa,0,0,1,1,1,1,0,3,56,0,4329.18,saas,1,1
amex_A02,amex,0,0,0,1,1,0,0,40,84,0,2414.18,ecommerce,2,1
visa_10.3,visa,1,1,1,1,0,1,1,24,68,0,11014.45,saas,2,1
visa_12.5,visa,1,1,0,1,0,0,1,24,77,0,6582.77,travel,0,0
mc_4871,mc,0,1,0,1,1,0,0,28,29,0,704.14,fintech,2,1
rupay_ru02,rupay,1,0,0,1,1,0,0,42,2,0,301.39,travel,0,0
visa_10.3,visa,1,1,0,0,0,0,0,45,68,0,4719.54,healthcare,0,1
visa_10.2,visa,1,1,1,0,0,0,0,37,103,2,4564.3,travel,2,1
mc_4863,mc,1,1,1,0,1,0,0,10,24,0,8835.89,healthcare,0,1
rupay_1065,rupay,1,0,1,1,1,1,1,39,10,8,9194.79,travel,2,0
visa_12.1,visa,0,1,1,1,0,0,0,25,91,2,6894.95,healthcare,2,0
disc_IC,disc,1,1,1,1,0,1,1,14,36,0,17149.08,travel,2,1
visa_11.1,visa,1,0,1,1,0,0,1,29,82,1,1290.63,ecommerce,2,1
mc_4855,mc,1,0,1,1,1,1,1,33,98,0,3339.2,retail,1,1
visa_10.2,visa,1,0,1,1,1,0,0,34,13,1,8007.96,ecommerce,2,1
mc_4841,mc,1,0,0,0,1,0,0,6,30,0,8885.52,travel,1,1
rupay_1065,rupay,1,1,1,0,1,1,1,34,43,2,11117.11,saas,2,0
visa_12.6.1,visa,1,1,1,0,0,1,0,44,8,4,3711.94,fintech,2,1
mc_4808,mc,1,0,1,1,1,1,1,30,73,0,14634.2,retail,2,0
visa_13.6,visa,1,1,0,1,0,0,1,6,63,0,10738.66,healthcare,0,0
disc_UD,disc,1,1,1,0,1,0,0,13,89,0,7003.37,ecommerce,2,1
disc_AA,disc,1,1,1,1,1,0,0,32,54,2,2569.48,travel,2,1
rupay_ru02,rupay,1,1,1,0,1,0,0,16,35,0,5038.12,ecommerce,1,1
amex_M10,amex,0,1,1,0,1,0,0,30,25,0,1880.87,healthcare,2,1
visa_10.3,visa,1,1,1,1,1,1,0,21,76,5,1890.8,saas,2,1
visa_12.6.1,visa,1,1,1,0,1,0,1,27,85,3,16919.87,travel,2,0
mc_4812,mc,0,1,1,0,1,0,0,19,88,4,5257.46,ecommerce,2,0
visa_11.2,visa,0,1,1,0,1,0,0,32,33,2,1274.12,travel,2,1
visa_10.1,visa,0,1,0,1,0,0,1,16,78,0,9148.27,retail,2,1
rupay_1062,rupay,0,1,1,0,1,0,0,14,94,0,8741.54,fintech,2,1
mc_4841,mc,1,0,1,1,0,0,1,25,52,2,416.69,saas,1,0
visa_10.4,visa,1,0,0,0,0,0,0,16,118,0,23585.06,healthcare,0,1
visa_10.5,visa,1,1,0,1,1,1,0,1,91,1,4080.62,fintech,1,0
mc_4853,mc,0,1,1,0,0,0,0,9,41,0,1800.81,travel,1,1
mc_4870,mc,0,1,1,1,1,0,1,9,13,1,5539.35,saas,2,0
visa_13.7,visa,0,1,1,0,0,0,0,44,75,2,2562.72,healthcare,2,0
mc_4870,mc,1,0,0,1,1,0,1,25,99,1,264.41,saas,2,1
visa_10.1,visa,1,0,1,0,0,0,0,33,2,0,18489.74,fintech,2,1
amex_R13,amex,0,1,1,0,0,0,0,34,2,0,1716.17,fintech,2,0
mc_4850,mc,1,0,1,1,0,0,1,26,81,0,2485.21,travel,2,1
mc_4853,mc,1,1,1,1,0,0,0,27,60,0,11384.84,retail,1,1
mc_4841,mc,1,1,1,0,1,0,1,12,53,8,44605.96,saas,2,0
visa_13.2,visa,1,1,1,1,1,1,0,3,114,1,1480.1,travel,1,0
rupay_ru01,rupay,1,1,1,0,0,1,0,22,24,1,788.24,saas,1,1
rupay_ru02,rupay,1,1,1,0,1,0,0,23,32,0,20084.78,fintech,1,1
visa_13.4,visa,0,0,0,0,0,0,0,35,15,2,2078.05,retail,2,0
mc_4871,mc,1,0,1,0,1,0,1,43,15,1,2814.26,saas,2,1
rupay_ru01,rupay,1,0,1,1,1,0,0,14,92,0,18927.82,ecommerce,1,1
rupay_1065,rupay,1,0,1,1,1,0,0,36,106,0,31997.25,retail,2,1
visa_11.1,visa,1,1,1,1,0,0,0,8,99,0,11431.56,retail,2,1
rupay_1062,rupay,0,0,1,1,0,0,1,26,103,0,1055.76,healthcare,0,1
amex_A02,amex,1,1,1,1,1,0,0,45,40,3,12272.71,healthcare,2,0
visa_13.1,visa,1,1,1,1,1,0,0,26,86,0,15741.96,retail,1,1
mc_4855,mc,1,1,1,1,1,0,1,28,60,0,9622.7,saas,1,1
visa_10.3,visa,0,0,0,1,1,0,1,30,91,0,6232.13,ecommerce,0,0
visa_13.7,visa,1,1,0,0,1,0,0,26,112,4,12421.88,saas,2,1
visa_13.5,visa,0,1,1,0,0,0,0,5,58,5,8308.39,travel,2,0
visa_10.5,visa,1,0,1,1,1,0,0,26,77,0,7894.52,travel,1,1
visa_13.6,visa,1,1,1,0,1,1,0,25,65,0,1501.62,saas,2,1
disc_IC,disc,1,1,1,0,0,0,0,17,49,0,19701.95,travel,0,1
rupay_1062,rupay,1,0,1,0,0,0,0,38,24,8,420.68,retail,0,0
rupay_1085,rupay,1,0,1,1,0,1,0,27,86,0,10819.89,healthcare,0,1
visa_13.8,visa,1,1,0,0,0,0,0,7,4,0,8595.99,saas,0,1
mc_4812,mc,0,1,1,1,0,0,0,22,117,1,22693.08,healthcare,2,0
visa_12.5,visa,1,1,1,1,1,1,1,22,119,3,9852.52,retail,2,1
mc_4837,mc,1,0,1,1,0,0,0,16,2,0,2931.23,ecommerce,1,1
mc_4850,mc,1,1,1,1,0,0,1,40,86,8,6688.78,retail,2,0
rupay_ru02,rupay,1,1,0,1,0,0,0,14,92,1,13496.62,retail,1,0
visa_10.4,visa,1,0,1,0,0,0,0,43,100,0,5576.53,fintech,1,0
visa_13.4,visa,1,1,1,1,0,0,1,43,52,0,1815.29,travel,2,1
visa_13.7,visa,1,1,1,0,0,0,0,44,67,0,17604.98,fintech,2,1
rupay_1065,rupay,1,1,1,0,1,0,1,25,33,0,19527.15,travel,2,1
rupay_ru01,rupay,1,0,0,0,1,1,0,37,43,0,17950.4,saas,0,1
mc_4870,mc,0,1,1,1,1,1,0,22,78,1,427.61,fintech,2,1
amex_M10,amex,1,0,0,0,1,0,0,31,80,0,7089.09,saas,2,1
rupay_1062,rupay,0,1,1,1,0,0,1,19,87,1,2397.45,healthcare,1,0
amex_F30,amex,0,0,0,0,1,0,0,18,96,0,702.75,fintech,2,1
amex_F30,amex,1,0,1,0,0,0,0,26,1,0,3267.39,retail,2,1
rupay_1062,rupay,0,0,0,1,0,0,1,42,12,1,12357.17,saas,0,0
visa_13.6,visa,0,0,0,0,1,1,0,9,13,0,2642.28,fintech,2,1
mc_4853,mc,0,1,1,1,0,0,1,37,9,0,16728.96,ecommerce,1,1
rupay_1065,rupay,1,0,0,1,0,1,1,23,51,1,5654.48,retail,2,1
amex_C05,amex,1,1,1,1,0,0,1,35,37,0,10301.35,travel,1,0
mc_4808,mc,0,0,1,0,0,0,0,14,33,1,167.12,saas,2,1
visa_12.1,visa,1,0,0,0,1,0,0,9,27,0,9094.64,retail,2,1
mc_4841,mc,0,1,1,1,1,1,1,18,65,8,1979.77,fintech,2,1
visa_11.3,visa,0,1,1,1,1,1,0,39,16,2,17121.09,retail,2,1
rupay_ru02,rupay,1,1,0,0,0,0,1,12,17,4,26184.1,saas,1,0
visa_10.3,visa,0,1,0,1,1,0,0,18,50,0,6980.86,ecommerce,0,0
visa_13.9,visa,1,0,0,0,1,0,0,27,54,3,29405.52,healthcare,2,0
visa_13.7,visa,1,1,0,0,0,0,1,32,120,0,17792.42,retail,2,1
mc_4853,mc,0,0,1,1,1,0,1,23,88,2,2942.12,fintech,1,0
visa_13.6,visa,0,1,0,0,0,1,0,8,43,8,5849.44,healthcare,0,0
amex_F31,amex,1,1,1,0,0,0,0,3,93,0,2642.77,travel,2,1
visa_10.3,visa,1,0,1,0,0,1,0,33,41,0,15003.9,retail,2,1
amex_F30,amex,1,0,1,1,1,0,1,19,47,0,5324.02,retail,2,1
visa_11.3,visa,1,1,1,1,1,0,0,6,90,0,8268.22,retail,2,1
visa_13.4,visa,1,1,1,1,1,0,0,17,55,0,13239.65,travel,2,1
visa_13.9,visa,0,1,1,0,1,0,1,8,14,0,9071.71,healthcare,2,1
visa_13.1,visa,0,0,1,1,0,0,1,36,76,1,1197.45,ecommerce,1,1
mc_4808,mc,1,0,1,0,1,0,1,8,13,0,10095.16,retail,2,0
rupay_ru02,rupay,1,1,1,1,1,0,1,1,29,0,3354.31,saas,1,0
visa_11.3,visa,1,0,0,1,0,0,1,40,7,0,3447.61,retail,2,1
amex_C08,amex,1,0,1,1,0,0,1,35,28,4,1538.04,saas,1,0
visa_12.1,visa,1,1,1,0,0,0,0,28,92,3,2475.96,retail,2,0
visa_13.9,visa,1,1,1,1,0,0,0,33,39,3,6792.56,retail,2,1
mc_4812,mc,1,1,0,1,1,1,0,4,25,0,1173.05,travel,2,1
rupay_1085,rupay,1,1,1,1,1,1,0,41,62,0,10574.47,healthcare,2,1
visa_13.8,visa,0,0,1,0,0,1,0,42,105,0,14590.1,travel,0,0
mc_4871,mc,1,0,1,0,1,0,0,42,56,1,3142.77,retail,2,1
disc_UA,disc,1,1,1,1,1,0,1,3,17,0,6375.01,travel,1,1
rupay_ru01,rupay,1,0,1,1,0,0,1,31,77,2,1986.26,travel,1,1
mc_4853,mc,1,1,1,1,1,0,0,28,103,1,5493.89,fintech,2,1
visa_10.4,visa,0,0,1,1,1,0,1,24,80,2,4117.24,retail,1,1
mc_4850,mc,0,1,1,1,0,0,1,23,45,0,4334.1,retail,2,1
rupay_ru01,rupay,0,1,1,0,0,1,1,40,97,0,10521.02,retail,1,1
visa_10.5,visa,0,1,1,1,0,1,1,24,23,1,8448.96,healthcare,2,1
visa_11.3,visa,1,0,0,0,1,0,0,19,7,0,9555.02,saas,2,1
rupay_ru02,rupay,0,0,0,0,0,1,0,24,116,8,18354.27,ecommerce,1,0
visa_10.2,visa,1,0,1,0,0,0,0,3,43,3,3571.12,saas,2,1
mc_4808,mc,1,1,0,0,1,0,0,10,13,2,4930.28,fintech,2,1
rupay_ru02,rupay,0,0,1,1,0,0,0,16,51,0,19225.87,fintech,0,0
visa_13.9,visa,0,0,1,0,1,0,1,45,2,1,424.17,fintech,2,1
rupay_ru01,rupay,1,0,1,0,1,0,1,10,108,3,5611.16,healthcare,1,1
rupay_ru02,rupay,0,1,1,1,1,0,0,6,11,0,8322.46,retail,1,1
visa_12.1,visa,1,0,1,1,1,0,1,17,65,0,434.73,retail,2,1
rupay_ru02,rupay,1,1,0,1,1,0,0,25,57,5,9551.67,fintech,1,0
rupay_1062,rupay,1,1,1,1,1,0,0,21,101,0,179.17,retail,2,1
visa_13.6,visa,0,1,1,1,1,0,0,41,86,1,10587.01,retail,2,1
mc_4834,mc,0,0,1,0,1,1,0,33,119,1,527.59,travel,2,1
amex_P08,amex,0,1,1,0,0,1,0,1,52,2,35659.47,travel,2,0
mc_4834,mc,1,0,1,1,0,1,1,14,16,2,245.8,healthcare,2,0
mc_4808,mc,1,0,1,0,1,1,1,21,11,8,334.08,fintech,2,0
visa_13.6,visa,1,1,0,1,0,0,0,5,52,1,625.15,travel,0,0
mc_4850,mc,0,1,1,1,1,0,0,5,70,0,20413.5,retail,2,1
visa_11.3,visa,1,1,0,1,1,1,0,10,34,0,4217.26,travel,2,0
rupay_ru02,rupay,0,1,1,1,0,0,0,19,62,0,1833.26,travel,1,1
rupay_ru01,rupay,0,1,1,0,0,0,1,21,88,0,154.49,travel,1,0
visa_13.6,visa,1,0,1,1,0,1,0,10,31,3,4120.09,healthcare,0,0
visa_13.3,visa,1,1,1,0,0,0,0,6,35,4,1040.55,retail,0,0
mc_4871,mc,0,1,0,1,1,1,1,16,37,3,10622.34,healthcare,2,1
mc_4853,mc,1,0,0,0,1,1,0,45,35,0,1573.89,retail,1,0
mc_4834,mc,0,0,1,1,0,0,0,32,32,0,19295.62,saas,2,1
visa_10.5,visa,1,1,1,0,1,0,1,3,37,1,431.54,saas,1,1
mc_4837,mc,0,0,0,1,0,1,0,17,40,0,3275.87,ecommerce,1,1
visa_12.1,visa,1,1,0,1,0,0,1,37,48,2,618.2,ecommerce,2,0
rupay_ru02,rupay,1,1,0,0,0,0,0,45,97,0,2147.02,ecommerce,1,0
visa_13.2,visa,0,0,0,1,1,0,1,21,74,0,12379.71,fintech,2,1
visa_12.1,visa,1,0,0,0,1,0,0,42,9,0,2298.26,fintech,2,1
visa_13.7,visa,1,0,0,0,1,0,1,26,13,3,23418.33,travel,2,1
amex_C08,amex,1,1,1,1,0,0,0,9,110,1,1995.17,ecommerce,1,0
rupay_ru02,rupay,0,0,0,1,0,0,0,42,50,0,2779.26,retail,0,0
visa_10.3,visa,1,0,1,1,0,0,0,33,31,0,10610.93,saas,0,1
amex_C05,amex,1,1,0,0,0,1,1,19,107,3,5186.17,ecommerce,1,0
mc_4863,mc,0,0,1,1,1,1,1,41,92,3,4865.72,fintech,2,1
visa_13.7,visa,1,0,1,1,0,0,0,24,99,0,3432.44,ecommerce,2,1
visa_13.8,visa,1,1,0,1,1,1,0,44,51,4,11743.62,retail,2,1
disc_AP,disc,0,1,1,1,0,0,1,5,53,0,15276.3,travel,1,1
rupay_1085,rupay,1,0,0,1,0,0,0,4,115,8,11941.71,retail,0,0
rupay_ru02,rupay,0,0,1,1,1,0,0,32,26,0,1217.23,retail,0,0
visa_13.3,visa,1,0,1,1,0,0,0,40,32,5,2366.84,ecommerce,0,0
mc_4870,mc,1,0,1,1,0,0,0,44,110,0,33675.26,healthcare,2,1
visa_13.2,visa,1,1,0,0,1,1,1,15,57,0,14931.12,ecommerce,2,1
visa_13.7,visa,0,0,0,1,1,1,0,27,47,0,223.06,retail,2,1
visa_13.3,visa,1,1,1,0,1,0,1,39,47,0,5486.82,saas,2,1
visa_11.3,visa,1,1,1,1,1,0,1,36,116,2,18410.76,fintech,2,0
amex_C31,amex,0,1,1,1,0,0,1,15,95,0,28770.31,fintech,2,1
visa_13.2,visa,0,1,1,0,0,0,1,7,42,0,1386.21,saas,1,1
mc_4834,mc,1,1,1,1,0,1,1,7,26,0,9669.26,ecommerce,2,1
mc_4834,mc,1,0,0,1,0,0,0,42,47,0,2787.83,fintech,2,1
disc_AP,disc,0,0,0,1,1,0,0,16,52,2,15051.3,travel,1,0
visa_13.8,visa,0,0,1,1,0,1,0,42,63,0,2476.38,ecommerce,0,1
rupay_1062,rupay,1,0,1,0,0,0,0,5,75,0,24500.18,healthcare,0,0
mc_4850,mc,1,1,1,0,0,0,1,9,84,0,1481.86,ecommerce,2,1
visa_13.2,visa,1,1,0,1,1,1,0,3,83,0,10778.88,fintech,1,0
rupay_1062,rupay,0,1,0,1,0,0,0,31,26,3,1444.37,healthcare,1,1
mc_4841,mc,1,0,1,0,1,0,1,1,2,0,2222.7,travel,2,1
disc_CD,disc,0,1,1,1,1,0,0,18,52,2,12966.02,saas,2,0
visa_11.2,visa,1,1,1,1,1,0,1,35,107,1,23605.79,healthcare,2,0
mc_4808,mc,0,1,1,1,0,0,0,37,48,0,10243.93,fintech,2,1
visa_12.1,visa,1,1,1,1,0,0,0,26,16,4,5410.76,retail,2,0
disc_CD,disc,1,0,0,0,0,0,1,18,46,0,2098.76,saas,2,1
mc_4812,mc,1,1,1,1,1,0,0,23,20,8,34975.52,ecommerce,2,0
amex_C14,amex,1,0,1,0,0,0,0,42,40,2,195.75,healthcare,2,1
visa_13.8,visa,1,1,1,0,0,0,0,22,102,0,2537.36,ecommerce,0,1
mc_4871,mc,0,1,1,0,1,0,1,35,106,2,627.98,retail,2,1
visa_13.4,visa,1,0,0,0,1,1,1,44,12,1,8866.1,saas,2,1
visa_10.5,visa,0,1,1,0,0,1,0,14,28,0,1129.76,fintech,1,1
mc_4834,mc,1,1,1,1,1,0,1,36,67,0,21554.96,healthcare,2,1
rupay_ru01,rupay,0,1,0,0,0,0,0,25,86,0,258.44,retail,1,1
rupay_ru01,rupay,1,0,1,0,1,0,0,17,47,0,2544.01,fintech,1,1
mc_4863,mc,1,0,1,0,0,1,0,42,94,3,3055.31,fintech,2,1
rupay_1085,rupay,1,1,1,0,0,0,1,17,32,0,10188.07,fintech,0,0
mc_4841,mc,1,1,1,1,0,1,0,44,103,8,9383.49,healthcare,0,0
rupay_1062,rupay,1,0,1,1,0,0,1,14,44,1,9984.1,ecommerce,0,0
mc_4812,mc,1,0,1,1,1,0,0,38,74,0,3994.54,ecommerce,2,1
mc_4808,mc,0,0,1,0,0,1,1,13,117,2,12335.29,healthcare,2,1
mc_4837,mc,1,0,1,1,0,0,0,32,21,0,6065.29,ecommerce,1,0
mc_4870,mc,1,0,1,0,0,0,0,30,71,0,14541.91,ecommerce,2,1
rupay_ru02,rupay,0,0,0,1,0,0,1,13,76,1,134.95,saas,0,0
amex_M49,amex,1,1,1,1,0,0,0,33,97,0,13404.1,fintech,2,1
rupay_1065,rupay,0,0,1,1,0,1,1,32,108,0,1307.0,fintech,2,0
visa_11.3,visa,1,1,0,1,1,1,1,14,30,1,1046.51,fintech,2,1
visa_13.4,visa,1,1,1,0,0,1,0,32,12,0,6867.65,saas,2,1
mc_4808,mc,1,0,0,1,1,0,0,23,60,0,4469.93,ecommerce,2,1
rupay_1085,rupay,1,1,1,0,0,0,0,44,79,5,1073.23,fintech,0,0
visa_13.5,visa,0,1,1,0,1,0,0,29,87,0,6755.95,ecommerce,2,1
visa_13.7,visa,1,0,0,0,1,0,0,9,107,0,6610.09,fintech,2,1
rupay_1085,rupay,1,0,1,1,0,0,0,30,93,0,6565.28,fintech,0,0
visa_13.5,visa,0,0,1,0,1,0,0,12,95,0,22963.04,saas,2,1
rupay_ru02,rupay,1,1,1,1,0,0,0,21,109,5,1013.64,travel,1,0
amex_C02,amex,0,1,0,1,1,0,0,20,73,0,7031.18,ecommerce,2,1
visa_11.1,visa,1,1,1,1,0,0,1,35,23,1,12770.07,retail,2,1
visa_10.4,visa,1,1,0,1,1,0,0,7,50,0,2340.18,saas,1,1
mc_4853,mc,1,1,1,1,1,0,1,30,8,0,4524.73,retail,2,1
mc_4812,mc,0,1,1,1,1,1,0,43,114,2,47040.54,healthcare,2,0
visa_10.3,visa,1,0,0,1,1,1,1,28,80,0,5093.92,saas,2,1
visa_11.3,visa,1,1,1,0,1,0,0,24,71,1,6026.25,fintech,2,1
visa_13.3,visa,0,0,0,0,1,0,1,13,118,5,2148.24,ecommerce,2,1
rupay_1062,rupay,1,1,1,0,0,1,0,23,22,0,6971.83,saas,1,0
rupay_1085,rupay,1,0,1,1,0,1,0,45,60,4,6102.35,travel,0,0
mc_4850,mc,1,1,1,0,1,1,1,2,94,0,17078.66,travel,2,1
disc_RM,disc,0,0,1,0,1,0,0,23,46,0,12090.58,healthcare,2,1
mc_4863,mc,0,1,1,0,0,0,1,21,24,1,4456.03,travel,0,1
mc_4871,mc,1,0,0,1,1,1,1,44,75,1,1990.46,retail,2,1
visa_13.2,visa,1,0,1,0,0,0,0,42,81,0,3527.94,healthcare,0,0
visa_13.4,visa,1,1,1,0,1,0,0,15,51,4,168.85,fintech,2,1
visa_12.6.1,visa,1,1,1,0,0,1,0,41,77,8,14358.82,healthcare,2,0
mc_4871,mc,1,0,1,1,1,0,0,33,74,4,4780.62,travel,2,1
mc_4863,mc,1,0,1,1,1,1,0,5,10,4,631.85,saas,2,1
mc_4855,mc,1,1,1,0,1,0,0,35,68,0,2578.09,retail,1,1
amex_P08,amex,0,1,0,1,1,0,0,28,23,0,10708.73,travel,2,0
mc_4855,mc,1,1,1,0,0,0,1,22,28,0,19810.12,fintech,1,0
mc_4871,mc,1,1,1,1,1,0,0,30,115,2,3632.1,fintech,2,0
disc_IC,disc,1,1,0,1,0,0,1,19,11,1,25331.0,retail,0,1
visa_13.5,visa,1,0,0,1,0,1,1,17,111,8,17999.37,travel,2,0
mc_4850,mc,0,0,0,0,1,0,0,36,114,0,6467.5,ecommerce,2,0
mc_4808,mc,1,0,0,0,1,1,0,36,33,0,15094.24,ecommerce,2,1
mc_4834,mc,0,1,1,0,0,0,0,38,96,1,3768.99,ecommerce,2,1
mc_4850,mc,1,0,1,0,1,0,1,2,5,0,1710.42,retail,2,1
amex_C31,amex,0,1,1,0,1,1,0,29,57,0,10343.88,saas,2,1
visa_13.8,visa,1,0,1,0,1,0,0,43,91,2,16055.12,healthcare,2,0
rupay_ru02,rupay,0,1,1,0,0,0,1,44,22,3,9386.48,fintech,1,0
mc_4808,mc,0,1,1,1,0,0,1,32,106,1,12241.64,travel,2,0
visa_10.4,visa,1,0,1,1,1,0,1,36,63,0,2960.9,saas,1,1
mc_4853,mc,1,1,0,0,0,0,0,37,95,0,10485.68,healthcare,1,0
mc_4870,mc,1,1,1,1,0,0,0,28,63,0,1563.06,saas,2,1
mc_4834,mc,1,1,1,1,0,0,1,42,7,0,688.07,fintech,2,0
mc_4871,mc,1,1,1,0,0,0,0,30,25,2,2788.32,travel,2,1
rupay_1065,rupay,1,0,0,1,1,0,0,45,86,1,2189.11,fintech,2,1
visa_12.6.1,visa,0,1,1,1,0,0,0,41,32,1,3222.97,travel,2,1
visa_10.5,visa,1,0,1,1,1,0,0,21,91,1,3444.9,fintech,1,1
rupay_1065,rupay,1,0,1,0,1,1,1,45,23,0,10430.58,travel,2,0
visa_12.6.1,visa,1,1,1,0,0,0,0,3,24,0,162.52,travel,2,1
rupay_1085,rupay,1,1,1,1,0,0,0,5,45,0,8431.89,saas,0,0
mc_4837,mc,1,1,0,1,0,1,0,12,81,0,5084.13,travel,1,1
visa_13.8,visa,1,1,1,1,0,0,1,17,61,0,5170.5,retail,0,0
rupay_1062,rupay,1,1,1,0,1,0,0,28,77,3,893.81,saas,2,1
disc_CD,disc,0,1,0,1,1,0,0,9,78,2,374.99,fintech,2,0
mc_4834,mc,1,1,1,1,0,0,0,22,90,0,24811.15,fintech,2,1
visa_12.5,visa,0,0,1,0,1,0,0,5,50,1,14407.52,travel,0,0
visa_12.1,visa,0,1,1,1,1,1,0,15,114,3,1455.69,healthcare,2,0
visa_12.1,visa,0,1,0,1,0,0,1,16,6,0,214.43,fintech,2,1
visa_12.6.1,visa,1,1,1,1,1,0,0,6,112,1,9944.23,saas,2,1
visa_13.4,visa,0,1,1,1,1,0,1,34,103,1,11995.5,fintech,2,1
rupay_1085,rupay,1,1,0,0,0,1,0,1,34,3,9415.42,healthcare,0,0
amex_C14,amex,0,1,1,1,0,1,0,35,19,1,16558.59,ecommerce,2,0
visa_10.1,visa,1,1,1,1,1,0,0,3,38,0,4706.86,healthcare,2,1
visa_10.4,visa,1,1,1,1,0,0,1,29,7,0,6173.54,fintech,1,1
mc_4850,mc,0,1,1,0,0,1,1,3,66,0,4191.35,saas,2,1
amex_C04,amex,1,0,1,1,0,0,0,19,83,0,9359.44,ecommerce,0,1
rupay_1065,rupay,1,1,1,1,1,0,0,13,81,0,19768.33,travel,2,1
visa_13.9,visa,0,1,1,1,0,0,0,3,13,0,11759.89,fintech,2,1
visa_10.4,visa,0,1,1,1,0,0,0,11,27,0,1615.82,ecommerce,1,1
visa_11.1,visa,1,1,1,1,1,0,0,13,50,0,2037.44,ecommerce,2,1
visa_13.6,visa,1,0,0,1,1,1,0,24,104,0,1747.98,retail,2,0
visa_10.4,visa,1,0,1,0,1,0,1,37,73,0,8224.96,retail,1,1
visa_11.1,visa,1,0,1,1,1,1,0,13,105,4,3487.16,saas,2,1
visa_10.2,visa,1,0,1,1,0,1,0,9,59,0,28383.56,retail,2,1
amex_P05,amex,0,1,1,0,1,0,1,43,34,0,4476.83,retail,0,0
rupay_1062,rupay,1,1,0,1,1,0,0,20,109,0,903.37,travel,2,0
rupay_ru01,rupay,1,1,1,1,1,0,0,9,30,1,16357.5,travel,2,1
amex_A02,amex,1,1,1,0,1,0,0,25,74,0,2470.96,retail,2,1
mc_4834,mc,1,1,1,1,0,0,1,7,76,0,5672.63,travel,2,1
visa_10.1,visa,1,0,0,1,1,1,1,44,16,0,197.59,healthcare,2,0
visa_10.3,visa,0,0,0,1,0,1,0,32,80,3,38330.7,ecommerce,2,0
visa_11.3,visa,0,1,1,0,0,0,0,7,73,5,558.79,retail,2,0
mc_4850,mc,0,1,1,1,0,0,1,33,105,1,30752.94,ecommerce,2,1
rupay_ru01,rupay,1,1,1,1,1,0,1,38,32,0,2526.43,fintech,2,1
mc_4850,mc,1,0,0,1,1,0,1,40,51,1,17852.03,travel,2,1
rupay_ru01,rupay,1,1,0,1,1,1,1,16,77,1,9210.93,retail,1,1
rupay_ru02,rupay,1,1,1,1,1,1,0,16,62,0,3281.73,saas,2,0
amex_R13,amex,1,0,1,0,0,0,0,32,77,3,7529.76,retail,2,1
rupay_ru01,rupay,1,1,1,0,1,1,1,33,103,0,125.01,ecommerce,1,1
visa_13.6,visa,1,1,1,0,1,1,0,24,116,0,866.4,retail,2,1
mc_4837,mc,1,0,1,1,1,0,0,42,92,0,3167.31,saas,1,0
rupay_1062,rupay,0,0,0,0,1,1,0,28,28,1,7424.71,ecommerce,1,0
visa_13.8,visa,1,1,1,0,1,1,1,34,35,0,4089.97,saas,2,1
rupay_1065,rupay,1,0,1,1,1,0,0,39,35,0,5195.8,ecommerce,2,1
rupay_1085,rupay,1,0,0,0,0,0,0,36,114,0,7577.0,saas,0,0
mc_4863,mc,0,1,1,0,1,1,1,8,46,0,5696.69,healthcare,2,1
visa_12.5,visa,1,1,1,1,0,0,1,8,119,1,1420.39,fintech,0,0
amex_C04,amex,0,0,1,1,1,1,1,33,26,0,18028.06,healthcare,2,1
visa_10.5,visa,1,1,0,1,0,0,1,8,35,0,8334.47,healthcare,1,0
amex_C08,amex,0,0,1,1,0,0,0,34,83,0,2488.95,ecommerce,0,0
visa_10.1,visa,1,1,1,0,1,1,0,19,45,2,8175.88,travel,2,1
visa_13.9,visa,0,1,1,1,0,1,0,25,60,1,5597.7,retail,2,1
visa_12.5,visa,1,0,1,0,0,0,0,44,73,5,27020.98,ecommerce,0,0
mc_4870,mc,1,1,1,1,1,0,0,20,86,0,6340.03,fintech,2,1
rupay_1085,rupay,1,1,1,1,0,0,0,18,70,3,25484.11,fintech,0,0
visa_13.8,visa,0,0,1,1,1,0,1,38,105,1,40389.55,healthcare,2,1
visa_13.9,visa,1,1,1,1,0,0,0,24,7,0,5168.51,travel,2,1
amex_R13,amex,1,0,0,0,0,1,0,18,39,0,2730.44,ecommerce,2,1
visa_13.1,visa,0,1,1,1,1,1,0,39,82,0,4076.26,fintech,1,0
amex_M49,amex,1,1,1,1,0,0,0,9,77,0,1729.98,saas,2,1
visa_12.5,visa,0,1,1,0,1,0,0,7,118,1,5562.32,travel,0,1
rupay_ru01,rupay,0,1,1,0,0,0,1,21,43,1,34139.95,travel,1,1
rupay_1062,rupay,1,0,1,1,1,0,1,8,11,1,10526.01,ecommerce,1,1
mc_4855,mc,1,0,1,0,1,1,1,37,84,0,865.44,fintech,1,1
rupay_1085,rupay,0,0,1,1,0,1,1,45,65,0,5849.21,retail,0,0
visa_10.4,visa,0,1,0,1,1,0,1,27,7,0,2026.46,ecommerce,1,1
mc_4853,mc,1,1,0,1,1,1,0,21,97,4,12700.61,retail,2,0
amex_F24,amex,0,1,0,1,0,0,0,16,97,1,20952.06,fintech,1,1
visa_11.1,visa,0,0,1,1,1,0,1,5,105,4,5335.05,fintech,2,0
rupay_1085,rupay,0,1,1,1,0,1,1,13,33,0,4567.11,saas,0,0
visa_13.2,visa,1,1,1,1,0,0,0,35,119,3,3658.69,healthcare,0,0
visa_13.1,visa,0,0,0,1,1,0,1,18,51,0,19210.25,travel,1,1
visa_12.1,visa,0,1,0,1,1,0,0,44,117,1,1793.77,saas,2,1
mc_4863,mc,1,0,1,1,0,0,0,15,116,3,10060.12,travel,0,0
mc_4870,mc,1,0,1,0,0,0,0,30,30,0,6771.14,ecommerce,2,1
visa_13.5,visa,0,0,1,1,1,0,0,4,65,1,1004.3,healthcare,2,1
rupay_1085,rupay,1,1,0,1,0,0,1,19,103,2,3964.13,retail,0,0
visa_10.2,visa,1,1,1,0,0,1,0,15,108,8,5541.85,saas,2,1
visa_11.3,visa,1,0,0,0,1,0,1,21,15,0,1218.29,travel,2,1
disc_AA,disc,0,0,0,1,1,0,0,10,51,0,8446.38,travel,0,1
mc_4863,mc,1,1,1,1,0,1,0,23,86,0,1656.03,healthcare,2,1
amex_C04,amex,1,0,1,1,0,0,0,23,79,1,6248.11,travel,0,0
visa_13.3,visa,1,0,1,1,0,1,1,4,5,0,17718.06,fintech,0,0
disc_AA,disc,0,0,1,0,0,0,0,16,102,1,3468.46,travel,1,1
visa_12.1,visa,1,1,1,0,0,0,1,45,39,3,13574.12,retail,2,0
mc_4808,mc,1,1,1,1,0,0,1,39,40,0,3782.11,fintech,2,1
mc_4863,mc,1,0,1,1,1,1,0,26,81,0,5624.89,travel,2,1
disc_UA,disc,0,0,1,1,0,0,0,8,42,2,6201.78,saas,1,0
visa_13.4,visa,1,0,1,0,0,0,1,22,104,1,12574.84,saas,2,1
visa_13.4,visa,1,1,1,0,1,1,1,25,26,0,9691.36,ecommerce,2,1
rupay_1065,rupay,1,1,1,0,0,1,0,27,38,0,1182.55,healthcare,2,1
rupay_1062,rupay,0,1,0,0,0,0,1,18,52,0,12805.59,healthcare,1,1
visa_11.1,visa,1,0,1,0,1,0,0,9,1,0,8701.97,healthcare,2,1
rupay_1062,rupay,1,1,1,1,0,0,1,36,76,0,10003.8,saas,1,1
visa_13.1,visa,1,1,1,1,1,0,1,9,63,0,21206.93,healthcare,1,1
mc_4863,mc,1,0,1,1,1,1,1,44,48,0,1724.06,ecommerce,2,1
mc_4812,mc,0,1,1,1,0,0,0,39,94,2,7964.72,fintech,2,0
mc_4871,mc,1,0,0,1,1,0,0,45,106,0,8761.22,retail,2,1
amex_R13,amex,1,1,1,0,1,1,0,19,91,4,7313.61,fintech,2,0
rupay_1062,rupay,1,1,0,0,0,0,0,24,80,0,4145.54,healthcare,1,0
visa_13.4,visa,0,1,1,1,1,0,0,2,116,4,4795.1,retail,2,0
rupay_ru01,rupay,0,1,1,0,0,1,0,18,22,3,15154.24,ecommerce,1,0
disc_AP,disc,0,0,0,0,1,0,1,15,106,0,10593.56,saas,2,1
rupay_ru01,rupay,0,0,1,0,0,0,0,9,86,0,19265.28,retail,1,0
visa_11.3,visa,1,1,1,0,1,0,0,7,70,0,24793.3,travel,2,0
visa_11.1,visa,0,1,1,1,0,1,0,42,2,4,1815.6,ecommerce,2,1
amex_F10,amex,0,0,1,0,0,0,0,1,17,8,909.59,saas,0,0
mc_4871,mc,1,1,1,1,1,0,1,25,26,0,3584.98,retail,2,1
disc_UA,disc,1,1,0,1,0,1,0,24,34,0,10614.89,saas,1,1
mc_4863,mc,0,0,1,0,0,1,1,13,24,0,2136.56,fintech,2,1
visa_13.8,visa,1,0,1,1,0,0,1,39,112,0,223.88,healthcare,0,0
mc_4808,mc,1,0,1,1,1,0,1,21,17,0,21910.16,ecommerce,2,1
disc_DP,disc,0,1,1,0,0,1,0,32,112,1,4649.01,fintech,2,0
visa_10.1,visa,1,1,1,0,1,0,1,29,3,0,3679.65,ecommerce,2,1
rupay_ru02,rupay,1,1,0,0,0,0,0,40,75,1,1847.05,travel,1,1
rupay_1065,rupay,1,1,1,0,0,0,1,39,119,0,2854.27,saas,2,1
mc_4808,mc,0,0,1,0,0,1,1,11,96,3,9739.96,fintech,2,1
visa_11.2,visa,1,1,1,0,0,0,0,4,41,4,15375.53,travel,2,1
mc_4837,mc,1,1,1,1,0,1,0,14,6,1,5258.61,healthcare,2,1
amex_F24,amex,1,0,1,1,1,0,1,2,47,0,5660.7,healthcare,1,1
mc_4855,mc,1,0,1,1,1,0,1,22,34,0,1086.54,healthcare,1,1
rupay_ru02,rupay,1,0,1,1,1,1,0,18,80,8,37156.75,retail,1,0
rupay_1085,rupay,0,1,0,1,1,0,0,35,52,0,1991.65,fintech,2,0
mc_4834,mc,0,0,1,0,0,0,1,24,48,0,2984.86,fintech,2,1
mc_4855,mc,1,0,0,0,0,1,0,4,5,0,8443.58,healthcare,1,0
amex_F31,amex,1,1,1,0,0,0,1,44,82,0,780.02,ecommerce,2,1
rupay_ru02,rupay,1,0,1,1,0,0,0,23,106,2,2191.81,fintech,0,0
visa_11.3,visa,1,1,1,1,1,0,0,42,36,0,7889.57,ecommerce,2,1
rupay_ru02,rupay,1,1,1,0,0,1,0,11,31,0,11911.38,travel,2,1
visa_10.1,visa,1,0,0,1,1,0,1,18,77,0,5414.49,retail,2,1
mc_4871,mc,0,1,1,1,1,0,0,22,43,0,8929.66,saas,2,1
rupay_ru02,rupay,1,0,0,1,1,0,0,12,61,0,9466.59,fintech,0,1
amex_R03,amex,1,0,1,0,0,0,0,41,7,0,21006.38,fintech,0,0
rupay_1062,rupay,1,0,1,1,1,0,0,15,10,1,16859.3,retail,1,1
rupay_1065,rupay,1,1,1,0,0,1,1,29,96,3,352.43,retail,2,1
amex_F30,amex,1,0,1,0,0,1,0,33,70,1,5475.63,fintech,2,1
visa_13.7,visa,1,1,1,1,0,0,0,44,91,5,17554.89,retail,2,0
visa_13.1,visa,1,0,1,1,0,1,0,33,18,1,6300.9,travel,1,1
amex_F14,amex,1,0,1,1,0,0,0,7,81,0,10302.83,ecommerce,0,1
visa_13.1,visa,0,1,1,1,0,0,0,44,83,5,4791.8,retail,1,0
rupay_1085,rupay,1,1,0,1,0,0,0,9,109,1,4081.03,saas,0,0
amex_A01,amex,1,1,1,0,1,0,0,3,15,0,9736.79,saas,2,1
rupay_1085,rupay,0,0,1,0,1,0,1,15,29,2,6179.95,healthcare,2,0
visa_13.2,visa,0,0,1,1,0,0,1,44,57,0,11313.0,retail,1,1
mc_4841,mc,0,1,1,0,0,1,1,1,76,0,15345.64,saas,1,1
rupay_1065,rupay,1,1,1,1,0,0,1,32,10,2,1136.78,retail,2,1
visa_12.6.1,visa,1,1,1,1,0,0,1,41,21,0,10861.97,ecommerce,2,1
mc_4834,mc,1,0,1,0,0,1,0,23,15,3,195.81,fintech,2,0
mc_4871,mc,1,0,1,1,1,0,1,12,10,1,7293.75,healthcare,2,1
mc_4850,mc,1,1,1,1,0,0,0,26,8,0,2270.42,fintech,2,1
mc_4870,mc,0,0,0,0,0,0,1,28,70,1,10861.53,fintech,2,1
rupay_1085,rupay,1,1,1,0,1,1,0,6,91,0,1121.7,ecommerce,2,0
amex_P08,amex,0,1,1,1,1,0,0,21,50,0,4756.97,travel,2,1
visa_13.5,visa,1,0,0,1,0,1,1,29,23,0,12816.03,retail,2,1
rupay_1065,rupay,1,0,1,1,0,1,0,35,6,0,16687.8,retail,2,1
visa_12.1,visa,1,1,0,1,0,0,1,11,111,8,7033.49,retail,2,0
visa_13.8,visa,0,0,1,0,0,0,1,19,108,0,2410.98,ecommerce,0,0
mc_4871,mc,1,1,1,0,0,1,1,7,112,0,16226.54,travel,2,1
mc_4837,mc,1,1,0,1,0,0,1,40,32,0,23642.74,healthcare,1,1
visa_13.3,visa,1,0,1,1,1,1,0,41,9,0,8833.35,fintech,2,1
visa_13.5,visa,1,1,1,1,0,0,1,8,92,1,662.75,travel,2,0
visa_10.3,visa,1,1,0,0,1,0,0,27,81,2,15863.36,fintech,0,0
visa_10.1,visa,0,1,0,0,0,1,0,38,35,0,9439.89,fintech,2,1
amex_C02,amex,1,1,1,1,1,1,1,10,104,0,10255.69,saas,2,1
rupay_1085,rupay,1,1,1,0,1,1,0,4,64,0,8582.11,healthcare,2,1
visa_13.9,visa,1,0,0,1,0,0,0,43,22,2,22228.2,healthcare,2,1
visa_13.9,visa,1,1,1,1,1,0,0,28,12,0,1793.22,saas,2,1
amex_P05,amex,0,0,1,1,0,0,1,1,88,0,7393.23,ecommerce,0,0
mc_4871,mc,0,1,1,1,1,0,1,23,15,1,2609.03,travel,2,1
mc_4855,mc,0,0,1,0,0,1,1,39,73,0,4168.51,travel,1,0
visa_13.7,visa,1,1,1,1,0,1,0,12,85,0,11601.88,travel,2,1
visa_10.5,visa,1,0,1,1,1,0,0,20,41,5,5094.98,healthcare,1,0
rupay_ru02,rupay,1,1,0,0,1,0,0,34,39,0,5396.49,fintech,1,0
rupay_1062,rupay,0,1,1,0,0,0,0,37,116,8,949.05,healthcare,1,0
mc_4855,mc,1,0,0,1,0,0,0,31,17,1,2535.48,saas,0,1
rupay_1062,rupay,0,1,0,1,1,0,0,45,81,1,3120.58,saas,2,1
rupay_1065,rupay,1,1,1,1,0,0,0,10,94,2,5370.56,fintech,2,1
amex_M49,amex,1,1,0,1,0,0,0,14,22,8,3049.46,travel,0,0
amex_F31,amex,0,1,1,0,1,0,0,39,23,0,7395.16,fintech,2,1
amex_C31,amex,1,0,1,1,0,1,1,36,87,0,2049.15,fintech,2,1
visa_13.6,visa,1,0,1,0,1,0,1,20,70,3,1178.34,healthcare,2,0
mc_4808,mc,0,0,1,1,1,1,0,10,58,0,4891.77,fintech,2,0
mc_4808,mc,1,0,1,0,0,1,1,14,112,1,6755.83,retail,2,1
amex_C31,amex,0,1,0,1,0,1,0,4,43,0,131.5,healthcare,2,0
mc_4850,mc,1,0,1,1,0,0,1,35,57,4,6886.86,healthcare,2,0
visa_10.1,visa,1,1,1,1,1,0,0,14,63,3,6064.79,retail,2,1
mc_4863,mc,0,1,1,0,1,0,0,30,15,0,20577.99,saas,0,1
visa_12.5,visa,1,1,0,0,1,1,0,30,21,2,15576.42,travel,2,1
rupay_1085,rupay,0,1,1,0,0,0,1,23,40,2,680.86,saas,0,0
rupay_1065,rupay,1,0,1,1,0,0,0,8,106,0,1354.07,travel,2,0
rupay_ru01,rupay,1,0,1,0,1,0,1,40,56,3,17513.73,ecommerce,1,1
visa_11.2,visa,1,1,1,1,0,0,0,16,2,2,4587.43,ecommerce,2,1
visa_13.2,visa,1,1,0,1,0,1,1,45,26,0,9620.62,fintech,1,1
disc_AA,disc,1,1,0,0,1,0,0,17,3,0,2069.96,saas,1,0
visa_13.1,visa,1,1,1,0,0,0,1,39,62,1,2723.53,healthcare,1,1
mc_4841,mc,0,0,1,1,0,1,1,30,85,0,5573.65,ecommerce,1,0
visa_13.6,visa,1,1,1,0,1,0,0,36,99,0,9458.23,ecommerce,2,1
mc_4850,mc,1,1,1,0,0,0,0,28,67,0,251.7,saas,2,1
disc_DP,disc,1,0,1,1,0,0,0,21,85,3,13188.23,healthcare,2,0
visa_13.5,visa,0,0,0,1,1,0,0,1,40,0,144.88,fintech,2,0
visa_10.2,visa,1,1,1,0,1,0,0,1,80,2,14716.85,ecommerce,2,1
amex_C31,amex,1,0,1,1,0,0,1,17,18,0,182.29,saas,2,1
visa_10.5,visa,1,1,1,1,1,0,0,26,86,1,2908.75,healthcare,2,1
mc_4837,mc,0,0,1,0,1,0,0,44,73,2,145.35,healthcare,1,1
disc_RG,disc,1,1,0,1,0,0,0,17,92,0,3840.4,fintech,1,0
disc_nan,disc,0,1,0,1,0,0,1,39,46,0,1510.77,ecommerce,2,1
visa_10.1,visa,1,0,1,0,0,1,1,36,112,2,13726.24,healthcare,2,0
visa_10.2,visa,1,0,1,1,0,1,1,10,39,1,16466.59,travel,2,1
rupay_1062,rupay,0,1,1,0,0,0,0,40,115,3,13559.01,saas,1,0
visa_13.1,visa,0,1,0,0,1,0,0,40,14,0,12670.09,healthcare,1,0
rupay_ru02,rupay,0,1,0,0,1,0,0,23,29,1,8046.94,ecommerce,1,1
disc_UD,disc,1,1,1,0,1,1,0,17,98,3,5496.33,retail,2,1
visa_11.2,visa,1,1,0,1,0,0,0,34,91,1,557.97,travel,2,1
visa_13.1,visa,1,1,1,1,1,0,0,24,107,5,9244.84,fintech,1,0
mc_4870,mc,0,0,0,1,0,0,1,21,75,0,20266.27,saas,2,1
amex_C02,amex,0,0,0,1,1,1,0,25,62,5,2908.09,saas,2,0
amex_C28,amex,1,1,1,1,1,0,0,7,13,0,1742.47,healthcare,0,0
rupay_1065,rupay,1,1,1,1,0,0,1,20,103,0,928.55,travel,2,0
visa_13.5,visa,1,1,1,1,0,1,1,5,10,4,5823.22,travel,2,0
amex_P08,amex,0,0,1,1,0,0,1,24,49,0,2359.96,retail,2,1
rupay_1085,rupay,0,1,0,1,0,0,1,21,73,1,1412.97,travel,0,0
visa_10.4,visa,1,1,1,0,1,0,0,39,5,1,14648.38,healthcare,1,1
rupay_ru02,rupay,1,1,0,0,0,0,0,20,39,1,10283.42,retail,1,1
visa_13.3,visa,1,1,0,1,1,0,1,15,26,2,1992.67,healthcare,2,1
rupay_ru01,rupay,1,0,1,1,0,0,1,29,108,0,598.81,saas,1,1
rupay_ru01,rupay,1,1,1,1,0,1,0,27,102,0,2277.23,saas,2,1
amex_M10,amex,1,1,1,1,1,0,1,32,43,0,32810.77,ecommerce,2,1
rupay_ru01,rupay,1,1,1,0,1,1,0,11,60,0,1158.02,travel,1,1
mc_4855,mc,0,0,1,0,1,0,0,18,120,3,3221.19,fintech,0,0
mc_4812,mc,1,1,0,1,1,0,0,9,77,2,7057.43,fintech,2,1
rupay_ru02,rupay,1,1,1,1,1,0,1,45,9,1,11946.06,fintech,1,0
visa_10.1,visa,0,0,1,1,1,0,0,18,60,0,1058.1,ecommerce,2,1
mc_4837,mc,0,1,0,1,1,1,1,36,39,1,18174.92,travel,1,1
visa_10.3,visa,1,0,1,0,1,0,1,33,19,0,5937.91,fintech,0,1
visa_10.5,visa,1,0,1,0,1,0,0,33,38,0,11612.68,fintech,1,1
rupay_1065,rupay,1,0,1,0,1,0,0,5,89,0,220.18,ecommerce,2,1
visa_13.4,visa,1,1,1,1,1,0,0,15,66,0,4076.63,retail,2,1
visa_10.1,visa,1,0,1,1,0,0,1,5,116,1,3699.01,travel,2,1
mc_4834,mc,0,1,0,0,1,0,1,1,8,1,15100.52,saas,2,0
mc_4863,mc,1,1,0,0,1,1,0,5,71,0,2471.31,retail,2,1
visa_10.1,visa,0,0,0,0,0,1,1,40,97,0,8698.13,travel,2,1
disc_CD,disc,0,0,0,0,1,1,0,3,51,8,8163.4,ecommerce,2,0
mc_4863,mc,1,0,1,1,0,0,0,3,17,0,3369.48,ecommerce,0,1
visa_13.9,visa,1,1,1,0,0,0,0,4,78,1,6133.17,ecommerce,2,1
rupay_ru02,rupay,1,0,1,0,0,1,0,1,39,0,28172.92,ecommerce,1,1
rupay_ru02,rupay,0,0,1,0,1,0,0,23,55,2,32118.74,healthcare,0,1
mc_4870,mc,0,1,0,1,0,0,1,8,22,4,746.84,travel,2,1
amex_F10,amex,0,1,1,0,1,0,0,2,15,1,8401.12,saas,0,0
disc_DP,disc,1,0,0,1,0,1,0,32,106,0,32184.72,healthcare,2,0
rupay_ru01,rupay,1,1,0,1,0,0,0,38,44,0,5727.47,travel,1,1
disc_DP,disc,1,0,1,0,0,0,1,15,5,0,1767.76,retail,2,1
visa_13.8,visa,0,1,0,1,1,0,1,30,19,0,19549.21,healthcare,2,1
visa_11.2,visa,1,0,0,0,0,0,0,39,98,2,1401.6,retail,2,0
rupay_1065,rupay,1,1,1,1,1,0,1,41,12,0,8640.39,retail,2,1
amex_C05,amex,1,1,1,1,1,1,0,8,90,2,3391.82,travel,1,0
rupay_1085,rupay,1,0,1,0,0,0,1,21,5,0,3796.33,healthcare,0,0
visa_13.5,visa,0,0,1,0,0,1,0,42,15,0,4972.0,healthcare,2,1
visa_10.3,visa,0,1,0,1,1,1,1,12,41,2,3671.77,ecommerce,2,1
rupay_1065,rupay,1,1,1,0,0,0,0,36,79,0,456.3,travel,2,1
visa_13.1,visa,0,0,1,0,0,1,0,43,34,1,12248.53,saas,1,0
mc_4837,mc,0,1,1,1,1,1,0,33,87,0,8405.78,retail,2,1
disc_AA,disc,1,0,1,1,1,0,0,6,101,2,7723.85,saas,1,0
amex_A01,amex,1,1,1,1,1,0,0,2,36,2,224.28,healthcare,2,0
rupay_ru01,rupay,1,1,1,1,0,0,0,5,56,1,12266.3,retail,2,1
mc_4871,mc,1,1,1,0,0,0,0,31,18,1,6418.08,healthcare,2,1
mc_4855,mc,1,1,1,0,0,0,0,20,16,0,6858.26,saas,1,0
mc_4837,mc,0,0,1,1,1,0,1,20,50,0,7981.38,fintech,1,1
rupay_1065,rupay,1,0,1,1,1,1,1,30,111,0,2406.94,travel,2,0
visa_13.7,visa,1,1,1,1,0,1,1,16,50,3,8125.76,travel,2,1
amex_A02,amex,1,1,0,1,1,1,1,21,47,0,3314.18,ecommerce,2,1
disc_DP,disc,1,0,1,1,0,0,1,20,84,3,8860.3,retail,2,0
rupay_1085,rupay,1,1,1,0,0,0,0,8,60,0,2833.22,saas,0,0
rupay_1085,rupay,1,1,1,0,1,0,1,23,53,1,12370.41,fintech,2,0
rupay_ru02,rupay,0,1,0,1,1,0,0,8,19,0,1511.73,healthcare,1,0
mc_4834,mc,1,0,1,1,0,0,1,3,115,0,1970.88,saas,2,1
rupay_1065,rupay,0,0,0,0,0,0,0,7,112,0,12043.84,ecommerce,2,1
rupay_1062,rupay,1,1,1,1,0,0,0,17,97,4,12116.64,healthcare,1,0
visa_10.4,visa,1,1,0,0,1,0,1,21,103,3,10312.95,travel,1,1
rupay_1065,rupay,1,0,1,1,0,0,0,37,102,0,3209.24,healthcare,2,0
mc_4853,mc,1,1,1,1,1,0,1,9,42,5,2648.68,saas,2,1
visa_13.5,visa,1,1,1,1,0,1,0,44,57,0,604.57,fintech,2,1
amex_C08,amex,0,0,0,1,0,0,1,39,8,0,6232.3,saas,1,0
amex_C31,amex,1,0,1,1,0,0,0,37,4,0,11293.41,ecommerce,2,0
visa_10.5,visa,0,0,1,0,1,0,0,17,68,2,7794.81,fintech,1,0
rupay_1062,rupay,1,0,1,0,1,0,0,15,62,0,4056.61,fintech,1,0
visa_10.1,visa,0,1,0,1,0,1,1,3,104,0,7630.69,retail,2,1
mc_4855,mc,1,0,1,1,1,1,0,44,15,0,14626.28,healthcare,1,0
rupay_ru01,rupay,1,1,1,1,1,0,0,10,66,0,4071.92,retail,2,1
mc_4863,mc,0,0,0,1,1,1,0,27,88,0,6728.97,healthcare,2,0
rupay_ru02,rupay,1,1,1,1,0,0,0,25,111,2,13053.74,travel,1,0
rupay_1062,rupay,0,0,1,0,0,0,1,37,93,0,4644.19,fintech,0,0
visa_12.5,visa,0,1,1,1,1,0,1,22,38,0,1821.73,travel,0,0
visa_13.5,visa,0,0,1,1,0,0,0,21,21,0,9504.38,ecommerce,2,0
rupay_ru02,rupay,1,0,1,0,0,0,0,13,51,1,2678.28,retail,0,1
mc_4853,mc,1,1,1,1,1,1,0,24,29,0,5351.6,saas,2,1
mc_4808,mc,1,0,1,1,0,0,1,15,52,0,5850.74,fintech,2,1
visa_12.6.1,visa,1,1,1,0,0,1,0,6,68,0,3576.79,saas,2,1
visa_11.2,visa,1,1,1,0,1,0,0,10,49,1,4955.92,travel,2,1
visa_10.1,visa,1,1,0,0,0,0,0,7,92,0,3502.71,saas,2,1
visa_13.7,visa,1,1,1,0,1,1,1,26,115,0,15444.67,healthcare,2,1
mc_4837,mc,0,1,0,1,0,0,0,28,44,0,6551.58,saas,1,0
amex_F24,amex,1,1,1,1,1,1,1,17,58,0,768.86,saas,2,1
rupay_ru02,rupay,1,1,1,1,1,0,0,1,3,3,188.21,travel,1,0
amex_C08,amex,1,1,0,0,1,0,1,8,86,0,6930.82,healthcare,2,1
visa_13.2,visa,1,0,1,0,0,0,1,29,47,1,10047.47,ecommerce,1,0
amex_A02,amex,1,0,1,1,0,0,0,31,28,0,8682.41,retail,2,1
rupay_ru02,rupay,1,1,1,1,0,0,0,38,44,0,3068.76,ecommerce,1,1
mc_4855,mc,1,0,1,1,1,0,0,7,90,0,10453.91,ecommerce,0,1
mc_4834,mc,1,1,0,1,0,0,0,23,94,1,28425.11,saas,2,1
amex_F31,amex,0,1,0,1,1,1,0,21,4,0,10511.39,travel,2,1
visa_10.1,visa,1,1,0,1,1,1,0,15,52,0,19248.2,retail,2,1
mc_4853,mc,1,1,1,0,1,1,0,32,9,5,238.58,ecommerce,2,0
amex_P05,amex,1,1,1,0,1,0,0,15,32,1,10858.7,healthcare,0,0
visa_13.1,visa,0,0,0,1,0,1,0,10,18,4,9100.17,ecommerce,1,0
mc_4808,mc,1,1,1,1,0,0,0,38,103,0,446.28,ecommerce,2,1
rupay_1065,rupay,1,1,1,0,0,0,1,8,104,0,8378.72,ecommerce,2,1
visa_13.8,visa,1,0,1,0,0,1,0,26,83,1,2667.96,fintech,0,0
visa_11.3,visa,0,1,0,1,0,1,0,18,15,1,6676.46,fintech,2,1
amex_R03,amex,0,1,0,1,0,1,1,34,2,1,14729.26,fintech,2,1
amex_P05,amex,1,1,1,0,0,0,0,29,54,1,2665.86,saas,0,1
visa_11.2,visa,0,0,0,1,1,0,1,29,67,0,4578.0,saas,2,1
rupay_1085,rupay,0,1,1,0,0,1,1,1,14,0,865.49,retail,0,0
mc_4841,mc,1,1,1,1,1,0,1,42,99,0,6520.63,fintech,2,1
visa_13.4,visa,1,1,1,0,0,0,0,30,34,0,8585.9,fintech,2,1
disc_DP,disc,0,1,0,1,1,0,0,27,79,0,5815.21,fintech,2,1
visa_13.3,visa,1,0,0,0,0,0,0,27,106,0,2552.5,healthcare,0,0
rupay_1085,rupay,0,1,0,1,0,1,0,31,66,1,9542.27,saas,0,0
mc_4871,mc,1,1,0,1,1,1,0,13,69,0,882.79,ecommerce,2,0
visa_12.6.1,visa,1,1,1,0,0,1,1,14,107,0,3737.8,fintech,2,1
mc_4870,mc,0,1,1,0,0,1,0,38,63,2,5718.75,travel,2,0
amex_C14,amex,1,0,1,0,1,0,0,12,10,0,5067.13,travel,2,1
visa_13.2,visa,0,0,1,1,1,1,1,28,24,0,4346.37,ecommerce,2,1
rupay_ru02,rupay,1,1,1,1,1,0,1,40,88,0,9563.82,ecommerce,1,0
disc_DP,disc,0,1,1,1,1,1,1,16,81,0,5768.49,ecommerce,2,1
visa_12.1,visa,0,1,0,0,1,0,1,31,116,0,4380.53,retail,2,1
visa_13.8,visa,1,1,1,0,0,0,1,30,82,0,1614.3,saas,0,0
rupay_ru01,rupay,0,1,1,0,0,1,1,13,90,0,12591.5,saas,1,1
rupay_1062,rupay,0,1,1,0,0,1,1,26,78,0,2087.02,retail,1,0
disc_UD,disc,0,1,1,1,0,0,1,4,4,0,5093.01,saas,2,1
visa_11.3,visa,1,0,0,1,0,0,0,9,119,0,10637.08,travel,2,0
rupay_ru02,rupay,1,0,0,1,0,0,0,35,50,2,5019.4,saas,0,0
rupay_1062,rupay,0,1,1,0,1,1,1,6,69,0,3979.97,healthcare,2,1
visa_13.8,visa,0,0,0,1,0,0,0,14,30,0,21852.06,ecommerce,0,0
amex_F30,amex,1,1,1,1,1,0,0,26,101,0,16618.59,retail,2,1
visa_13.8,visa,0,0,0,1,1,0,0,2,105,1,4998.58,saas,2,0
mc_4870,mc,0,0,1,0,0,0,1,38,44,0,16574.33,retail,2,1
amex_A08,amex,0,0,0,1,0,0,1,12,19,1,11871.79,ecommerce,2,1
mc_4834,mc,0,1,1,0,1,0,0,34,47,2,18174.02,retail,2,1
mc_4871,mc,0,0,0,0,0,0,1,5,90,0,3094.46,fintech,2,1
visa_13.9,visa,0,1,0,1,1,0,0,10,22,0,18750.1,saas,2,1
visa_12.5,visa,1,1,1,1,0,1,0,18,42,0,3886.13,healthcare,2,1
visa_12.5,visa,0,0,0,1,1,0,0,39,107,0,4467.23,ecommerce,0,1
rupay_1085,rupay,1,1,0,1,1,0,0,14,21,1,7061.41,healthcare,2,0
mc_4853,mc,0,1,1,1,1,0,0,24,65,0,871.54,retail,2,1
rupay_ru01,rupay,1,0,1,1,1,0,1,44,94,0,9285.27,travel,1,1
visa_11.3,visa,1,0,1,1,0,1,0,12,6,0,3806.5,retail,2,1
rupay_1062,rupay,1,0,1,1,0,1,0,27,60,0,7284.83,travel,0,1
mc_4855,mc,0,0,0,1,0,0,1,26,28,0,4339.34,healthcare,1,0
visa_12.1,visa,1,0,1,0,1,0,0,12,62,3,4243.64,healthcare,2,1
mc_4871,mc,1,1,1,1,1,1,0,6,50,0,20755.43,healthcare,2,1
rupay_1085,rupay,0,0,1,0,1,0,0,28,82,1,18270.94,travel,2,1
visa_13.8,visa,1,0,1,1,0,0,1,26,108,0,4583.6,saas,0,0
visa_13.7,visa,1,0,0,1,0,1,0,23,60,2,3123.06,saas,2,1
mc_4837,mc,0,0,1,1,0,1,0,1,20,4,1587.87,healthcare,1,0
visa_11.3,visa,1,1,1,0,1,0,0,11,99,0,528.77,retail,2,1
amex_M10,amex,1,1,1,1,0,0,0,3,66,0,17454.76,travel,2,0
visa_13.9,visa,0,0,0,1,1,1,0,39,105,0,15468.92,saas,2,1
mc_4853,mc,0,0,1,0,0,1,0,9,3,0,22100.17,fintech,0,0
amex_C31,amex,1,0,0,1,0,0,0,6,48,0,3941.56,saas,2,1
visa_12.5,visa,1,1,1,0,1,0,1,45,48,1,28718.41,saas,0,0
mc_4853,mc,1,1,1,0,0,0,1,42,74,3,4792.94,healthcare,1,0
visa_12.5,visa,0,0,1,1,0,0,1,26,58,1,560.66,fintech,0,1
amex_P05,amex,1,0,1,1,0,0,0,24,29,0,5433.08,saas,0,0
amex_F30,amex,1,1,0,1,0,0,1,5,31,0,11380.55,travel,2,1
visa_10.4,visa,0,1,1,0,0,1,1,40,30,0,1412.79,ecommerce,1,1
rupay_1065,rupay,1,1,1,1,1,0,0,32,117,0,2086.92,saas,2,0
amex_A08,amex,0,0,0,1,0,0,0,35,81,1,1746.0,fintech,2,1
amex_F31,amex,0,1,0,1,0,0,1,32,7,0,39585.48,ecommerce,2,1
rupay_1085,rupay,0,1,1,1,0,0,0,31,50,0,13833.74,healthcare,0,0
visa_13.5,visa,1,1,1,1,1,1,0,5,104,1,11475.83,saas,2,1
visa_10.3,visa,1,0,0,0,1,1,0,32,84,2,9655.87,travel,2,1
disc_DP,disc,1,1,1,1,0,1,0,1,85,1,2410.04,ecommerce,2,1
visa_13.2,visa,1,0,0,0,1,0,1,2,34,3,193.56,fintech,2,1
disc_RG,disc,1,0,1,1,0,0,0,8,48,0,3097.61,retail,0,0
visa_10.1,visa,1,1,1,1,1,0,0,9,36,5,4148.73,travel,2,1
mc_4812,mc,1,1,1,1,0,0,0,41,81,1,4617.26,fintech,2,1
visa_11.1,visa,1,0,1,1,1,1,0,7,83,1,14323.42,healthcare,2,1
visa_11.1,visa,1,0,0,0,0,0,1,41,97,0,2760.16,saas,2,1
mc_4808,mc,1,0,0,0,1,0,0,29,5,0,18839.09,saas,2,0
visa_11.1,visa,1,0,1,0,0,0,0,11,58,0,2738.9,healthcare,2,1
mc_4871,mc,1,1,1,0,1,0,0,9,74,0,4740.41,travel,2,1
visa_13.7,visa,0,0,0,0,0,0,0,18,47,0,922.5,saas,2,1
mc_4863,mc,0,0,1,1,0,0,0,1,62,1,1866.26,retail,0,0
visa_12.1,visa,1,1,0,1,0,1,0,22,11,0,11060.92,saas,2,1
rupay_ru01,rupay,1,0,0,1,1,0,1,25,39,1,3065.95,fintech,1,1
amex_R03,amex,1,0,1,0,1,0,1,1,13,1,10964.87,healthcare,0,0
visa_13.3,visa,0,1,1,0,1,0,0,29,72,1,765.0,ecommerce,2,1
mc_4855,mc,1,1,1,1,1,0,1,33,74,5,21455.78,healthcare,1,0
rupay_ru01,rupay,1,1,1,0,1,1,0,22,111,0,173.99,fintech,1,1
visa_13.7,visa,1,0,1,1,1,0,0,8,78,1,6947.85,fintech,2,1
visa_13.6,visa,1,1,1,1,0,0,0,8,12,3,5690.37,ecommerce,0,0
visa_11.3,visa,1,1,1,1,1,1,1,18,21,4,10782.17,saas,2,1
rupay_1065,rupay,1,1,1,1,1,0,1,38,69,0,7273.17,travel,2,1
mc_4837,mc,1,1,1,1,1,0,0,19,42,0,3196.75,travel,2,1
mc_4841,mc,1,0,1,1,0,0,0,9,67,0,748.55,saas,0,0
visa_13.8,visa,0,1,1,1,1,0,0,5,110,0,13931.9,ecommerce,2,1
mc_4850,mc,0,0,0,1,0,1,1,24,75,0,12923.85,ecommerce,2,1
visa_12.6.1,visa,1,1,1,0,0,0,0,35,20,0,6722.24,retail,2,1
visa_13.8,visa,0,0,1,1,0,1,0,17,97,0,13353.83,saas,0,0
mc_4863,mc,1,1,1,1,1,1,0,2,78,0,14132.19,retail,2,1
visa_13.4,visa,1,0,1,1,1,0,0,43,28,0,996.64,healthcare,2,1
amex_A08,amex,1,0,1,1,0,0,0,35,37,0,1245.28,retail,2,1
disc_nan,disc,1,1,1,1,1,0,0,17,72,2,1106.67,travel,2,1
mc_4837,mc,1,1,1,0,1,0,0,41,75,0,7240.67,retail,1,1
visa_10.5,visa,0,1,0,1,0,0,1,10,63,2,14388.7,retail,1,0
rupay_1085,rupay,0,0,1,1,1,1,0,1,43,0,3534.98,saas,2,1
visa_11.2,visa,1,0,0,0,1,0,0,25,94,2,425.24,saas,2,0
disc_RM,disc,1,0,1,1,1,1,0,36,109,3,246.98,saas,2,0
visa_13.1,visa,1,1,0,1,1,0,0,45,45,0,1371.24,ecommerce,1,1
mc_4850,mc,0,1,1,1,0,0,1,18,107,0,17146.09,fintech,2,1
amex_M49,amex,1,1,1,0,1,0,0,35,78,0,6302.4,saas,2,1
mc_4841,mc,1,1,1,1,1,0,1,9,83,1,1392.73,travel,2,0
rupay_ru01,rupay,0,1,1,0,1,0,0,4,58,1,1642.74,ecommerce,1,1
mc_4863,mc,1,0,1,1,1,0,0,6,10,0,784.19,retail,0,1
mc_4841,mc,0,1,0,0,0,1,0,17,32,0,4000.53,retail,0,0
rupay_ru01,rupay,0,0,1,1,0,1,0,17,68,4,324.64,healthcare,1,0
visa_10.5,visa,1,0,1,1,1,1,1,23,54,0,3849.43,fintech,1,1
visa_13.1,visa,1,1,1,0,1,0,0,22,18,0,5267.01,saas,1,1
rupay_1085,rupay,1,1,1,1,0,0,1,30,96,2,10262.85,ecommerce,0,0
visa_13.8,visa,1,0,1,1,0,0,0,30,17,0,3816.45,ecommerce,0,0
visa_13.4,visa,1,1,1,1,0,0,1,38,33,0,5522.23,travel,2,1
amex_F10,amex,1,0,0,0,1,0,1,36,111,2,9634.93,fintech,0,0
rupay_1085,rupay,0,1,1,0,0,0,0,19,63,2,7585.37,retail,0,0
mc_4855,mc,0,1,1,0,1,0,1,37,96,0,1613.11,travel,1,0
rupay_1085,rupay,1,1,0,1,0,0,1,40,7,0,3428.14,retail,0,0
mc_4863,mc,0,0,1,0,1,1,0,7,20,0,6084.03,ecommerce,2,1
amex_F24,amex,1,0,1,1,0,0,1,11,117,0,1141.27,healthcare,1,1
visa_12.1,visa,0,1,0,1,1,0,0,41,45,1,27952.88,travel,2,0
visa_10.4,visa,0,1,1,1,0,1,1,38,12,0,5520.8,travel,2,1
visa_13.7,visa,1,1,1,1,0,0,0,43,25,2,17495.76,travel,2,1
visa_12.1,visa,0,1,1,0,1,1,0,15,32,0,8243.13,healthcare,2,1
visa_13.5,visa,0,1,1,0,1,0,1,8,98,0,15401.83,saas,2,1
disc_nan,disc,0,0,1,0,0,1,1,24,106,0,5889.85,travel,2,1
rupay_1065,rupay,1,0,1,1,1,0,0,23,99,8,19524.86,retail,2,0
rupay_ru02,rupay,1,1,1,1,0,0,1,5,5,1,23735.13,fintech,1,1
rupay_1065,rupay,0,0,1,1,0,0,1,1,62,4,309.51,healthcare,2,0
disc_IC,disc,1,0,1,1,0,1,0,11,67,3,22388.6,travel,2,0
visa_10.5,visa,0,1,1,1,0,0,0,28,118,1,10243.87,saas,2,1
mc_4871,mc,1,0,0,0,1,0,1,30,41,3,8584.06,fintech,2,1
visa_10.5,visa,1,0,1,1,1,1,0,3,4,3,27726.61,retail,1,1
rupay_ru02,rupay,0,0,1,1,0,0,0,42,95,0,14166.81,saas,0,0
mc_4834,mc,1,0,0,0,0,0,1,4,29,3,3449.56,ecommerce,2,0
visa_12.6.1,visa,0,1,1,1,0,0,0,22,100,0,32486.76,healthcare,2,1
visa_12.6.1,visa,1,1,0,0,1,0,0,8,84,4,36330.51,fintech,2,0
mc_4850,mc,0,1,1,1,0,1,1,23,70,5,7018.57,ecommerce,2,0
mc_4834,mc,1,1,0,1,0,0,1,13,72,3,3103.22,travel,2,0
mc_4870,mc,0,1,1,1,0,1,0,41,32,0,8898.97,saas,2,0
mc_4870,mc,1,1,1,0,0,0,1,34,51,1,12471.33,retail,2,1
visa_12.6.1,visa,0,0,0,1,0,0,0,44,40,1,336.27,saas,2,0
visa_13.6,visa,1,1,1,1,1,0,0,42,74,0,1911.38,healthcare,2,0
amex_C31,amex,0,1,0,1,1,0,1,45,58,1,12202.54,travel,2,1
visa_10.3,visa,1,1,1,1,1,1,0,22,60,1,12465.74,saas,2,1
disc_CD,disc,1,1,0,0,1,0,0,7,50,4,1618.94,saas,2,0
mc_4850,mc,1,1,1,0,0,0,0,44,67,5,8183.72,saas,2,1
rupay_1065,rupay,1,0,0,1,0,1,1,5,63,8,3491.51,retail,2,1
mc_4850,mc,1,1,1,1,0,0,0,34,32,5,6913.14,ecommerce,2,0
visa_13.1,visa,1,0,1,1,0,0,0,16,21,4,2377.28,healthcare,0,0
amex_F29,amex,0,0,0,0,1,0,0,40,44,0,1487.8,saas,0,1
visa_13.7,visa,0,0,1,1,1,0,0,22,101,5,5767.07,healthcare,2,0
mc_4850,mc,0,1,1,1,1,0,1,25,46,2,8707.78,travel,2,1
rupay_1065,rupay,0,0,0,0,0,0,0,12,86,3,6032.98,travel,2,0
mc_4834,mc,1,1,0,1,0,0,0,9,7,0,19333.84,fintech,2,1
visa_10.5,visa,1,0,0,1,0,0,1,32,45,0,9110.78,retail,1,1
visa_10.2,visa,1,1,0,1,1,0,1,28,68,0,110.57,ecommerce,2,1
visa_12.6.1,visa,1,1,1,1,1,0,1,34,2,1,2605.46,retail,2,1
mc_4812,mc,0,1,0,0,1,1,1,7,112,0,9298.49,travel,2,1
amex_C02,amex,1,1,1,1,1,1,0,8,22,0,8402.36,fintech,2,1
visa_13.6,visa,1,0,1,1,0,0,0,35,108,4,10909.85,healthcare,0,0
visa_13.6,visa,0,1,1,1,0,1,0,29,20,0,215.15,travel,0,0
rupay_1062,rupay,1,1,1,1,1,0,0,7,32,0,1921.26,saas,2,1
visa_13.5,visa,1,1,1,0,0,0,0,13,93,3,4114.12,ecommerce,2,0
visa_13.9,visa,1,1,1,1,0,0,0,20,90,0,10862.79,fintech,2,1
rupay_ru02,rupay,1,1,0,1,1,0,1,37,7,0,5831.46,healthcare,1,1
visa_12.1,visa,0,1,1,1,0,0,0,2,54,0,23088.62,travel,2,1
rupay_1065,rupay,0,1,0,1,0,0,0,20,64,3,5832.25,fintech,2,0
rupay_ru01,rupay,1,1,1,1,1,0,1,31,83,2,9065.59,retail,2,1
visa_13.8,visa,1,1,0,0,0,0,1,33,43,2,2405.72,saas,0,0
amex_R13,amex,0,0,1,0,1,1,0,25,111,0,4959.64,saas,2,1
mc_4850,mc,1,1,0,1,0,1,0,25,1,0,6469.85,fintech,2,0
visa_12.6.1,visa,1,0,1,1,1,0,0,22,109,0,20382.94,retail,2,1
mc_4855,mc,0,1,1,0,1,1,1,36,115,0,614.96,healthcare,2,0
visa_13.2,visa,0,0,1,0,1,0,0,34,18,0,6364.37,travel,1,1
visa_13.1,visa,1,0,1,0,0,0,1,10,103,3,2202.68,healthcare,1,0
visa_13.4,visa,1,0,0,1,1,0,0,35,85,0,5156.57,saas,2,1
rupay_1062,rupay,0,1,1,1,0,1,0,4,107,0,16157.72,healthcare,1,1
visa_12.6.1,visa,1,1,1,1,0,1,1,33,74,0,3735.78,saas,2,1
mc_4841,mc,1,1,1,1,0,0,0,18,16,0,17259.6,fintech,0,0
mc_4808,mc,0,1,0,1,1,0,0,40,18,0,8261.41,travel,2,1
mc_4841,mc,1,0,1,1,1,0,0,27,79,0,1750.34,fintech,1,0
mc_4870,mc,0,0,1,1,1,0,1,34,81,3,168.18,ecommerce,2,0
visa_13.8,visa,0,0,0,1,1,0,0,4,58,1,1798.55,retail,2,0
visa_10.1,visa,1,1,0,1,0,1,1,8,115,2,1035.28,fintech,2,0
visa_10.5,visa,1,1,0,0,1,1,0,27,8,8,10006.91,ecommerce,1,0
rupay_1065,rupay,0,1,0,0,1,0,0,14,1,0,4612.5,retail,2,1
disc_UD,disc,0,1,0,1,0,0,1,4,83,1,12438.55,saas,1,1
visa_13.3,visa,1,0,1,0,1,0,0,23,36,1,1554.24,travel,2,1
visa_13.8,visa,1,1,1,1,0,1,1,3,21,0,2771.68,fintech,0,1
visa_13.2,visa,1,1,0,0,0,0,1,4,50,0,1805.3,ecommerce,1,1
mc_4850,mc,1,0,0,1,0,1,0,11,113,0,6081.09,saas,2,1
mc_4837,mc,0,1,1,1,1,1,1,7,90,0,491.07,ecommerce,2,1
visa_13.3,visa,1,0,0,1,1,1,0,20,8,0,3870.21,saas,2,1
mc_4855,mc,1,1,0,1,0,1,0,5,116,2,24517.21,fintech,1,0
mc_4853,mc,1,1,1,1,1,1,1,15,59,4,6770.97,saas,2,1
visa_11.1,visa,1,0,0,0,0,0,0,43,28,2,4312.57,fintech,2,1
mc_4870,mc,0,0,1,0,1,0,0,9,10,0,7742.36,fintech,2,1
mc_4871,mc,1,1,1,0,0,0,1,1,21,2,9668.96,saas,2,0
rupay_ru01,rupay,1,0,0,1,1,0,1,16,100,0,3948.29,travel,1,1
rupay_1085,rupay,1,0,0,0,0,1,1,43,106,0,14669.96,saas,0,1
visa_10.4,visa,1,0,1,0,1,0,1,18,113,1,8369.07,healthcare,1,1
visa_13.5,visa,0,1,1,0,1,0,0,38,9,0,2599.93,healthcare,2,1
mc_4841,mc,1,0,1,1,0,1,1,39,71,1,2166.92,saas,1,1
rupay_1085,rupay,1,1,1,0,0,1,0,23,74,0,6193.81,retail,0,0
mc_4853,mc,0,0,0,0,0,1,0,41,104,0,7933.85,ecommerce,0,0
rupay_1062,rupay,1,1,1,0,1,1,0,41,33,0,207.96,fintech,2,1
rupay_1085,rupay,0,0,1,1,0,1,0,29,53,0,6541.51,retail,0,0
visa_13.1,visa,1,1,0,1,0,0,0,10,103,4,2407.55,travel,1,0
rupay_1065,rupay,1,1,1,0,1,1,0,8,88,2,1414.11,travel,2,0
mc_4855,mc,1,1,1,0,0,1,1,34,59,1,671.39,fintech,2,1
amex_P08,amex,1,0,0,1,1,0,0,16,28,4,18420.55,healthcare,2,0
mc_4834,mc,0,0,1,0,0,0,1,3,74,0,1899.56,healthcare,2,1
disc_IC,disc,1,0,1,0,0,0,0,4,20,0,13707.01,saas,0,1
mc_4850,mc,1,0,1,0,1,1,1,10,38,1,6081.77,ecommerce,2,1
visa_13.6,visa,0,1,1,0,0,0,0,2,8,2,15468.58,retail,0,0
visa_13.9,visa,1,0,1,1,1,0,0,8,111,0,314.49,ecommerce,2,1
visa_10.4,visa,0,0,1,1,1,0,1,18,12,0,5311.47,ecommerce,1,1
visa_11.1,visa,1,0,0,0,0,0,0,25,47,0,7614.85,fintech,2,1
visa_13.4,visa,0,1,0,1,0,1,1,19,86,3,21399.87,travel,2,0
rupay_ru02,rupay,1,1,1,1,0,1,1,10,46,1,7372.5,saas,2,1
mc_4850,mc,0,1,0,0,1,0,0,13,97,0,618.2,ecommerce,2,1
visa_10.2,visa,0,0,0,0,1,0,0,7,46,4,7258.85,healthcare,2,0
visa_13.9,visa,1,0,0,0,0,1,0,13,34,4,942.99,retail,2,0
mc_4863,mc,1,1,1,0,0,0,1,23,36,0,4966.89,ecommerce,0,1
visa_13.9,visa,1,0,1,1,0,0,0,43,108,0,6845.45,ecommerce,2,1
rupay_ru01,rupay,1,0,1,1,0,0,1,31,45,1,6535.04,fintech,1,1
mc_4834,mc,0,1,1,0,0,0,1,10,74,0,4570.23,travel,2,0
rupay_ru02,rupay,0,0,1,1,1,1,1,45,60,3,1056.68,travel,1,0
mc_4841,mc,1,0,1,0,0,0,1,28,112,1,1930.38,saas,1,1
mc_4870,mc,1,0,1,0,0,0,0,1,8,2,1877.52,saas,2,1
visa_12.1,visa,1,0,0,1,0,0,0,18,25,1,13712.19,travel,2,1
mc_4837,mc,1,0,1,0,1,0,1,9,101,2,3012.0,healthcare,1,1
mc_4853,mc,0,1,0,1,0,1,1,13,59,0,2832.92,retail,1,1
rupay_ru02,rupay,1,0,1,0,0,0,1,18,27,0,196.08,ecommerce,0,0
mc_4853,mc,0,1,0,1,1,0,1,22,115,0,22343.94,healthcare,2,1
visa_13.6,visa,1,0,1,1,0,0,0,10,34,1,9921.59,healthcare,0,0
visa_13.7,visa,0,1,0,1,1,0,0,36,26,0,3659.97,travel,2,1
mc_4853,mc,1,0,1,1,1,1,0,14,74,0,9863.88,saas,1,0
rupay_1062,rupay,1,1,0,1,0,0,0,11,8,0,19317.22,travel,1,0
rupay_1062,rupay,0,1,1,1,0,0,0,20,86,3,4859.69,fintech,1,0
rupay_ru01,rupay,0,1,1,0,0,1,1,23,73,0,2220.73,ecommerce,1,1
mc_4855,mc,0,1,1,0,1,0,1,9,71,2,3437.13,healthcare,1,0
visa_12.5,visa,0,1,1,0,1,0,1,2,95,1,2345.75,travel,0,0
rupay_1085,rupay,1,0,1,0,0,0,1,16,25,0,7094.89,travel,0,0
rupay_ru01,rupay,1,0,0,0,1,0,1,42,83,0,3723.27,travel,0,1
rupay_ru02,rupay,0,1,0,0,1,1,0,36,109,3,5615.61,ecommerce,2,0
visa_11.2,visa,0,0,1,1,0,1,0,13,63,1,3414.02,travel,2,1
visa_12.1,visa,1,1,1,1,1,0,0,41,120,0,1295.06,fintech,2,1
visa_13.2,visa,1,0,1,0,0,0,1,20,4,0,12971.16,ecommerce,1,1
amex_C08,amex,0,1,1,1,1,0,0,8,74,0,177.71,saas,1,1
visa_13.8,visa,1,1,1,1,0,1,0,29,98,0,5836.7,fintech,0,0
amex_R03,amex,1,1,0,1,0,0,1,30,60,0,693.81,fintech,1,1
visa_11.3,visa,1,1,1,1,0,1,0,1,92,0,21726.28,travel,2,0
rupay_ru02,rupay,0,1,0,1,0,0,1,1,6,3,21163.41,fintech,1,0
visa_10.2,visa,1,1,0,1,1,0,0,32,12,0,1337.32,fintech,2,1
visa_10.1,visa,1,0,1,1,1,1,1,21,77,0,2747.13,travel,2,1
visa_10.4,visa,1,1,0,0,0,0,0,33,28,0,13398.62,healthcare,1,1
rupay_1085,rupay,1,1,1,1,1,0,0,21,108,0,6397.44,healthcare,2,1
mc_4812,mc,1,0,0,1,1,0,1,37,72,0,14513.22,saas,2,0
visa_12.5,visa,1,0,0,0,1,0,0,7,22,1,6001.62,retail,0,0
mc_4812,mc,1,1,0,0,0,0,0,37,71,3,135.29,ecommerce,2,1
visa_13.5,visa,1,1,0,1,0,0,0,30,97,1,9057.87,fintech,2,1
visa_11.3,visa,1,1,1,0,1,0,1,2,32,0,6875.18,saas,2,0
visa_13.4,visa,0,0,1,1,0,0,1,39,112,0,11200.36,retail,2,1
mc_4850,mc,1,0,1,1,0,1,0,14,69,0,8258.53,saas,2,1
amex_A08,amex,1,0,0,0,0,0,1,1,1,2,3595.71,fintech,2,0
disc_RG,disc,1,1,1,1,0,0,0,2,99,4,2473.72,fintech,1,0
rupay_1062,rupay,1,1,1,0,1,0,0,38,25,2,678.99,travel,2,1
mc_4834,mc,1,1,0,0,1,0,1,18,32,4,13720.23,retail,2,0
amex_F31,amex,1,1,0,1,0,0,0,39,44,1,1091.35,saas,2,1
mc_4870,mc,1,0,1,0,1,1,1,42,55,0,8625.05,retail,2,1
mc_4870,mc,1,1,0,1,0,1,1,31,70,3,2156.16,fintech,2,1
rupay_1065,rupay,1,1,0,1,0,0,0,13,29,0,1046.64,healthcare,2,1
rupay_ru01,rupay,1,1,1,0,0,0,0,15,8,0,15259.62,fintech,1,1
disc_IC,disc,1,1,0,1,0,1,1,43,27,0,656.39,retail,2,1
visa_10.1,visa,1,1,1,0,0,0,1,2,109,8,4733.08,retail,2,0
rupay_1062,rupay,1,0,0,0,1,0,0,36,58,0,1696.42,retail,1,1
mc_4850,mc,1,0,0,0,0,0,0,41,64,0,378.84,healthcare,2,1
visa_12.5,visa,0,0,0,0,0,0,0,11,7,0,1133.83,travel,0,0
mc_4834,mc,1,0,1,1,0,0,0,38,72,3,1031.21,fintech,2,1
visa_13.9,visa,1,1,1,0,1,0,0,25,24,0,23355.64,retail,2,1
visa_12.6.1,visa,0,1,0,1,0,1,0,6,73,1,1021.56,healthcare,2,1
amex_C02,amex,1,0,1,0,0,0,0,22,22,0,9031.78,healthcare,2,1
rupay_1062,rupay,1,1,1,1,0,0,1,25,101,0,263.66,travel,1,0
rupay_1062,rupay,1,0,0,1,0,1,1,40,37,0,3944.02,retail,0,0
rupay_ru01,rupay,0,0,0,1,0,0,0,45,94,0,12643.78,ecommerce,1,0
rupay_1065,rupay,1,1,1,0,1,0,0,34,58,1,11872.45,saas,2,0
visa_11.1,visa,0,1,1,0,1,0,1,20,39,0,8151.48,ecommerce,2,1
mc_4834,mc,1,1,1,1,1,1,0,30,85,0,435.74,saas,2,1
mc_4863,mc,1,0,0,1,0,1,0,6,55,0,16066.45,saas,2,1
rupay_ru02,rupay,1,1,1,0,0,0,0,2,16,2,3792.51,healthcare,1,0
visa_11.1,visa,1,0,1,1,1,0,1,10,65,0,11368.29,ecommerce,2,0
visa_13.8,visa,0,1,0,1,1,0,1,7,60,0,15690.29,ecommerce,2,1
mc_4870,mc,1,1,1,1,0,0,0,8,51,0,4461.03,fintech,2,1
visa_10.5,visa,1,1,1,1,1,0,0,14,69,0,16618.59,saas,2,1
visa_10.4,visa,1,0,1,1,0,0,1,33,29,0,5369.59,retail,1,1
mc_4871,mc,0,1,0,1,1,0,0,11,47,3,2281.71,fintech,2,0
visa_12.1,visa,1,0,1,0,1,1,0,37,38,5,7660.21,retail,2,0
rupay_ru02,rupay,1,0,1,1,1,0,1,3,97,1,4794.94,healthcare,0,0
mc_4855,mc,1,0,0,1,0,0,1,39,60,1,4091.28,ecommerce,1,1
mc_4812,mc,1,1,1,1,1,1,1,12,19,0,15102.91,retail,2,1
visa_10.5,visa,1,0,1,0,1,1,0,3,51,0,14652.67,fintech,1,1
visa_13.9,visa,0,1,1,1,0,1,0,28,7,1,2783.43,healthcare,2,1
mc_4841,mc,0,1,1,1,0,0,0,38,11,0,109.31,fintech,0,0
mc_4841,mc,0,1,1,1,0,0,1,24,95,1,24664.23,fintech,1,0
rupay_ru02,rupay,0,1,1,1,0,1,0,45,4,0,7274.01,fintech,2,1
mc_4871,mc,1,1,0,1,1,0,1,38,79,0,20779.69,travel,2,1
rupay_1085,rupay,1,1,0,0,0,0,1,44,16,1,1018.63,travel,0,0
disc_IC,disc,0,0,1,1,0,0,1,7,18,1,13545.25,healthcare,0,1
visa_13.3,visa,1,0,1,0,0,1,0,5,50,0,1492.79,retail,0,0
mc_4850,mc,1,0,0,1,1,0,1,22,98,0,11623.45,travel,2,0
rupay_ru02,rupay,1,0,0,1,1,1,0,32,112,0,18196.69,healthcare,1,0
rupay_ru02,rupay,1,0,0,0,0,0,1,39,10,0,7535.83,retail,0,0
visa_12.5,visa,1,1,0,0,1,1,1,27,41,0,7590.32,healthcare,2,1
mc_4808,mc,0,0,1,1,0,0,0,35,80,0,8073.73,retail,2,1
visa_13.8,visa,1,1,0,1,0,0,0,16,45,1,9662.42,healthcare,0,0
rupay_1085,rupay,1,0,1,1,0,0,0,17,38,1,2635.23,travel,0,0
visa_11.1,visa,1,1,1,1,0,1,0,27,89,3,1563.67,ecommerce,2,0
mc_4837,mc,1,0,0,1,0,0,1,31,79,0,22744.43,fintech,1,1
amex_R03,amex,1,0,1,1,0,1,0,43,24,0,8002.82,ecommerce,1,1
amex_C05,amex,0,1,1,1,1,1,1,32,23,1,3443.74,travel,2,1
visa_13.1,visa,1,0,1,1,1,0,0,11,107,1,6394.18,ecommerce,0,0
mc_4841,mc,0,1,0,1,1,0,1,2,95,1,765.29,saas,2,0
amex_C08,amex,1,1,1,0,0,1,1,34,16,0,10919.63,travel,2,1
visa_10.2,visa,1,0,0,0,0,0,0,16,75,0,3849.96,retail,2,1
rupay_1085,rupay,0,0,0,1,0,1,0,20,29,3,3188.26,saas,0,0
mc_4871,mc,1,1,0,1,1,0,1,13,107,0,727.44,fintech,2,1
rupay_1062,rupay,1,1,0,0,1,0,0,43,74,0,1436.25,healthcare,2,1
visa_11.3,visa,0,1,0,1,1,0,0,22,39,2,3222.34,fintech,2,1
rupay_1062,rupay,0,0,1,1,1,0,1,39,111,0,977.94,retail,1,1
mc_4841,mc,0,1,1,0,0,0,0,6,31,0,6465.01,saas,0,0
amex_A02,amex,1,0,1,1,0,0,0,39,55,0,18694.9,saas,2,0
mc_4850,mc,0,0,0,0,1,0,1,8,114,4,5936.33,travel,2,0
rupay_1085,rupay,0,1,1,1,0,0,1,16,85,2,9337.73,healthcare,0,0
disc_CD,disc,1,1,1,0,0,1,0,32,62,2,16496.02,travel,2,1
visa_10.1,visa,1,1,1,1,1,0,1,10,28,0,776.53,saas,2,1
rupay_1085,rupay,1,0,1,0,0,0,1,25,2,0,17937.1,ecommerce,0,0
visa_11.1,visa,0,1,1,1,1,1,0,27,58,0,2023.55,travel,2,1
rupay_ru02,rupay,0,0,1,0,0,0,0,15,16,1,22397.53,saas,0,0
disc_DP,disc,0,0,0,1,0,0,1,7,74,1,6019.02,ecommerce,2,1
visa_13.1,visa,0,0,1,1,0,1,1,29,72,1,2765.09,ecommerce,1,1
disc_AP,disc,1,1,0,1,1,0,0,32,91,0,5892.44,retail,1,1
visa_13.9,visa,1,0,0,1,1,1,1,34,112,3,5771.78,healthcare,2,0
rupay_1085,rupay,0,1,1,1,0,0,1,34,88,0,2371.4,retail,0,0
visa_12.5,visa,0,1,0,1,0,0,0,15,96,1,26439.45,retail,0,0
rupay_ru02,rupay,0,0,0,1,0,1,0,38,78,0,5602.91,retail,1,1
rupay_1085,rupay,1,1,1,1,1,0,1,31,83,5,601.66,saas,2,0
visa_13.4,visa,1,1,1,0,0,0,0,16,10,0,1498.81,fintech,2,1
visa_13.5,visa,1,0,1,1,0,0,0,33,35,0,363.23,saas,2,1
visa_12.5,visa,0,0,0,1,0,0,0,6,33,0,18046.21,travel,0,0
amex_M10,amex,1,1,0,0,1,1,1,4,39,0,27849.58,retail,2,1
visa_13.4,visa,1,0,0,1,0,0,0,33,8,1,13013.1,healthcare,2,1
rupay_1062,rupay,1,1,0,1,1,1,0,18,27,0,30390.28,fintech,2,1
mc_4850,mc,1,1,1,0,0,0,0,41,120,0,6903.15,retail,2,0
visa_13.5,visa,1,1,1,1,0,1,1,44,113,0,294.65,ecommerce,2,1
amex_F24,amex,1,0,0,1,0,0,0,7,97,2,14599.17,fintech,1,0
rupay_ru01,rupay,1,0,1,1,0,0,1,10,77,1,9130.51,fintech,1,1
rupay_1062,rupay,1,1,0,1,1,0,0,18,82,2,5251.12,ecommerce,2,0
rupay_1062,rupay,1,0,1,1,0,0,0,39,60,0,416.68,retail,0,0
visa_11.2,visa,1,1,1,1,0,0,1,42,94,0,6377.31,fintech,2,1
visa_13.3,visa,1,1,1,0,0,0,0,11,11,0,13310.95,travel,0,0
rupay_ru01,rupay,1,0,1,0,1,0,1,21,37,2,19040.95,saas,1,0
visa_13.4,visa,1,0,1,1,0,0,0,30,22,1,3029.74,retail,2,1
mc_4853,mc,0,1,1,1,1,0,0,37,84,0,26918.81,saas,2,1
rupay_ru02,rupay,1,1,1,1,1,0,0,43,55,0,4194.75,healthcare,1,1
rupay_ru01,rupay,0,0,1,1,0,0,1,23,54,0,21816.02,saas,1,1
visa_11.1,visa,1,1,1,1,0,0,0,5,58,0,4250.75,healthcare,2,1
visa_10.1,visa,1,0,0,1,0,0,1,22,39,0,7802.87,healthcare,2,1
amex_F29,amex,1,1,1,1,0,1,0,26,31,3,7715.52,fintech,2,1
mc_4837,mc,1,1,0,1,1,0,0,11,63,0,863.87,ecommerce,1,1
mc_4855,mc,1,0,0,0,1,0,0,43,50,4,757.9,travel,0,0
mc_4812,mc,1,1,1,0,0,1,1,34,119,0,7322.11,saas,2,0
mc_4863,mc,1,0,0,1,1,1,1,1,79,0,11242.38,fintech,2,1
mc_4863,mc,0,1,1,1,0,0,0,3,52,0,3701.1,fintech,0,1
visa_11.3,visa,1,1,0,1,0,0,0,12,30,2,3234.33,healthcare,2,1
mc_4837,mc,1,1,0,1,0,1,0,16,52,1,7615.96,healthcare,1,1
amex_C31,amex,0,0,0,1,0,0,0,42,45,0,1584.85,healthcare,2,1
rupay_ru01,rupay,1,1,1,1,1,0,0,23,89,1,1370.28,travel,2,1
rupay_ru01,rupay,1,1,1,1,1,1,1,1,56,0,3574.39,travel,2,1
mc_4841,mc,1,1,0,1,0,1,0,42,89,0,10645.14,retail,0,1
rupay_1065,rupay,0,1,1,0,0,0,1,10,46,0,6324.59,fintech,2,1
mc_4850,mc,1,1,0,0,1,1,0,10,117,0,3158.84,ecommerce,2,1
visa_13.4,visa,1,1,1,1,1,0,0,4,103,2,8263.0,saas,2,1
visa_11.3,visa,1,1,1,1,0,0,0,2,71,2,2068.99,retail,2,0
rupay_ru02,rupay,1,0,1,1,0,0,0,22,49,0,8242.72,travel,0,0
visa_12.6.1,visa,0,0,0,1,1,1,1,3,89,0,5203.02,ecommerce,2,1
visa_13.4,visa,1,1,1,1,1,0,0,32,46,1,1282.58,saas,2,1
visa_10.4,visa,0,0,1,1,0,1,0,19,71,0,2715.27,retail,1,1
amex_C18,amex,0,1,0,0,1,1,0,17,120,2,5324.28,retail,2,0
mc_4841,mc,1,0,1,1,0,0,0,20,97,0,12818.52,saas,0,0
mc_4808,mc,0,1,0,1,1,0,0,9,84,0,10044.64,saas,2,1
mc_4850,mc,0,1,0,1,0,0,1,11,57,0,1910.18,retail,2,1
visa_13.2,visa,1,1,0,0,1,0,0,9,3,0,4577.36,saas,1,1
rupay_1062,rupay,1,1,1,1,0,0,0,33,82,1,5959.25,saas,1,1
rupay_1085,rupay,0,0,0,1,1,0,0,12,8,0,962.14,ecommerce,2,1
amex_C18,amex,1,1,1,0,0,0,0,25,50,0,9723.42,fintech,2,1
visa_10.1,visa,1,0,0,1,1,1,1,4,41,0,5151.57,travel,2,1
amex_F10,amex,0,0,1,0,1,0,0,45,112,1,40367.37,ecommerce,0,0
mc_4812,mc,0,0,1,0,0,0,0,6,66,1,20435.52,fintech,2,0
visa_12.6.1,visa,1,1,1,0,1,0,0,24,115,1,7471.42,saas,2,0
rupay_ru02,rupay,0,0,0,0,1,0,0,35,74,2,324.94,ecommerce,0,0
visa_10.1,visa,1,0,1,1,0,1,0,45,118,1,6649.88,saas,2,1
mc_4870,mc,1,1,0,1,0,1,1,26,68,0,14681.0,travel,2,1
rupay_1062,rupay,1,0,1,1,0,0,0,23,63,0,4801.44,healthcare,0,0
visa_13.8,visa,1,0,1,0,0,0,0,42,20,0,367.74,retail,0,0
rupay_1062,rupay,0,0,1,1,1,0,1,37,16,1,5595.37,fintech,1,1
mc_4808,mc,1,1,1,1,0,0,1,38,37,0,3484.5,saas,2,1
visa_11.1,visa,0,0,1,0,0,1,0,25,102,2,1810.68,travel,2,0
rupay_ru02,rupay,1,0,1,0,0,0,1,1,82,1,1187.65,healthcare,0,0
mc_4870,mc,1,1,1,1,1,1,0,16,112,1,9276.97,fintech,2,1
visa_13.7,visa,1,1,1,0,1,0,0,20,52,0,15433.53,fintech,2,1
rupay_ru02,rupay,0,1,1,0,0,0,1,39,102,2,8312.11,healthcare,1,0
amex_F10,amex,0,1,1,0,0,1,1,21,1,0,1851.09,saas,2,0
disc_CD,disc,1,0,1,1,0,1,1,8,90,0,1277.98,travel,2,1
rupay_ru01,rupay,1,1,1,1,1,0,0,44,1,0,725.36,healthcare,2,1
rupay_ru01,rupay,1,1,1,0,1,1,1,33,28,1,1816.67,retail,1,1
visa_13.8,visa,0,0,0,0,0,0,1,5,69,0,2965.36,retail,0,0
mc_4812,mc,1,1,1,1,1,1,1,36,10,1,12215.71,saas,2,0
mc_4871,mc,0,1,0,1,0,0,1,21,17,1,14468.18,travel,2,1
visa_13.4,visa,1,0,1,1,0,0,0,12,104,3,1627.36,fintech,2,1
visa_13.1,visa,1,0,1,0,0,0,0,45,53,3,2456.16,travel,0,0
mc_4812,mc,1,0,1,1,1,0,0,45,33,1,13340.06,healthcare,2,1
amex_C04,amex,0,0,1,1,0,0,1,30,41,2,2242.06,fintech,0,0
rupay_ru01,rupay,1,1,0,1,0,0,1,40,119,0,180.03,fintech,1,1
mc_4837,mc,1,1,1,1,1,1,1,18,110,5,3441.26,healthcare,2,1
disc_UA,disc,1,1,1,1,1,1,1,22,71,0,855.13,healthcare,2,1
disc_IC,disc,1,0,1,1,1,0,0,45,76,2,612.43,saas,0,0
visa_13.2,visa,1,1,1,1,1,1,0,6,91,1,2268.98,retail,1,0
visa_13.1,visa,1,1,1,0,0,0,0,16,28,0,6079.37,healthcare,1,0
rupay_1062,rupay,0,1,1,0,1,0,1,22,29,3,5916.29,ecommerce,2,1
mc_4870,mc,1,1,0,1,0,1,0,21,1,0,1577.17,saas,2,1
visa_12.6.1,visa,1,0,1,1,0,1,0,11,88,0,22735.86,saas,2,1
mc_4834,mc,0,1,0,1,0,0,1,10,8,0,6891.63,retail,2,0
visa_12.6.1,visa,0,0,1,1,1,1,1,42,69,0,11422.85,fintech,2,1
amex_A02,amex,0,0,0,1,1,0,1,4,16,1,9828.88,ecommerce,2,1
visa_12.5,visa,0,1,1,1,0,0,0,36,4,2,14883.12,ecommerce,0,0
mc_4871,mc,1,1,1,0,0,1,0,23,103,0,1716.91,healthcare,2,1
mc_4841,mc,0,1,1,0,0,1,0,27,32,3,9964.56,retail,0,0
visa_13.2,visa,1,0,1,1,1,0,1,40,77,1,13887.12,fintech,2,1
rupay_1062,rupay,1,1,0,0,0,0,1,10,63,0,8817.9,retail,1,0
disc_RG,disc,0,0,1,0,0,1,0,44,25,0,2615.91,retail,0,1
rupay_ru02,rupay,0,0,0,1,1,1,1,36,104,1,2434.42,retail,1,0
rupay_1062,rupay,0,1,0,0,1,0,1,12,19,0,14991.78,fintech,2,1
rupay_1085,rupay,0,1,1,0,0,1,1,40,52,1,17692.04,ecommerce,0,0
mc_4855,mc,1,1,1,0,1,1,0,21,16,0,8909.62,fintech,1,1
rupay_ru01,rupay,0,0,0,0,1,0,1,33,43,0,565.4,retail,0,0
rupay_ru02,rupay,1,1,1,0,1,0,0,13,21,0,28452.83,saas,1,1
mc_4808,mc,1,1,1,1,0,1,0,41,29,0,7043.72,retail,2,1
visa_10.2,visa,1,1,1,1,0,0,0,29,59,0,481.08,healthcare,2,1
mc_4808,mc,1,1,1,0,1,1,1,21,41,0,31363.58,healthcare,2,1
mc_4850,mc,1,1,1,0,1,1,1,1,63,0,11151.2,fintech,2,1
amex_C28,amex,0,1,0,1,0,1,0,9,45,0,10325.71,saas,0,0
visa_11.1,visa,1,0,0,0,0,0,0,17,49,0,3135.87,ecommerce,2,1
rupay_ru02,rupay,0,0,0,0,1,0,1,36,109,0,2871.68,retail,0,0
rupay_ru02,rupay,0,1,1,0,1,0,0,38,97,3,1010.54,healthcare,1,0
visa_13.8,visa,1,1,1,1,1,0,1,31,60,1,2143.29,saas,2,1
visa_13.6,visa,1,0,0,0,1,0,1,4,3,8,13790.43,saas,2,0
visa_11.3,visa,1,0,0,1,1,0,0,10,82,1,9433.4,retail,2,0
visa_10.4,visa,1,1,1,0,0,0,1,21,21,0,5428.7,healthcare,1,1
rupay_1062,rupay,0,0,1,1,1,1,0,4,3,1,2949.95,ecommerce,1,1
visa_13.9,visa,1,1,1,1,0,0,0,7,18,0,6679.8,fintech,2,1
visa_13.2,visa,1,1,1,0,0,1,0,26,12,0,10266.73,saas,0,0
mc_4812,mc,0,1,1,1,0,0,0,34,111,3,1452.7,saas,2,0
visa_13.2,visa,1,0,1,1,0,0,0,34,39,4,1279.41,retail,0,0
mc_4841,mc,1,1,1,1,1,0,0,17,5,0,3820.42,saas,1,0
mc_4808,mc,0,0,1,0,0,1,1,22,52,0,16441.95,fintech,2,1
mc_4853,mc,0,1,0,1,0,0,1,8,92,4,12840.66,saas,1,0
visa_13.1,visa,0,0,1,1,1,1,0,24,59,3,2197.66,ecommerce,1,1
visa_10.5,visa,1,0,1,1,1,0,1,11,64,5,1915.5,retail,1,1
visa_13.1,visa,0,0,0,1,1,0,0,45,89,2,9041.93,retail,0,0
mc_4870,mc,1,1,1,1,1,0,1,13,77,0,8986.19,retail,2,1
mc_4871,mc,0,0,1,1,1,1,0,7,88,1,8179.07,retail,2,1
visa_10.1,visa,1,1,0,1,1,0,0,38,54,1,6768.91,fintech,2,1
visa_13.9,visa,1,0,1,1,0,1,0,16,48,0,7496.24,retail,2,1
mc_4850,mc,1,0,1,0,1,1,0,24,20,1,3036.6,healthcare,2,1
mc_4863,mc,1,0,1,1,1,0,1,33,30,0,1598.19,travel,0,1
visa_10.5,visa,0,0,1,0,0,1,1,21,90,0,10473.38,fintech,1,1
visa_12.1,visa,0,1,1,1,0,0,0,1,82,2,4533.46,fintech,2,0
visa_13.8,visa,0,1,0,1,0,0,0,13,34,0,6649.8,ecommerce,0,0
rupay_1062,rupay,1,0,1,1,1,0,0,28,20,2,7778.9,fintech,1,0
visa_10.1,visa,1,0,1,1,0,0,0,11,13,0,4644.0,travel,2,1
amex_C18,amex,1,0,1,0,1,0,1,21,28,0,5060.06,fintech,2,1
visa_10.4,visa,1,0,1,0,0,0,1,10,55,0,4177.69,healthcare,1,1
rupay_ru01,rupay,0,1,1,0,1,1,0,20,78,0,9004.55,retail,1,1
visa_10.5,visa,1,0,1,0,0,1,0,8,28,0,10956.78,ecommerce,1,1
rupay_ru02,rupay,1,0,0,0,1,1,0,3,14,0,31319.91,healthcare,1,0
visa_11.1,visa,1,0,1,0,1,1,0,18,55,5,5621.33,travel,2,1
rupay_1065,rupay,1,0,1,1,1,0,1,10,3,0,3553.59,healthcare,2,1
amex_F10,amex,1,1,0,1,1,1,1,20,41,2,14572.54,retail,2,1
mc_4808,mc,1,0,1,0,1,0,0,28,53,0,7180.61,retail,2,1
rupay_1065,rupay,0,0,0,1,1,0,0,40,19,0,598.67,saas,2,1
mc_4871,mc,0,1,0,1,0,0,0,35,76,0,3352.67,fintech,2,1
mc_4871,mc,1,0,1,0,1,0,1,12,11,4,1962.83,retail,2,1
rupay_1062,rupay,1,0,1,1,1,0,0,36,48,0,5433.76,retail,1,1
disc_AA,disc,0,1,1,0,1,1,0,15,30,1,2892.94,healthcare,2,1
mc_4850,mc,1,1,0,0,1,1,0,42,18,2,5489.92,ecommerce,2,0
visa_11.2,visa,1,1,1,1,0,1,1,15,21,1,14719.4,healthcare,2,0
rupay_ru01,rupay,1,0,1,0,0,0,0,10,81,0,12099.73,saas,1,1
amex_F24,amex,0,1,1,1,1,0,1,11,64,3,10843.76,retail,2,1
mc_4850,mc,0,1,0,0,1,0,0,23,95,4,333.54,healthcare,2,1
visa_11.3,visa,1,0,0,1,0,0,0,17,65,0,9180.6,healthcare,2,1
amex_C31,amex,1,1,0,1,1,0,1,34,59,0,25189.04,saas,2,1
disc_UA,disc,1,1,1,1,1,0,1,13,110,1,14442.66,fintech,1,1
visa_13.6,visa,1,0,1,1,1,0,0,36,60,4,668.71,saas,2,0
rupay_1085,rupay,0,1,0,0,1,0,0,3,30,0,1577.22,ecommerce,2,1
rupay_1065,rupay,1,0,1,1,1,0,0,29,51,3,7243.24,retail,2,0
rupay_1062,rupay,1,1,1,0,0,1,0,17,59,0,12758.7,healthcare,1,0
rupay_ru01,rupay,0,0,1,0,0,1,0,39,21,0,940.43,saas,1,1
rupay_1065,rupay,0,0,1,0,1,0,0,27,56,1,27583.13,ecommerce,2,1
visa_10.5,visa,1,0,0,0,1,0,1,14,26,0,2437.25,travel,0,1
rupay_1085,rupay,0,1,1,0,1,1,0,4,43,0,4507.32,retail,2,1
visa_13.5,visa,1,0,1,0,0,0,0,29,14,1,14220.42,retail,2,1
amex_C08,amex,1,0,1,1,1,0,1,1,45,0,23722.15,travel,1,1
visa_10.4,visa,0,0,0,1,1,1,1,12,29,8,9358.66,saas,1,0
disc_DP,disc,1,1,1,1,1,0,1,34,71,0,2669.86,fintech,2,1
mc_4863,mc,1,1,0,1,0,1,0,19,104,0,3507.07,fintech,2,1
rupay_1085,rupay,1,0,0,1,1,0,0,32,7,0,8049.91,ecommerce,2,1
visa_10.1,visa,0,0,1,0,1,0,0,15,38,0,6350.51,ecommerce,2,1
visa_13.4,visa,0,0,1,1,0,0,0,15,61,0,1089.47,retail,2,1
amex_F10,amex,1,0,1,1,1,0,1,38,37,0,6775.65,saas,0,1
visa_13.3,visa,1,1,1,0,1,1,0,13,7,1,11364.66,fintech,2,0
visa_13.8,visa,0,0,1,1,0,0,1,15,102,2,15106.66,ecommerce,0,0
amex_A01,amex,0,1,1,1,0,1,0,39,36,1,1498.2,retail,2,1
visa_10.1,visa,1,1,1,1,0,0,0,26,50,3,3463.61,retail,2,1
amex_C02,amex,0,0,1,1,0,0,1,44,84,8,11565.39,retail,2,0
visa_13.4,visa,0,1,1,1,1,0,1,28,28,0,3547.5,retail,2,1
visa_11.2,visa,1,1,1,1,1,0,0,8,114,0,20578.14,fintech,2,1
rupay_ru02,rupay,0,0,0,0,1,0,0,2,35,0,15751.87,travel,0,0
visa_11.2,visa,0,1,1,1,1,0,1,4,23,0,34058.15,healthcare,2,1
visa_13.8,visa,1,1,1,1,1,1,0,42,32,1,1932.2,ecommerce,2,1
rupay_1062,rupay,1,1,0,1,1,0,0,23,52,1,6774.16,ecommerce,2,1
amex_P08,amex,1,0,1,1,0,0,0,12,45,5,24353.8,healthcare,2,0
visa_12.5,visa,0,1,0,0,0,0,1,3,42,0,597.94,fintech,0,0
visa_10.5,visa,0,1,1,0,1,0,0,36,99,0,9798.57,retail,1,1
rupay_1062,rupay,1,0,1,1,1,0,1,32,32,8,5083.07,saas,1,0
mc_4863,mc,0,1,0,0,0,0,0,25,106,0,2792.82,healthcare,0,0
visa_12.5,visa,0,0,1,1,1,0,1,11,86,0,3597.26,ecommerce,0,0
visa_13.2,visa,0,0,1,1,0,0,0,18,90,0,1688.09,fintech,0,0
mc_4834,mc,0,1,1,1,1,1,0,1,68,0,32829.49,retail,2,1
visa_13.3,visa,1,0,1,0,0,0,0,25,45,3,28368.19,fintech,0,0
rupay_ru02,rupay,0,0,1,1,0,1,0,15,53,0,10158.13,healthcare,1,1
visa_13.6,visa,1,0,1,1,0,0,0,31,73,0,6555.11,saas,0,0
visa_13.5,visa,0,0,1,1,0,1,1,10,119,0,4974.8,retail,2,1
visa_10.2,visa,1,1,1,0,0,1,0,22,46,8,20235.98,ecommerce,2,0
rupay_1065,rupay,0,0,1,0,1,1,0,13,22,1,3844.29,retail,2,1
visa_13.4,visa,0,1,1,0,0,1,1,28,30,0,6081.15,ecommerce,2,0
visa_12.6.1,visa,1,0,1,0,0,1,0,5,41,0,18322.09,retail,2,1
mc_4812,mc,1,1,1,0,1,0,0,33,4,4,7392.77,travel,2,0
rupay_1085,rupay,0,0,0,1,1,1,0,37,46,1,12704.71,travel,2,1
visa_13.8,visa,1,1,0,0,1,0,1,29,23,1,10254.43,saas,2,1
visa_11.1,visa,1,0,1,0,0,0,1,9,116,1,9299.23,fintech,2,0
mc_4837,mc,0,1,1,1,0,0,0,28,86,0,2236.47,retail,2,1
mc_4850,mc,1,0,1,1,0,0,1,7,49,1,10093.24,saas,2,1
rupay_ru01,rupay,1,1,0,0,1,1,1,27,71,1,795.55,healthcare,1,1
rupay_1062,rupay,0,1,1,1,0,0,1,36,55,0,1500.42,healthcare,1,1
amex_R03,amex,1,0,1,1,0,0,1,42,102,8,31583.0,saas,0,0
disc_RG,disc,1,0,1,1,0,1,0,31,73,0,2799.42,travel,0,0
visa_13.6,visa,0,0,0,0,1,0,1,1,80,0,15064.31,saas,2,0
rupay_ru02,rupay,0,0,1,0,0,0,1,5,91,3,14525.36,travel,0,0
visa_13.9,visa,0,1,1,0,1,0,0,7,117,3,1112.1,travel,2,0
mc_4870,mc,1,1,0,0,0,0,0,43,8,0,12118.07,fintech,2,1
mc_4808,mc,1,0,1,1,1,0,1,12,118,0,5768.69,travel,2,0
mc_4841,mc,1,0,0,1,1,1,0,31,12,2,3550.17,fintech,1,1
mc_4855,mc,0,1,1,0,1,0,0,3,10,3,2536.3,retail,1,0
visa_10.2,visa,1,1,1,1,1,1,1,21,17,4,6289.13,healthcare,2,1
amex_P08,amex,1,1,1,1,0,0,1,24,41,0,3273.74,retail,2,1
mc_4863,mc,1,0,1,1,1,1,0,8,86,1,4018.04,saas,2,1
visa_13.1,visa,1,0,0,1,0,1,1,3,74,1,2314.83,fintech,1,0
visa_13.2,visa,1,1,1,1,1,1,1,36,106,0,17406.33,fintech,2,1
mc_4850,mc,1,1,1,0,0,0,0,37,89,0,467.16,retail,2,1
visa_12.5,visa,0,1,1,0,1,0,0,5,109,0,8637.09,fintech,0,0
rupay_1085,rupay,1,0,0,1,0,0,0,29,30,1,1547.89,retail,0,1
mc_4853,mc,1,1,1,1,1,1,1,41,66,0,2609.85,healthcare,2,1
disc_CD,disc,1,0,1,0,0,0,1,35,105,1,4368.54,travel,2,1
mc_4850,mc,0,0,1,1,1,0,1,32,116,0,16708.67,ecommerce,2,1
visa_12.5,visa,1,1,0,1,0,1,0,3,83,0,54079.11,travel,2,1
visa_13.4,visa,1,1,0,0,1,0,1,40,8,0,4747.89,retail,2,1
rupay_1062,rupay,0,0,1,0,1,1,0,34,111,0,10409.36,travel,1,1
visa_10.2,visa,1,1,0,0,0,1,0,26,32,0,3522.78,travel,2,1
visa_13.9,visa,0,1,0,1,0,1,1,20,38,1,11305.92,saas,2,1
rupay_1085,rupay,1,1,1,1,0,1,0,2,7,1,1930.09,saas,0,0
visa_13.7,visa,1,0,0,1,1,0,1,3,56,0,6841.39,travel,2,1
amex_C14,amex,1,1,1,0,0,0,0,1,56,2,2855.18,fintech,2,0
mc_4870,mc,1,1,1,0,1,1,1,39,99,0,4526.7,ecommerce,2,1
mc_4841,mc,1,1,0,0,0,0,0,34,119,0,6900.57,fintech,0,0
amex_C04,amex,1,0,1,0,0,0,1,29,108,0,2485.3,saas,0,0
visa_12.5,visa,0,1,0,1,0,1,0,38,6,0,1167.18,fintech,2,1
visa_13.8,visa,0,0,1,0,1,0,0,6,118,0,2111.9,fintech,2,0
visa_10.1,visa,1,0,1,1,1,0,0,35,31,1,32101.34,ecommerce,2,1
amex_P08,amex,1,0,0,1,1,0,1,30,82,1,5128.07,travel,2,1
visa_13.7,visa,1,0,1,1,0,0,0,22,28,0,5122.72,healthcare,2,1
visa_11.3,visa,1,1,1,0,1,0,0,21,70,0,16063.93,travel,2,1
visa_12.6.1,visa,0,1,1,1,1,1,0,9,86,1,2898.33,healthcare,2,1
mc_4870,mc,1,0,1,1,0,0,0,31,8,0,1056.85,fintech,2,1
visa_10.4,visa,0,1,0,1,0,0,0,17,76,0,3778.28,saas,1,0
visa_13.6,visa,1,1,1,1,0,0,0,26,53,0,19454.87,healthcare,0,0
visa_10.1,visa,1,0,1,0,0,0,1,42,99,0,7864.34,saas,2,1
visa_10.2,visa,1,0,1,1,0,1,1,12,33,0,5601.37,ecommerce,2,1
visa_12.1,visa,1,0,0,1,1,0,1,25,33,0,7373.02,retail,2,1
visa_11.3,visa,0,0,1,0,0,0,1,45,95,0,9127.42,retail,2,0
visa_10.1,visa,0,1,1,0,0,0,1,38,52,1,22162.47,ecommerce,2,1
visa_13.1,visa,1,1,0,0,1,1,0,8,7,0,1490.8,ecommerce,1,0
amex_F31,amex,0,0,0,0,1,0,0,19,29,0,4085.33,travel,2,1
visa_13.7,visa,1,1,1,0,0,1,1,42,106,1,21791.93,fintech,2,1
visa_13.1,visa,0,0,0,1,0,0,1,15,103,0,3616.09,retail,1,0
mc_4837,mc,1,1,1,1,0,0,1,3,98,1,1618.26,ecommerce,2,1
rupay_1062,rupay,1,0,0,1,1,0,0,36,18,0,1081.26,fintech,1,1
rupay_1085,rupay,1,0,0,1,0,0,0,9,36,0,4625.14,travel,0,0
visa_13.1,visa,0,0,0,1,0,1,0,13,2,0,4715.09,healthcare,1,1
visa_13.8,visa,1,0,1,1,1,0,0,4,80,3,24092.84,retail,2,0
visa_13.8,visa,0,1,0,0,0,1,1,38,42,1,2748.72,fintech,0,0
disc_IC,disc,1,1,1,1,1,0,1,2,16,0,9795.33,travel,0,0
visa_12.1,visa,1,0,1,1,1,1,0,38,26,0,450.29,retail,2,1
visa_10.1,visa,0,0,1,1,1,0,0,3,103,1,1577.5,fintech,2,1
mc_4863,mc,0,0,1,1,0,0,1,15,116,2,8938.22,travel,0,0
rupay_ru01,rupay,0,1,1,0,1,0,1,33,21,0,1479.86,ecommerce,1,1
disc_RM,disc,1,1,0,0,1,0,0,25,91,2,8224.04,travel,2,1
rupay_1085,rupay,0,1,1,1,0,0,1,23,104,0,1789.33,ecommerce,0,0
visa_12.1,visa,0,0,0,0,0,0,0,41,8,0,2226.66,fintech,2,1
rupay_1065,rupay,1,1,1,1,1,1,0,16,94,0,601.95,travel,2,1
visa_10.4,visa,0,1,1,0,0,0,1,11,68,1,10886.23,retail,1,1
rupay_1065,rupay,0,0,1,0,1,1,1,21,16,1,11051.22,retail,2,1
rupay_ru02,rupay,0,1,1,0,0,0,0,2,32,0,2903.66,saas,1,0
rupay_1065,rupay,1,1,1,0,0,0,1,7,23,0,5215.33,fintech,2,1
visa_10.1,visa,1,1,1,1,1,1,0,28,6,0,8454.84,fintech,2,1
visa_10.5,visa,0,0,1,0,1,0,1,20,66,3,11766.02,retail,1,0
mc_4850,mc,0,0,1,1,1,1,0,15,56,0,750.73,travel,2,1
mc_4871,mc,0,0,0,1,1,0,1,27,49,0,8929.72,travel,2,1
visa_10.1,visa,1,0,1,1,0,0,0,23,103,0,13165.57,saas,2,1
visa_10.2,visa,1,0,1,0,1,0,0,34,109,0,560.09,healthcare,2,1
visa_11.2,visa,1,1,1,1,1,0,0,40,102,4,9085.09,travel,2,0
rupay_1065,rupay,1,1,1,0,0,1,1,29,97,5,571.43,saas,2,0
mc_4855,mc,1,1,1,0,0,0,0,20,92,0,15781.44,ecommerce,1,0
visa_10.4,visa,1,1,0,0,0,0,0,5,24,0,15627.26,saas,1,0
rupay_1062,rupay,1,0,0,1,0,1,1,35,25,2,8993.45,travel,0,0
mc_4870,mc,1,1,1,1,0,1,0,23,102,2,30028.66,healthcare,2,1
visa_10.1,visa,0,0,0,0,0,0,0,19,73,8,10816.56,saas,2,1
visa_13.3,visa,0,0,1,1,0,1,1,12,89,0,1684.13,travel,0,0
rupay_1065,rupay,1,1,1,1,0,0,1,28,92,0,9691.37,travel,2,1
amex_C08,amex,1,1,0,1,0,0,1,6,9,4,8011.27,travel,2,1
amex_C04,amex,1,1,1,1,0,1,1,13,106,0,1325.14,ecommerce,0,0
amex_F31,amex,1,0,1,1,0,0,1,1,27,3,18036.25,ecommerce,2,1
visa_13.2,visa,1,0,0,0,0,1,0,37,86,1,6301.01,saas,0,0
amex_F10,amex,1,0,1,0,0,0,1,40,63,0,6271.13,fintech,0,0
rupay_ru01,rupay,1,1,1,0,0,0,1,31,63,0,33646.74,healthcare,1,1
rupay_1065,rupay,1,1,0,1,0,0,1,37,31,0,8525.33,saas,2,1
rupay_ru01,rupay,1,0,1,0,0,0,1,18,56,0,4758.56,saas,1,1
visa_10.2,visa,0,0,1,1,1,0,0,6,17,1,21369.92,retail,2,1
amex_P05,amex,1,0,1,1,1,0,0,11,20,0,11534.75,fintech,0,0
amex_F14,amex,1,1,1,1,0,1,0,18,23,1,7072.27,travel,2,1
amex_C08,amex,1,0,1,1,0,0,1,10,39,4,6943.68,healthcare,1,0
amex_C14,amex,1,1,1,1,1,0,0,12,16,2,7905.59,ecommerce,2,1
rupay_1062,rupay,1,0,0,1,0,1,0,16,42,0,2125.66,saas,0,0
rupay_ru01,rupay,1,1,1,1,1,1,1,18,12,0,36037.25,healthcare,2,1
visa_10.2,visa,0,0,1,0,1,0,1,37,53,1,3341.88,saas,2,1
mc_4808,mc,1,1,1,1,1,0,0,8,16,2,12964.11,ecommerce,2,1
visa_13.6,visa,1,1,0,0,0,1,0,2,120,3,16080.31,retail,0,0
rupay_ru02,rupay,1,1,0,0,0,0,1,20,64,0,2492.91,ecommerce,1,0
amex_C28,amex,1,1,1,1,0,0,0,11,35,0,12617.86,healthcare,0,0
visa_13.9,visa,0,1,1,1,0,0,0,14,76,3,21052.53,saas,2,1
amex_C31,amex,0,1,0,0,0,0,0,6,44,1,24225.45,saas,2,1
visa_10.1,visa,1,0,1,1,1,1,0,37,9,1,41623.14,healthcare,2,1
rupay_ru01,rupay,1,1,1,0,1,0,0,11,78,0,11705.41,ecommerce,1,1
rupay_ru02,rupay,1,0,0,0,0,0,0,36,34,0,4014.33,healthcare,0,0
mc_4853,mc,1,0,0,1,0,0,0,16,26,2,396.96,saas,0,0
visa_12.5,visa,0,0,1,0,1,0,0,27,12,1,955.41,retail,0,0
visa_12.6.1,visa,1,1,1,0,1,0,1,41,59,0,6696.06,fintech,2,1
visa_10.4,visa,1,1,1,0,0,0,0,31,116,5,1299.87,healthcare,1,0
rupay_ru02,rupay,1,1,0,1,1,0,0,9,7,0,11889.32,travel,1,0
visa_12.1,visa,0,1,1,0,0,0,1,17,21,5,9452.47,healthcare,2,0
mc_4841,mc,0,1,1,0,1,0,0,18,51,1,4161.97,retail,1,0
visa_13.3,visa,1,0,1,1,0,1,1,36,90,0,336.15,retail,0,1
amex_F30,amex,0,0,0,0,1,1,1,27,13,0,28505.45,travel,2,1
mc_4841,mc,0,1,1,1,0,0,0,38,95,0,2938.57,retail,0,0
visa_13.4,visa,0,0,1,1,0,1,1,14,61,0,2387.77,saas,2,1
visa_13.1,visa,0,1,1,1,1,1,1,1,22,1,3882.69,fintech,2,1
visa_13.6,visa,1,0,1,0,0,0,0,42,69,0,2645.67,retail,0,0
mc_4837,mc,1,1,1,1,0,0,1,4,100,0,23650.97,healthcare,2,1
rupay_ru02,rupay,0,0,1,1,1,1,1,32,39,0,4279.86,ecommerce,1,1
amex_F30,amex,0,0,0,1,0,1,0,13,54,0,24629.57,retail,2,1
visa_10.1,visa,1,1,1,1,1,1,0,42,39,0,7517.33,healthcare,2,1
mc_4863,mc,1,1,1,0,1,0,1,22,84,1,3940.24,saas,0,1
mc_4870,mc,1,1,1,0,1,0,1,6,23,1,9336.98,retail,2,1
visa_13.7,visa,0,0,1,1,1,0,0,31,54,0,442.31,travel,2,1
visa_12.5,visa,1,0,1,1,0,0,1,31,97,0,5275.68,ecommerce,0,1
rupay_ru01,rupay,1,1,1,0,0,0,0,15,105,0,18988.88,ecommerce,1,1
mc_4855,mc,1,1,0,1,0,1,0,15,101,0,1596.46,saas,1,0
mc_4834,mc,1,0,1,1,1,0,0,23,16,0,9934.83,ecommerce,2,1
rupay_ru01,rupay,1,1,1,1,1,0,0,14,30,0,2853.21,ecommerce,2,1
amex_F31,amex,0,1,0,0,0,0,0,22,91,2,5108.59,healthcare,2,0
amex_M10,amex,0,1,0,1,0,0,0,34,111,1,15282.5,healthcare,2,1
visa_10.3,visa,1,1,1,1,1,0,1,45,100,3,1265.3,travel,0,1
visa_10.1,visa,0,0,1,1,1,0,1,20,56,4,4608.16,ecommerce,2,0
amex_P05,amex,1,0,0,0,1,0,0,17,83,3,5822.76,healthcare,0,0
rupay_ru01,rupay,1,1,1,1,0,1,0,32,45,0,3121.58,fintech,2,1
rupay_ru01,rupay,0,1,0,1,1,0,1,22,12,0,685.06,travel,1,1
visa_11.1,visa,1,1,1,0,1,1,0,7,32,0,1251.13,travel,2,1
visa_10.3,visa,0,0,1,1,1,0,0,37,55,0,375.68,retail,0,1
rupay_ru01,rupay,1,1,1,0,0,0,0,29,4,0,3331.82,healthcare,1,1
mc_4841,mc,1,1,1,0,1,0,0,25,54,2,14255.59,ecommerce,1,0
visa_10.5,visa,1,0,0,1,1,1,0,2,82,0,40768.91,ecommerce,1,1
mc_4834,mc,0,0,1,1,1,0,1,1,33,0,2751.32,retail,2,1
visa_13.3,visa,0,1,0,0,1,0,1,12,63,5,9523.98,retail,2,0
visa_13.8,visa,0,1,1,1,1,0,0,37,41,2,1316.63,healthcare,2,0
rupay_1085,rupay,0,1,0,1,1,0,1,33,118,2,371.3,healthcare,2,0
mc_4853,mc,1,0,1,1,0,1,0,36,116,0,1801.53,healthcare,0,0
mc_4850,mc,0,1,1,1,1,0,1,14,17,0,5354.6,fintech,2,1
visa_11.1,visa,0,0,0,0,0,0,1,29,27,0,14533.63,ecommerce,2,1
visa_13.2,visa,1,0,0,0,1,0,1,5,71,2,2309.94,retail,2,1
rupay_1062,rupay,1,0,0,0,1,0,1,25,54,0,20141.69,healthcare,1,1
visa_13.9,visa,1,0,0,1,0,1,0,40,81,0,2713.91,fintech,2,0
mc_4808,mc,1,0,1,1,0,0,0,16,56,0,703.06,retail,2,0
visa_12.5,visa,1,1,1,1,0,1,1,43,24,4,3299.6,travel,2,1
visa_11.1,visa,0,0,1,0,1,0,0,11,99,2,11373.59,healthcare,2,1
rupay_ru02,rupay,1,0,1,1,1,0,1,28,29,0,6681.09,retail,0,0
mc_4863,mc,1,0,0,1,0,1,0,36,84,2,2747.9,retail,2,1
rupay_1062,rupay,1,1,1,0,1,1,0,22,84,0,4014.99,travel,2,0
disc_nan,disc,1,1,1,1,1,0,1,11,6,3,1739.52,fintech,2,1
visa_10.3,visa,1,1,1,1,1,0,0,25,119,1,457.47,travel,0,1
visa_10.5,visa,1,0,1,1,0,0,0,28,55,0,3956.79,saas,1,0
mc_4841,mc,1,1,1,1,1,1,0,34,69,0,4350.6,ecommerce,1,1
amex_P08,amex,1,0,1,0,1,1,0,34,95,0,5777.22,saas,2,0
visa_10.4,visa,1,0,1,1,0,0,1,7,14,3,11435.66,healthcare,1,1
rupay_1085,rupay,1,1,1,0,1,0,0,23,1,1,1615.08,retail,2,1
visa_13.8,visa,1,0,0,0,1,0,1,3,94,3,16525.13,saas,2,1
visa_11.2,visa,0,0,1,1,1,0,0,37,9,1,4705.9,travel,2,1
visa_13.6,visa,0,0,0,1,1,0,0,39,98,2,4059.54,travel,2,0
visa_13.5,visa,1,1,0,0,0,0,0,36,22,1,7325.41,saas,2,1
mc_4841,mc,1,0,1,0,1,0,1,11,98,1,8321.94,ecommerce,2,1
mc_4812,mc,1,0,1,1,1,1,0,13,21,1,311.44,saas,2,1
mc_4808,mc,1,1,1,1,1,0,1,37,21,3,10991.45,fintech,2,1
mc_4812,mc,1,1,0,1,0,0,1,14,72,0,4380.24,ecommerce,2,1
mc_4841,mc,1,1,0,0,1,0,1,4,61,0,8840.1,ecommerce,2,1
visa_13.8,visa,0,0,1,0,1,1,1,18,73,0,25934.28,fintech,2,1
visa_10.3,visa,0,0,1,0,1,0,0,7,77,4,7946.35,travel,0,0
visa_11.1,visa,1,0,1,1,0,0,0,16,104,2,3330.24,fintech,2,0
visa_10.2,visa,1,0,1,1,0,0,1,4,44,0,11132.68,saas,2,1
rupay_1085,rupay,1,1,1,1,0,1,0,34,34,0,3223.64,ecommerce,0,0
amex_M49,amex,0,0,1,1,0,0,0,19,74,3,5072.68,fintech,2,1
rupay_1085,rupay,1,1,0,1,1,0,1,29,93,0,6934.56,ecommerce,2,1
visa_13.8,visa,1,1,1,1,1,0,1,3,77,0,4622.66,saas,2,1
amex_R13,amex,0,1,0,0,1,0,1,32,109,0,18591.38,saas,2,1
visa_11.3,visa,0,0,1,1,0,1,0,45,87,0,4520.86,fintech,2,1
visa_13.8,visa,1,1,0,1,1,0,1,4,75,0,3661.1,retail,2,1
visa_11.1,visa,1,1,0,1,0,0,0,13,69,0,5587.38,travel,2,1
visa_13.1,visa,0,1,0,1,1,1,0,15,32,1,3689.72,saas,1,1
visa_12.1,visa,1,1,0,1,1,0,1,42,4,0,15245.65,retail,2,1
visa_13.4,visa,0,1,0,0,1,0,0,5,91,3,469.12,fintech,2,0
mc_4863,mc,1,0,1,1,1,1,1,21,56,1,1033.13,retail,2,1
rupay_ru02,rupay,0,0,0,0,1,0,1,21,101,3,3099.44,saas,0,0
visa_13.3,visa,0,1,0,1,1,0,1,38,45,0,14279.1,fintech,2,1
visa_13.8,visa,1,0,1,1,0,0,1,21,32,5,1870.45,saas,0,0
visa_10.5,visa,1,1,1,0,0,1,0,16,76,0,20183.23,saas,1,1
visa_13.6,visa,0,1,1,1,1,1,0,28,9,0,19358.33,fintech,2,1
rupay_1085,rupay,0,0,1,0,1,0,0,34,61,0,18556.76,ecommerce,2,1
visa_11.1,visa,0,1,1,0,0,0,0,9,40,0,7929.5,fintech,2,1
visa_13.3,visa,1,0,1,1,1,0,0,15,63,2,11843.73,travel,2,1
disc_UD,disc,1,0,0,0,0,1,0,40,6,0,7499.22,travel,0,1
visa_12.6.1,visa,1,0,1,0,1,1,1,4,59,4,16256.34,retail,2,0
rupay_1065,rupay,1,1,0,1,1,0,0,13,21,3,834.83,retail,2,1
amex_C08,amex,0,1,1,1,0,0,0,25,118,2,6870.92,saas,1,0
rupay_1062,rupay,1,0,0,1,1,1,1,38,69,0,2626.85,saas,1,0
visa_10.1,visa,1,1,0,1,1,0,0,31,56,0,33168.12,ecommerce,2,1
rupay_ru02,rupay,1,0,0,1,1,0,0,14,7,0,5478.06,retail,0,0
visa_13.7,visa,0,0,1,1,0,1,0,33,49,4,9131.61,ecommerce,2,1
visa_10.2,visa,1,1,1,0,1,0,1,36,13,0,6239.38,travel,2,1
rupay_ru01,rupay,1,0,1,1,0,0,1,45,79,1,1665.32,travel,1,1
disc_IC,disc,0,1,1,1,1,0,1,30,13,0,3732.72,saas,0,1
visa_10.5,visa,1,1,0,0,0,0,0,35,44,0,367.92,travel,1,1
visa_13.9,visa,1,0,0,1,1,1,0,23,40,0,9221.38,healthcare,2,0
rupay_ru01,rupay,0,1,0,1,0,1,1,35,68,1,507.75,fintech,1,1
visa_10.5,visa,0,0,1,0,0,0,0,22,101,3,4307.48,ecommerce,1,0
visa_10.3,visa,1,0,1,1,1,0,0,38,82,0,1877.68,travel,0,1
amex_R13,amex,1,1,1,0,1,0,1,12,40,0,9509.78,retail,2,1
visa_11.2,visa,0,0,1,0,0,0,0,13,117,1,13301.16,healthcare,2,0
visa_10.1,visa,1,1,1,1,1,0,1,30,68,3,2848.3,fintech,2,1
rupay_1062,rupay,1,0,1,1,0,0,1,6,64,1,2454.99,ecommerce,0,1
visa_11.3,visa,0,0,1,0,1,1,0,17,47,0,10237.52,saas,2,0
mc_4871,mc,1,0,1,1,1,0,0,2,89,1,15130.97,healthcare,2,1
rupay_1062,rupay,1,1,1,0,0,0,1,38,3,0,2965.06,fintech,1,0
mc_4871,mc,1,1,1,1,1,0,0,44,60,1,12649.18,ecommerce,2,1
rupay_1085,rupay,1,1,1,0,0,0,0,8,48,2,18547.89,fintech,0,0
mc_4837,mc,1,1,1,1,0,0,1,39,6,3,3489.67,ecommerce,2,1
mc_4871,mc,1,1,1,0,1,1,0,27,110,1,25444.72,travel,2,1
mc_4863,mc,0,0,0,1,0,0,0,44,93,4,4542.56,healthcare,0,0
visa_12.6.1,visa,1,1,1,1,0,1,0,12,18,4,109.88,healthcare,2,0
rupay_1062,rupay,1,1,1,1,1,0,0,16,27,1,21408.42,saas,2,0
mc_4871,mc,1,1,1,1,0,0,1,7,37,2,25096.65,travel,2,1
amex_M49,amex,1,0,0,0,0,0,1,11,49,3,102.46,travel,0,0
rupay_ru01,rupay,0,1,1,1,1,1,0,13,50,2,3508.36,retail,2,0
rupay_ru02,rupay,1,0,1,0,1,0,1,6,49,3,7084.54,saas,0,0
visa_11.3,visa,0,0,1,0,0,0,0,39,71,2,27224.6,healthcare,2,1
mc_4863,mc,0,0,1,1,1,1,1,13,74,3,1888.64,retail,2,0
visa_13.9,visa,0,1,1,1,1,0,0,43,65,0,2977.12,healthcare,2,1
mc_4863,mc,0,0,0,1,0,1,0,42,117,2,3856.6,saas,2,1
rupay_1065,rupay,1,1,0,0,0,0,1,20,101,2,31698.93,travel,2,0
rupay_1062,rupay,1,1,1,1,1,0,1,24,47,0,11572.19,fintech,2,1
mc_4834,mc,0,1,1,1,0,0,1,36,26,2,5240.11,healthcare,2,1
mc_4871,mc,0,0,1,0,0,0,0,19,119,5,1181.66,healthcare,2,0
rupay_ru02,rupay,0,1,1,1,0,1,0,7,22,0,2773.61,travel,2,1
amex_C14,amex,1,0,1,1,0,0,1,27,21,2,15522.57,saas,2,1
amex_C04,amex,1,1,0,1,0,1,0,3,21,0,15185.46,healthcare,0,0
visa_13.2,visa,0,0,1,1,0,0,0,1,95,0,5836.16,travel,0,0
mc_4871,mc,0,1,1,0,1,0,1,20,68,0,13410.86,healthcare,2,1
visa_12.5,visa,0,1,1,1,0,0,0,32,101,4,4772.75,saas,0,0
rupay_1062,rupay,0,0,0,1,1,1,1,6,9,0,294.25,fintech,1,0
mc_4841,mc,1,1,1,1,0,0,1,30,19,0,3009.23,fintech,1,0
amex_M49,amex,1,1,1,0,1,0,0,39,19,1,9837.62,healthcare,2,1
visa_13.3,visa,1,1,1,0,1,0,0,24,99,0,477.02,ecommerce,2,1
visa_10.4,visa,1,0,1,1,0,0,0,19,13,0,19623.19,retail,1,1
mc_4812,mc,1,0,1,1,0,1,0,21,23,3,1588.66,retail,2,0
amex_M10,amex,1,1,0,0,0,0,0,42,32,1,2376.39,saas,2,1
visa_10.4,visa,1,1,1,0,0,0,1,30,111,0,782.93,travel,1,1
visa_12.1,visa,0,0,1,1,0,0,0,37,16,0,1286.14,saas,2,1
rupay_1085,rupay,0,0,1,0,1,1,0,17,96,0,8081.0,fintech,2,1
mc_4808,mc,0,0,1,1,0,0,0,14,39,3,1382.17,saas,2,0
rupay_1065,rupay,0,0,0,1,1,0,1,9,110,3,10150.43,fintech,2,1
mc_4834,mc,1,0,1,1,0,1,0,5,101,0,510.03,saas,2,1
visa_10.4,visa,1,1,0,0,0,0,1,9,57,2,16970.57,travel,1,0
rupay_ru02,rupay,1,0,0,0,0,1,0,1,73,0,46942.12,healthcare,1,0
rupay_ru02,rupay,0,1,1,0,1,1,0,44,26,3,4072.62,saas,2,1
visa_11.2,visa,1,0,1,0,0,1,1,5,112,0,12699.73,retail,2,1
mc_4808,mc,0,1,1,0,0,1,1,9,5,0,27220.71,fintech,2,1
rupay_1065,rupay,1,1,1,0,0,0,0,33,44,1,8157.54,fintech,2,1
visa_13.9,visa,1,1,0,0,0,0,0,42,33,0,2614.41,healthcare,2,1
mc_4808,mc,1,0,1,1,1,0,0,28,86,0,20104.58,fintech,2,1
visa_13.8,visa,1,0,0,1,1,0,1,7,46,0,4893.24,retail,2,1
mc_4850,mc,1,1,0,1,0,1,0,11,23,0,3068.8,healthcare,2,1
amex_C14,amex,1,1,1,1,0,0,1,19,77,0,390.26,ecommerce,2,1
disc_UD,disc,1,0,0,0,0,0,1,28,1,0,12880.93,saas,0,1
visa_11.3,visa,1,0,1,1,0,0,0,43,70,0,13598.48,healthcare,2,1
amex_F31,amex,1,1,1,0,1,1,0,33,53,0,18739.07,retail,2,1
mc_4837,mc,1,0,0,1,0,0,0,28,73,8,6928.82,saas,1,1
rupay_1065,rupay,0,0,0,0,0,0,0,31,44,0,18533.07,travel,2,1
rupay_1062,rupay,0,1,0,0,0,0,1,35,88,1,2654.12,fintech,1,1
rupay_1062,rupay,1,0,1,0,1,0,0,10,107,0,775.05,retail,1,0
visa_10.5,visa,1,1,1,0,0,0,1,21,79,0,470.89,saas,1,1
mc_4850,mc,1,0,1,0,1,0,1,3,83,1,607.67,fintech,2,1
mc_4871,mc,1,0,1,0,1,1,0,7,67,3,11358.26,ecommerce,2,1
rupay_1085,rupay,1,0,0,1,1,0,0,44,18,0,2432.41,healthcare,2,1
rupay_1065,rupay,0,1,0,1,1,1,0,26,74,0,1822.78,fintech,2,1
rupay_ru01,rupay,1,1,0,1,1,0,1,45,87,0,1986.85,saas,1,1
visa_13.3,visa,1,1,1,1,1,0,0,18,109,0,6918.57,fintech,2,1
disc_AP,disc,0,1,1,1,1,1,0,13,105,1,2730.09,healthcare,1,0
rupay_ru02,rupay,1,1,0,1,0,1,1,3,2,0,6411.91,healthcare,2,1
visa_10.1,visa,1,0,0,1,0,1,1,6,84,1,2835.93,ecommerce,2,1
rupay_1062,rupay,1,0,1,1,0,1,1,15,71,4,8856.84,ecommerce,0,0
visa_11.3,visa,0,1,1,1,0,0,0,20,30,1,12197.81,healthcare,2,1
mc_4871,mc,1,1,0,0,0,1,0,8,44,0,3270.97,retail,2,1
disc_AA,disc,1,1,1,1,0,0,0,12,19,2,9379.53,retail,2,1
mc_4855,mc,1,0,1,1,1,0,0,40,6,0,674.42,travel,0,0
mc_4850,mc,1,1,1,1,1,1,1,23,84,0,4176.95,saas,2,1
rupay_ru02,rupay,1,1,1,1,1,0,0,33,5,5,2104.19,saas,1,0
rupay_ru01,rupay,1,1,1,1,1,1,0,2,49,0,1090.08,fintech,2,1
mc_4870,mc,0,1,0,0,1,0,1,38,67,2,142.53,travel,2,1
rupay_ru01,rupay,0,1,1,1,1,0,1,36,57,0,13946.32,saas,2,0
visa_10.4,visa,1,0,1,1,0,0,1,1,43,2,16865.35,retail,1,1
rupay_ru01,rupay,0,1,0,1,1,0,1,11,101,8,11817.69,fintech,1,0
mc_4870,mc,1,1,1,1,0,0,1,24,86,0,766.18,retail,2,1
visa_13.9,visa,1,1,1,1,1,0,0,42,32,2,3500.54,fintech,2,1
visa_13.8,visa,1,1,1,1,0,0,1,32,29,0,1711.15,healthcare,0,0
rupay_1065,rupay,0,0,0,1,0,0,0,25,73,0,17896.61,fintech,2,1
disc_UA,disc,0,1,0,1,0,0,0,15,73,1,10845.01,ecommerce,1,1
amex_C18,amex,0,0,0,1,0,0,0,21,92,0,4192.0,travel,2,1
amex_C18,amex,1,0,0,1,0,1,1,21,10,0,4291.82,saas,2,1
mc_4855,mc,1,0,1,1,1,0,0,28,44,0,15080.84,ecommerce,0,0
amex_C08,amex,1,1,0,1,0,1,0,45,9,3,6332.67,saas,1,0
mc_4850,mc,1,1,0,1,0,0,0,13,43,1,5195.16,retail,2,1
visa_13.7,visa,1,0,1,0,1,1,0,17,113,1,15122.26,travel,2,0
visa_10.3,visa,0,0,1,1,1,0,1,41,53,0,1516.95,ecommerce,0,1
visa_13.2,visa,1,1,1,0,0,0,0,42,105,1,3427.82,saas,0,0
visa_13.9,visa,1,1,0,1,0,0,0,23,87,0,2538.78,healthcare,2,1
visa_13.9,visa,1,1,1,0,1,0,1,21,49,2,7880.23,retail,2,0
rupay_ru02,rupay,1,1,1,1,0,0,0,18,98,0,1423.05,fintech,1,0
amex_F30,amex,0,1,1,1,0,1,1,13,74,3,8226.72,ecommerce,2,1
disc_DP,disc,0,1,1,1,1,1,0,1,103,0,13354.47,travel,2,0
mc_4863,mc,0,0,1,1,0,1,0,6,102,0,2150.65,ecommerce,2,1
visa_13.4,visa,1,0,1,0,0,0,0,15,61,0,8806.47,ecommerce,2,1
mc_4855,mc,0,1,0,0,1,1,0,32,15,0,4294.13,ecommerce,1,0
visa_13.6,visa,1,1,1,1,1,0,0,43,82,0,26120.44,travel,2,1
visa_10.5,visa,1,0,0,1,1,0,0,25,93,2,2892.68,saas,1,0
visa_13.9,visa,1,0,0,1,1,0,1,12,113,0,7365.04,ecommerce,2,1
rupay_1085,rupay,0,0,1,0,1,1,1,6,109,0,985.34,ecommerce,2,1
rupay_1085,rupay,1,1,1,0,0,0,0,10,32,0,798.44,healthcare,0,1
rupay_1085,rupay,0,0,1,1,0,0,0,36,38,0,2915.74,travel,0,1
amex_C28,amex,1,0,0,1,0,1,0,2,79,2,4648.29,retail,0,0
visa_13.1,visa,0,0,1,1,0,0,1,41,113,1,150.44,retail,1,0
visa_10.5,visa,1,1,1,1,0,1,1,21,39,0,17764.25,healthcare,2,1
disc_nan,disc,1,0,0,1,0,0,0,1,54,1,2309.21,saas,2,0
mc_4834,mc,0,1,1,0,1,0,0,20,35,0,3356.7,healthcare,2,1
rupay_ru02,rupay,1,1,1,1,1,0,1,6,117,0,9763.28,ecommerce,1,1
amex_A02,amex,1,0,0,1,1,0,0,12,3,1,821.79,healthcare,2,1
mc_4834,mc,1,0,1,0,0,0,1,36,4,0,6215.08,retail,2,0
mc_4863,mc,1,1,0,0,0,0,0,24,83,0,206.14,ecommerce,0,1
mc_4871,mc,0,1,1,0,1,0,0,9,22,0,6249.05,healthcare,2,1
mc_4850,mc,1,1,1,1,0,1,0,37,4,0,496.57,saas,2,1
rupay_1062,rupay,0,0,1,1,1,1,1,39,106,0,5337.08,ecommerce,1,1
visa_10.5,visa,0,0,1,1,0,0,0,22,118,2,3671.66,retail,1,1
visa_10.4,visa,0,1,0,1,1,0,1,2,109,0,6038.78,ecommerce,1,0
visa_12.5,visa,0,0,1,1,0,0,0,7,117,1,5073.67,fintech,0,0
mc_4812,mc,1,1,1,1,1,1,0,43,18,0,1005.19,ecommerce,2,1
rupay_ru02,rupay,0,1,0,1,0,0,0,19,74,0,488.01,travel,1,0
visa_12.1,visa,1,1,1,1,1,0,0,11,11,0,10698.95,fintech,2,1
visa_13.1,visa,1,1,1,0,0,1,0,20,115,0,6765.45,fintech,1,1
visa_11.2,visa,0,1,1,1,1,0,1,15,108,0,5003.83,retail,2,0
rupay_1065,rupay,1,0,1,1,0,1,1,9,14,0,30883.87,fintech,2,0
rupay_ru01,rupay,0,1,1,0,0,0,1,29,62,0,1454.48,retail,1,1
visa_12.5,visa,1,1,1,1,1,0,0,12,61,1,24744.72,retail,0,0
rupay_ru02,rupay,0,1,1,1,1,0,0,10,71,0,8254.46,retail,1,0
disc_AP,disc,0,1,1,1,1,0,1,26,119,0,12591.2,ecommerce,2,0
visa_13.6,visa,1,0,1,0,0,0,0,43,34,0,27829.99,ecommerce,0,0
rupay_1065,rupay,1,0,1,1,1,0,1,39,119,0,1491.87,healthcare,2,1
amex_C05,amex,0,0,1,1,1,0,0,44,21,0,11052.22,retail,1,1
rupay_ru02,rupay,0,1,1,0,0,0,1,25,107,0,1029.67,retail,1,1
mc_4841,mc,1,1,1,1,1,1,1,33,80,0,691.1,healthcare,2,1
mc_4837,mc,0,0,1,1,0,0,0,13,36,0,1368.2,travel,1,1
rupay_1065,rupay,1,0,1,0,1,0,0,35,107,0,788.87,saas,2,1
rupay_1062,rupay,1,1,1,1,1,1,0,35,59,2,3263.36,saas,2,1
rupay_ru02,rupay,0,0,1,0,1,1,0,12,83,5,21981.33,ecommerce,1,0
mc_4837,mc,0,0,1,1,1,1,1,24,14,0,5304.82,saas,1,0
amex_A02,amex,1,0,1,0,0,0,1,14,80,0,1566.9,retail,2,1
rupay_1065,rupay,1,0,1,0,0,1,0,10,71,2,14756.07,retail,2,1
visa_12.5,visa,1,0,0,0,1,1,0,11,76,1,13714.02,fintech,2,1
mc_4871,mc,0,1,0,0,0,0,0,13,119,2,8059.42,travel,2,0
visa_13.1,visa,1,1,1,1,0,0,1,30,40,0,9518.86,ecommerce,1,0
visa_10.5,visa,1,0,1,1,0,0,1,12,119,0,4929.85,healthcare,1,0
rupay_ru02,rupay,0,1,1,0,0,0,0,22,55,0,12897.58,healthcare,1,1
disc_AA,disc,0,0,0,0,0,1,1,29,68,0,7892.29,healthcare,0,0
visa_10.2,visa,1,1,0,1,1,0,0,36,8,1,13386.07,ecommerce,2,1
rupay_ru01,rupay,0,1,0,1,0,1,1,31,69,3,11450.01,healthcare,1,0
mc_4853,mc,1,0,0,1,1,0,0,31,5,0,8608.83,travel,1,0
amex_C08,amex,0,0,0,0,0,1,0,20,99,0,44583.49,ecommerce,0,0
visa_13.7,visa,1,0,1,1,1,1,0,34,34,8,4880.13,ecommerce,2,0
rupay_1062,rupay,1,1,1,1,1,0,0,30,23,0,3800.7,healthcare,2,0
mc_4808,mc,0,0,0,1,0,0,0,37,61,4,2778.15,saas,2,1
mc_4841,mc,0,0,1,1,1,0,1,15,114,4,202.15,retail,2,0
mc_4870,mc,1,0,1,0,0,0,0,3,54,0,13024.44,healthcare,2,1
mc_4855,mc,1,1,1,1,1,1,0,33,25,0,24531.08,saas,1,1
rupay_ru01,rupay,0,1,1,0,1,0,0,37,1,0,2197.36,retail,1,1
amex_C02,amex,1,0,1,0,0,0,0,9,98,1,4341.38,saas,2,1
visa_13.4,visa,1,0,0,1,0,0,1,37,75,4,6736.77,travel,2,1
amex_R13,amex,0,0,0,1,1,1,0,23,93,0,13690.7,travel,2,1
rupay_ru02,rupay,0,0,1,1,1,0,1,31,36,3,4676.76,ecommerce,0,0
amex_F24,amex,0,1,1,0,1,0,1,3,26,0,11181.21,retail,1,1
visa_13.1,visa,1,0,1,1,1,0,0,13,69,0,2119.02,ecommerce,0,0
visa_10.3,visa,1,1,1,0,0,0,0,37,33,1,5514.21,ecommerce,0,1
rupay_ru01,rupay,0,0,1,0,0,1,0,37,113,5,4760.24,fintech,1,0
visa_13.9,visa,1,0,1,0,1,1,1,3,55,0,1843.76,retail,2,1
visa_11.2,visa,1,1,1,1,0,0,0,41,68,0,4294.91,retail,2,1
amex_F24,amex,1,1,0,0,1,1,1,4,49,2,5785.19,saas,1,1
visa_13.4,visa,1,1,1,1,0,1,1,10,71,2,1722.52,ecommerce,2,1
amex_A02,amex,1,1,1,1,0,0,0,12,47,0,41535.71,retail,2,1
visa_11.2,visa,1,0,0,1,1,0,0,14,30,1,3760.09,ecommerce,2,1
rupay_1065,rupay,1,0,1,1,1,0,0,2,10,1,2233.61,fintech,2,1
disc_CD,disc,0,1,1,1,0,0,0,40,61,0,13901.99,saas,2,0
visa_13.9,visa,1,0,1,1,0,0,0,16,105,2,1387.77,travel,2,0
mc_4863,mc,1,1,1,0,0,0,1,12,109,0,660.84,saas,0,1
visa_12.5,visa,0,1,1,1,1,0,0,11,100,0,3174.04,travel,0,0
mc_4837,mc,1,0,1,0,0,0,0,35,48,0,18531.72,ecommerce,1,1
visa_12.6.1,visa,0,0,1,1,0,1,1,39,98,1,1296.67,fintech,2,1
mc_4855,mc,0,1,0,0,1,0,0,23,3,1,8364.72,travel,1,0
visa_13.9,visa,0,1,1,1,0,0,0,32,108,2,4777.99,retail,2,1
rupay_ru01,rupay,1,1,0,0,1,0,1,35,61,0,2499.23,fintech,1,1
rupay_ru01,rupay,1,1,0,1,1,1,0,27,46,3,2801.18,travel,1,1
amex_C31,amex,0,0,1,0,0,0,0,15,78,0,5954.79,travel,2,1
mc_4863,mc,0,0,0,1,0,0,0,1,108,0,5627.38,retail,0,0
mc_4812,mc,1,1,0,1,0,0,1,33,82,2,2214.34,saas,2,1
visa_12.1,visa,1,0,1,1,1,0,0,45,22,0,2869.09,fintech,2,1
visa_13.3,visa,0,0,1,0,0,0,0,15,113,2,25937.79,healthcare,0,0
mc_4863,mc,1,1,1,0,1,1,1,41,92,4,10031.17,retail,2,1
mc_4871,mc,1,0,1,1,0,1,0,2,113,1,2675.1,healthcare,2,1
rupay_ru01,rupay,1,0,1,0,0,0,1,14,97,0,2546.15,healthcare,1,0
rupay_1085,rupay,1,1,1,1,0,1,0,35,25,0,3896.8,fintech,0,1
visa_13.9,visa,1,0,1,1,1,1,0,35,87,0,3207.44,fintech,2,1
visa_10.2,visa,1,0,1,1,1,0,0,12,24,0,1805.39,fintech,2,1
mc_4863,mc,1,0,1,1,0,1,0,36,9,0,1188.99,ecommerce,2,1
visa_13.9,visa,0,1,1,1,1,1,0,26,2,3,1788.01,fintech,2,1
disc_UD,disc,1,1,1,0,1,1,0,37,115,0,580.83,ecommerce,2,1
visa_13.1,visa,0,1,1,0,0,1,1,7,117,1,836.62,retail,2,0
rupay_ru01,rupay,1,1,0,1,1,0,0,9,35,1,18631.46,saas,1,1
visa_11.2,visa,1,0,1,0,1,1,0,1,104,0,11227.77,retail,2,1
visa_13.9,visa,0,1,1,1,0,1,1,25,37,4,2549.85,retail,2,0
visa_13.3,visa,1,0,1,0,0,1,1,42,12,0,8192.86,healthcare,0,0
rupay_1062,rupay,1,1,0,1,0,0,0,19,110,1,2991.47,retail,1,0
rupay_1062,rupay,1,0,1,0,0,0,0,18,26,0,27048.11,fintech,0,0
visa_12.6.1,visa,0,1,1,1,1,1,1,29,70,0,15399.71,ecommerce,2,1
visa_13.9,visa,1,0,1,0,0,0,1,35,70,1,2178.8,retail,2,1
visa_13.1,visa,1,1,0,1,1,1,0,13,45,0,587.44,travel,1,1
visa_13.4,visa,0,1,0,1,1,1,1,43,27,0,356.12,ecommerce,2,1
mc_4871,mc,1,0,0,1,1,0,0,17,43,1,14820.31,travel,2,1
rupay_1062,rupay,1,0,1,1,1,0,1,42,102,0,1352.68,ecommerce,1,1
rupay_1085,rupay,1,0,0,0,1,1,1,16,24,1,16699.69,fintech,2,1
rupay_1065,rupay,1,0,1,0,0,1,1,5,48,4,2979.73,fintech,2,0
amex_C18,amex,1,1,1,0,0,0,0,9,63,0,1825.67,saas,2,1
mc_4870,mc,0,0,1,0,1,0,0,20,112,4,4328.97,saas,2,1
visa_11.3,visa,1,1,1,0,0,1,0,34,76,0,5714.96,travel,2,1
rupay_ru02,rupay,0,0,1,1,1,1,0,13,109,1,12649.47,travel,1,0
mc_4850,mc,1,0,1,1,0,0,1,24,11,2,5432.05,saas,2,1
rupay_ru01,rupay,1,1,0,1,0,0,0,17,1,2,2958.55,healthcare,1,1
mc_4870,mc,1,1,0,0,0,0,0,16,79,0,3347.86,healthcare,2,1
visa_13.1,visa,1,1,1,0,0,0,0,6,64,0,3756.83,ecommerce,1,1
rupay_1065,rupay,0,0,1,0,1,1,1,44,114,0,1423.18,fintech,2,0
mc_4812,mc,0,0,0,1,1,0,0,5,29,2,8466.69,fintech,2,0
rupay_1065,rupay,0,1,1,0,1,1,0,8,86,0,8973.49,retail,2,1
mc_4870,mc,0,1,1,1,0,0,1,19,91,0,30793.18,fintech,2,1
rupay_ru02,rupay,1,0,1,0,1,1,0,44,56,0,671.46,fintech,1,1
rupay_1085,rupay,1,0,0,1,0,1,1,24,10,1,2191.22,fintech,0,0
visa_13.5,visa,0,1,0,1,0,1,1,27,100,4,32372.82,healthcare,2,0
amex_A01,amex,0,0,1,1,0,0,0,16,102,0,18654.87,retail,2,1
rupay_ru01,rupay,1,1,0,0,1,1,1,16,79,0,11464.11,ecommerce,1,1
visa_12.6.1,visa,0,1,0,1,0,0,1,42,72,8,3524.45,ecommerce,2,0
rupay_ru01,rupay,1,1,1,1,0,0,0,7,120,0,2744.93,saas,2,1
visa_10.5,visa,1,0,1,1,0,0,0,14,94,0,13111.76,travel,1,1
mc_4853,mc,1,1,1,0,0,0,0,45,33,0,8003.19,retail,1,0
mc_4853,mc,1,0,0,0,0,0,0,6,24,1,782.71,saas,0,0
rupay_ru01,rupay,0,1,0,0,0,1,0,6,77,2,5727.4,healthcare,1,0
mc_4812,mc,0,1,1,1,1,1,0,26,22,0,28325.32,travel,2,1
mc_4808,mc,1,1,1,1,1,0,1,39,76,1,3415.99,retail,2,1
visa_12.1,visa,0,0,0,1,1,0,1,44,64,5,31192.16,fintech,2,0
mc_4870,mc,0,0,1,1,1,0,1,8,3,1,24327.41,retail,2,1
visa_11.1,visa,0,1,0,0,0,0,1,26,78,1,2482.01,travel,2,0
amex_F14,amex,1,1,1,1,1,0,1,33,78,0,5974.52,travel,0,1
disc_UA,disc,0,1,1,1,0,1,0,44,51,2,19836.88,healthcare,2,1
amex_C28,amex,1,1,1,0,1,1,1,24,63,0,4330.75,travel,2,1
amex_A08,amex,1,1,1,0,1,0,1,12,58,0,3958.73,retail,2,1
disc_UD,disc,1,1,1,1,0,0,1,10,86,1,14008.71,healthcare,2,1
amex_M10,amex,1,1,0,0,0,0,1,35,117,0,3317.45,ecommerce,2,1
mc_4853,mc,1,1,1,1,0,0,0,4,99,0,2248.91,saas,1,1
visa_13.6,visa,0,1,0,1,1,0,1,32,102,0,15538.46,travel,2,1
mc_4841,mc,0,0,0,0,0,0,0,17,118,0,7056.08,travel,0,0
rupay_ru01,rupay,1,0,1,0,0,0,1,14,45,1,17227.21,healthcare,1,1
visa_13.2,visa,0,0,1,1,1,1,0,9,40,0,916.88,retail,1,0
visa_11.2,visa,1,0,1,0,0,0,0,6,26,0,16054.1,travel,2,1
visa_13.6,visa,1,1,1,1,0,0,1,7,39,1,3443.34,healthcare,0,0
disc_RM,disc,0,1,1,1,0,1,1,16,111,0,7300.61,retail,2,0
visa_12.5,visa,1,0,1,0,1,1,0,38,103,8,15332.75,ecommerce,2,0
rupay_1085,rupay,0,1,0,0,1,1,0,31,81,0,3981.69,saas,2,1
visa_11.1,visa,1,0,1,1,0,0,0,35,38,4,436.39,fintech,2,1
rupay_1065,rupay,0,0,1,1,0,0,0,24,38,0,4881.8,healthcare,2,1
visa_13.3,visa,1,1,1,0,0,1,0,45,37,0,2256.57,retail,0,0
amex_F30,amex,0,1,0,0,0,0,0,32,87,3,2222.88,ecommerce,2,0
visa_10.2,visa,1,1,0,0,0,0,0,19,69,0,157.75,ecommerce,2,1
mc_4863,mc,1,1,1,0,0,0,0,37,54,1,8868.67,fintech,0,1
visa_13.4,visa,1,1,1,0,0,0,0,21,94,1,5184.15,saas,2,1
rupay_1065,rupay,1,0,0,0,1,0,1,10,89,8,7906.07,fintech,2,0
rupay_1085,rupay,1,1,1,0,0,0,0,43,27,3,15483.46,fintech,0,1
mc_4870,mc,1,1,1,1,0,0,0,2,17,0,4613.3,fintech,2,1
visa_10.5,visa,0,1,1,1,1,1,1,8,30,2,6896.89,healthcare,2,0
amex_C02,amex,1,1,0,0,0,0,1,5,4,0,2742.04,retail,2,1
amex_A01,amex,0,1,1,1,0,1,0,31,83,1,975.66,retail,2,0
mc_4841,mc,1,0,1,1,1,1,0,24,110,2,6094.01,travel,1,0
mc_4853,mc,1,1,1,0,0,0,0,33,87,0,457.9,travel,1,1
amex_F31,amex,1,0,1,0,0,0,0,24,83,0,4203.11,fintech,2,1
mc_4834,mc,1,1,1,0,1,0,0,10,9,2,44598.88,healthcare,2,0
visa_13.3,visa,1,1,1,1,0,0,1,5,26,0,9765.08,retail,0,0
visa_13.2,visa,1,1,1,0,1,0,0,39,81,1,2296.5,travel,1,1
mc_4850,mc,0,1,1,1,1,1,1,22,103,0,1117.06,ecommerce,2,0
visa_10.4,visa,1,0,1,0,0,1,0,11,48,4,17628.25,fintech,1,1
rupay_ru01,rupay,1,1,1,1,1,1,0,25,48,2,21201.79,healthcare,2,1
mc_4834,mc,0,1,1,1,0,0,0,12,107,1,3965.04,healthcare,2,1
mc_4834,mc,1,1,1,0,1,0,0,6,14,0,7387.55,ecommerce,2,1
rupay_ru01,rupay,1,0,1,1,1,0,0,14,112,0,2733.23,ecommerce,1,0
visa_13.3,visa,1,0,1,1,1,1,1,23,25,1,4320.11,retail,2,1
rupay_ru01,rupay,1,1,1,1,1,0,0,18,94,1,4995.25,ecommerce,2,1
amex_C04,amex,1,0,1,0,1,0,0,13,92,0,2725.04,fintech,2,1
mc_4850,mc,0,0,0,0,1,0,0,39,118,2,25798.42,retail,2,0
rupay_ru02,rupay,1,1,1,1,0,0,0,35,73,0,2702.93,ecommerce,1,0
disc_DP,disc,1,0,1,1,0,0,0,24,42,0,6710.65,travel,2,1
visa_10.1,visa,1,0,0,1,0,0,1,45,96,0,2124.12,healthcare,2,1
visa_13.6,visa,1,0,0,1,0,0,1,23,74,1,16468.92,fintech,0,0
visa_12.5,visa,1,1,0,1,1,1,1,13,20,2,1219.7,travel,2,1
visa_10.1,visa,1,0,0,0,1,1,1,18,7,3,177.94,travel,2,1
rupay_1065,rupay,1,1,1,1,1,0,0,39,24,0,14315.05,fintech,2,1
amex_C08,amex,0,1,0,0,0,0,0,31,87,1,390.83,travel,1,0
rupay_1062,rupay,1,1,0,1,1,0,1,36,40,0,3173.54,saas,2,1
mc_4870,mc,0,0,1,1,1,0,1,11,87,0,8940.36,saas,2,1
visa_13.2,visa,0,1,1,0,0,0,1,1,40,4,30818.51,healthcare,1,0
visa_13.1,visa,1,1,0,0,1,1,0,14,27,0,1234.2,retail,1,0
visa_13.3,visa,1,0,1,0,0,1,1,8,118,0,1150.44,retail,0,0
mc_4870,mc,1,1,1,1,1,0,1,16,12,0,6395.95,healthcare,2,1
rupay_ru01,rupay,0,0,1,1,0,0,1,4,52,0,10446.0,ecommerce,1,1
mc_4841,mc,1,1,1,0,0,1,0,10,66,4,23382.83,fintech,0,1
visa_12.1,visa,0,0,0,1,1,1,0,23,88,0,1143.18,saas,2,1
mc_4837,mc,0,1,1,0,0,0,1,11,106,0,47539.45,ecommerce,1,0
rupay_1062,rupay,0,1,1,1,0,0,1,37,71,0,21143.41,saas,1,0
rupay_1065,rupay,0,1,1,1,0,0,0,22,17,0,1779.9,retail,2,1
rupay_1065,rupay,0,0,0,1,0,1,1,6,63,0,2129.41,fintech,2,1
amex_C31,amex,1,0,0,0,0,0,0,22,61,0,1950.13,retail,2,1
visa_11.3,visa,1,0,0,1,1,0,1,10,96,2,1599.69,healthcare,2,0
mc_4870,mc,0,1,1,1,0,0,1,37,120,0,19000.9,ecommerce,2,1
rupay_1062,rupay,1,1,0,0,0,1,1,42,27,0,1337.97,travel,1,0
visa_11.3,visa,1,1,1,0,0,0,1,40,19,0,8330.6,ecommerce,2,1
disc_RG,disc,0,1,0,1,1,0,1,43,111,2,2503.16,travel,2,0
visa_12.5,visa,0,1,1,1,1,1,1,12,119,0,1642.72,ecommerce,2,0
rupay_1062,rupay,0,1,0,1,0,0,0,24,43,2,12877.08,healthcare,1,1
rupay_1085,rupay,1,1,0,1,1,1,1,4,35,3,9581.06,ecommerce,2,0
visa_13.3,visa,1,0,1,1,1,0,1,20,35,1,15461.65,travel,2,1
visa_10.2,visa,1,1,0,1,0,0,0,10,84,0,8380.04,healthcare,2,1
visa_12.1,visa,0,0,1,1,1,0,1,34,96,0,13066.59,ecommerce,2,0
visa_11.2,visa,1,0,1,0,1,0,1,38,92,0,9241.45,healthcare,2,1
rupay_ru01,rupay,1,0,1,0,1,1,0,41,101,1,15498.66,saas,1,1
amex_C28,amex,0,1,0,1,0,0,1,11,46,0,3762.2,saas,2,1
disc_RG,disc,1,1,1,0,1,0,0,29,91,0,6584.83,retail,1,0
amex_A08,amex,0,0,0,1,0,0,0,10,58,0,8334.34,retail,2,0
mc_4870,mc,1,0,1,1,1,0,1,31,60,0,111.61,ecommerce,2,1
visa_10.3,visa,1,1,1,1,1,0,0,35,55,1,4915.68,travel,0,1
visa_10.3,visa,0,1,1,1,1,0,1,11,10,1,4469.2,fintech,0,1
disc_IC,disc,1,0,1,0,0,0,1,14,103,2,1307.91,fintech,0,0
visa_13.4,visa,1,0,1,1,0,0,0,38,97,0,435.42,saas,2,1
rupay_ru02,rupay,0,1,0,1,0,1,1,5,95,0,1724.36,ecommerce,2,1
rupay_ru02,rupay,1,1,1,1,0,0,0,43,93,0,2680.8,fintech,1,0
amex_A08,amex,1,0,1,1,0,0,0,40,57,1,4529.57,retail,2,1
rupay_ru02,rupay,1,1,0,0,1,0,1,6,33,1,5747.99,ecommerce,1,1
disc_UD,disc,0,0,1,0,0,0,1,34,119,4,7326.89,travel,1,0
mc_4853,mc,0,1,0,1,0,0,0,7,86,3,12268.6,fintech,1,0
rupay_1085,rupay,1,0,1,1,1,0,0,27,44,1,7573.23,ecommerce,2,1
visa_10.2,visa,0,0,0,1,1,1,0,43,21,0,253.78,ecommerce,2,1
visa_13.9,visa,1,1,1,1,1,1,0,6,108,0,1814.95,saas,2,1
visa_13.3,visa,0,1,0,0,0,0,0,12,74,0,32275.55,fintech,0,0
rupay_1065,rupay,0,1,1,1,0,0,1,19,95,3,22588.1,travel,2,1
visa_13.8,visa,0,1,1,0,0,1,1,31,106,8,5938.56,retail,0,0
visa_13.3,visa,1,1,1,0,0,1,1,21,116,0,5132.13,ecommerce,0,0
mc_4808,mc,1,1,1,1,1,1,0,37,3,1,30547.91,ecommerce,2,1
mc_4855,mc,1,1,1,1,0,0,0,10,61,0,26869.98,fintech,1,1
mc_4808,mc,1,1,1,1,1,1,1,40,21,2,6186.33,retail,2,1
mc_4834,mc,1,0,1,1,0,0,0,10,3,0,668.47,retail,2,1
amex_C02,amex,0,0,0,1,1,0,0,37,91,0,6180.78,healthcare,2,1
visa_13.2,visa,1,1,1,1,0,1,0,32,24,1,1403.45,ecommerce,0,0
rupay_ru01,rupay,0,1,0,1,0,0,0,21,21,2,29040.9,ecommerce,1,1
visa_10.1,visa,0,0,0,1,1,0,1,13,94,0,13665.77,healthcare,2,1
rupay_1062,rupay,1,1,0,1,0,1,0,18,42,0,18317.1,fintech,1,0
visa_12.1,visa,1,0,1,0,0,0,0,30,57,1,7030.23,healthcare,2,1
amex_C04,amex,1,1,1,0,0,0,1,27,35,3,3049.87,healthcare,0,0
rupay_1065,rupay,1,0,1,0,0,0,1,44,112,0,4417.09,fintech,2,1
disc_RM,disc,1,0,0,0,1,0,0,42,98,0,9994.24,retail,2,1
visa_13.9,visa,0,1,1,1,1,0,1,27,115,2,2993.05,saas,2,0
visa_13.9,visa,1,0,0,1,0,0,1,26,90,0,6674.5,ecommerce,2,1
amex_F14,amex,1,0,0,0,1,1,1,5,39,0,5418.96,travel,2,1
mc_4871,mc,0,1,1,1,0,1,1,29,45,8,652.8,saas,2,1
mc_4871,mc,0,1,1,0,1,0,0,11,86,8,13231.36,ecommerce,2,0
visa_13.4,visa,1,0,1,0,1,1,1,8,20,0,10587.9,retail,2,1
mc_4850,mc,1,1,1,1,1,0,0,39,60,0,17802.27,healthcare,2,1
mc_4837,mc,1,1,0,1,0,0,0,36,15,2,2867.9,saas,1,1
rupay_ru02,rupay,1,1,0,1,1,1,1,39,67,0,6460.11,healthcare,2,1
visa_12.1,visa,1,1,1,1,1,1,0,18,80,0,3581.54,fintech,2,1
visa_10.3,visa,0,1,1,0,0,1,0,19,19,1,15902.58,ecommerce,2,1
disc_DP,disc,0,1,0,0,0,1,0,25,60,1,7103.03,saas,2,1
visa_12.5,visa,1,1,1,1,0,1,1,31,117,0,10386.8,retail,2,0
rupay_1065,rupay,1,1,0,1,1,1,1,16,59,0,933.14,ecommerce,2,1
visa_10.3,visa,0,1,0,1,0,0,0,18,90,2,20298.04,retail,0,0
disc_UD,disc,0,0,1,1,1,0,0,27,96,0,24396.48,fintech,1,1
rupay_ru01,rupay,0,0,1,1,0,0,0,40,87,1,100.88,saas,1,1
visa_13.8,visa,1,0,1,1,1,0,0,18,24,0,1469.37,retail,2,1
rupay_ru02,rupay,1,1,1,1,0,0,0,27,74,3,7676.26,healthcare,1,0
amex_F24,amex,1,1,1,0,0,0,0,30,40,0,31184.21,saas,1,1
visa_12.5,visa,1,0,1,0,0,1,1,33,30,0,3297.81,saas,2,1
rupay_1065,rupay,0,0,1,1,1,0,0,24,78,4,15690.91,saas,2,0
rupay_ru02,rupay,0,1,1,0,1,1,0,11,29,4,4404.13,ecommerce,2,0
mc_4870,mc,1,0,1,1,1,0,0,27,72,4,10914.94,ecommerce,2,1
visa_13.1,visa,1,0,1,1,1,0,0,27,73,0,7113.82,saas,0,0
visa_11.2,visa,1,1,1,1,1,0,1,6,48,0,26974.93,saas,2,1
rupay_ru02,rupay,1,0,1,1,1,1,0,5,55,2,18936.68,fintech,1,0
visa_12.6.1,visa,1,1,1,0,1,1,1,20,83,0,3340.63,travel,2,1
visa_13.1,visa,1,1,1,1,0,0,1,27,63,1,10657.04,ecommerce,1,0
rupay_ru01,rupay,0,1,1,1,1,0,0,18,95,1,7820.05,travel,2,1
visa_11.2,visa,1,0,0,1,1,0,0,15,77,4,432.43,fintech,2,1
visa_12.5,visa,0,0,0,1,0,1,0,38,110,2,9974.11,saas,2,0
visa_13.9,visa,1,0,1,0,1,0,1,43,93,1,16497.03,saas,2,0
rupay_1085,rupay,0,0,0,1,0,0,0,37,49,3,8527.54,saas,0,0
visa_13.4,visa,0,0,0,0,0,0,0,35,20,0,21875.64,saas,2,1
rupay_1085,rupay,1,1,1,1,1,0,1,42,26,1,11852.36,fintech,2,1
visa_13.3,visa,1,0,1,1,0,0,0,7,110,1,11346.34,retail,0,0
visa_11.2,visa,0,1,1,0,0,0,1,3,32,0,11898.62,travel,2,1
visa_11.1,visa,1,0,1,1,0,0,1,43,50,3,21423.93,healthcare,2,0
mc_4834,mc,1,0,1,1,1,0,0,4,68,0,14245.54,travel,2,1
rupay_ru02,rupay,0,0,1,0,1,0,0,44,115,1,24561.57,retail,0,0
rupay_1085,rupay,1,0,1,1,0,0,1,21,95,0,1540.69,ecommerce,0,0
visa_10.3,visa,1,1,1,1,0,0,0,15,24,0,15828.86,ecommerce,0,0
visa_10.5,visa,1,1,1,1,1,0,1,18,76,1,33425.77,ecommerce,2,1
visa_11.3,visa,0,0,1,1,1,1,0,41,74,0,2765.44,fintech,2,1
amex_R13,amex,1,1,1,1,0,0,0,37,30,0,5984.67,ecommerce,2,1
rupay_ru02,rupay,0,1,1,0,0,1,1,13,28,0,1691.92,ecommerce,2,1
visa_10.4,visa,0,0,1,1,1,0,1,35,74,0,1126.4,healthcare,1,1
visa_13.3,visa,1,1,1,1,1,0,0,32,38,2,2219.71,saas,2,1
visa_13.5,visa,0,1,1,1,0,0,0,45,43,2,31095.93,healthcare,2,0
visa_10.4,visa,1,0,1,1,0,0,0,18,59,5,1010.62,fintech,1,1
disc_RM,disc,0,1,0,0,0,0,0,27,95,4,4038.35,healthcare,2,0
visa_13.8,visa,1,1,1,1,1,0,1,39,44,0,4122.17,healthcare,2,1
visa_11.2,visa,1,0,1,0,0,0,0,8,40,2,4915.65,fintech,2,0
mc_4863,mc,0,1,1,1,0,0,0,8,91,1,13600.0,saas,0,0
mc_4808,mc,1,0,0,1,0,1,1,18,11,1,1821.39,healthcare,2,1
visa_10.4,visa,0,1,1,0,0,1,1,33,15,0,1399.5,healthcare,1,1
rupay_1062,rupay,1,1,0,1,0,0,0,8,67,0,2626.21,retail,1,1
visa_11.1,visa,1,1,1,1,0,0,1,34,64,4,1595.64,travel,2,0
mc_4812,mc,1,1,0,1,0,0,0,14,110,2,4741.03,retail,2,0
mc_4834,mc,0,0,0,1,0,1,0,45,119,0,8443.95,healthcare,2,1
mc_4808,mc,1,0,1,0,1,1,1,45,4,1,1321.31,healthcare,2,0
rupay_1085,rupay,1,0,0,1,0,0,1,3,110,0,3430.76,healthcare,0,0
rupay_ru01,rupay,1,0,1,1,0,1,0,31,64,4,2839.0,ecommerce,1,1
visa_11.2,visa,0,0,1,0,1,1,0,5,105,2,14343.79,retail,2,1
visa_12.6.1,visa,0,1,1,1,1,0,1,40,119,0,9389.56,saas,2,0
visa_10.1,visa,1,0,0,1,1,1,0,41,68,0,1205.54,retail,2,1
visa_13.3,visa,0,0,1,1,0,0,0,34,69,2,6071.71,saas,0,0
visa_13.5,visa,1,0,1,0,1,0,0,23,35,2,4655.36,retail,2,1
mc_4870,mc,0,1,1,1,0,0,0,8,120,0,8288.24,healthcare,2,0
rupay_1085,rupay,1,1,0,1,0,0,0,14,75,1,4017.9,healthcare,0,1
disc_CD,disc,1,0,0,0,0,0,0,43,16,3,9864.07,travel,2,1
visa_13.6,visa,1,1,1,0,1,1,1,8,118,0,3657.78,retail,2,0
mc_4841,mc,1,0,0,0,0,0,1,29,17,0,10592.11,ecommerce,1,1
rupay_1062,rupay,1,1,0,0,0,1,1,20,15,0,36002.02,fintech,1,1
visa_10.5,visa,1,0,1,1,1,0,0,2,9,0,1167.96,ecommerce,1,1
disc_IC,disc,0,0,1,0,0,1,0,36,111,1,2729.37,healthcare,2,0
rupay_1062,rupay,0,0,0,1,0,1,0,23,113,2,522.98,fintech,0,0
visa_10.1,visa,1,1,1,1,0,0,0,44,41,0,253.05,saas,2,1
mc_4870,mc,1,1,1,0,1,1,0,8,23,1,3706.77,ecommerce,2,1
rupay_ru02,rupay,1,1,1,0,1,0,0,6,7,0,10020.27,travel,1,0
rupay_ru01,rupay,0,0,1,1,1,0,1,45,20,4,289.24,ecommerce,1,1
rupay_ru01,rupay,0,1,1,0,1,0,0,41,109,0,4597.12,healthcare,1,1
mc_4855,mc,1,1,1,1,1,1,1,28,25,1,4877.73,saas,2,1
amex_M49,amex,0,1,1,1,0,0,1,9,35,1,22311.49,ecommerce,2,1
rupay_1085,rupay,1,0,1,0,0,0,0,45,66,0,6732.03,saas,0,0
visa_11.1,visa,1,0,1,1,1,0,0,24,118,0,2845.41,fintech,2,1
mc_4837,mc,1,1,0,0,0,0,0,45,105,5,3094.81,travel,1,1
mc_4837,mc,0,0,1,1,0,0,1,30,106,0,2414.54,saas,1,0
rupay_1085,rupay,1,1,0,1,1,0,0,38,37,3,4151.49,healthcare,2,1
mc_4812,mc,1,0,0,0,1,0,1,40,30,0,18604.65,travel,2,1
rupay_1062,rupay,0,0,0,0,0,0,0,25,26,0,4418.41,fintech,0,0
rupay_1085,rupay,1,1,0,0,0,0,1,31,82,0,101.96,retail,0,0
rupay_1062,rupay,0,0,1,1,1,0,0,13,17,2,500.84,retail,1,1
mc_4841,mc,1,0,1,0,0,0,1,16,114,0,17473.7,saas,1,0
amex_P08,amex,1,1,1,0,1,1,0,1,87,0,12149.3,fintech,2,1
mc_4841,mc,1,0,1,1,0,0,0,2,110,0,15995.58,ecommerce,0,0
amex_F14,amex,0,0,1,0,1,1,0,41,14,0,6646.62,fintech,2,0
visa_13.9,visa,0,0,0,1,0,0,0,29,113,0,2617.23,saas,2,1
mc_4841,mc,0,1,0,1,1,0,0,25,29,0,9275.66,saas,1,0
rupay_ru02,rupay,1,0,1,0,0,0,0,10,43,1,1984.51,saas,0,1
visa_10.3,visa,0,1,1,1,0,1,0,36,90,2,1657.55,travel,2,1
rupay_1065,rupay,1,1,1,1,1,0,1,18,21,1,26875.02,travel,2,1
visa_13.3,visa,0,1,1,1,1,0,1,31,53,1,216.53,retail,2,1
visa_12.5,visa,1,0,1,1,0,0,0,35,12,0,16098.32,travel,0,1
visa_11.2,visa,0,1,1,1,1,1,1,24,53,0,3048.44,retail,2,0
mc_4871,mc,1,0,1,0,1,0,1,29,41,1,2879.89,travel,2,1
visa_10.4,visa,1,0,0,1,1,0,1,29,105,0,8960.85,fintech,1,0
visa_13.1,visa,1,1,1,1,1,0,0,5,50,1,10430.58,fintech,1,0
rupay_ru02,rupay,1,1,0,0,1,0,0,28,7,1,624.89,ecommerce,1,0
visa_13.4,visa,1,1,1,1,1,0,0,30,87,0,7711.18,retail,2,1
mc_4841,mc,0,0,0,1,0,0,0,23,18,0,2443.84,fintech,0,0
visa_13.8,visa,0,1,1,1,1,1,0,5,86,0,23165.3,healthcare,2,1
rupay_1085,rupay,0,0,0,1,0,0,0,32,16,0,597.54,healthcare,0,0
visa_11.2,visa,1,0,1,1,0,0,1,43,10,1,240.9,travel,2,1
visa_12.1,visa,0,1,0,0,1,1,0,33,25,2,2220.95,ecommerce,2,1
mc_4871,mc,1,0,0,0,1,0,1,13,13,0,3486.72,ecommerce,2,1
rupay_1065,rupay,1,1,1,1,0,1,1,17,61,0,554.49,retail,2,0
mc_4870,mc,1,1,1,1,0,1,0,27,27,0,9285.99,travel,2,1
rupay_ru01,rupay,1,0,1,0,1,1,1,5,92,0,1553.91,retail,1,1
disc_UA,disc,1,1,1,1,1,0,0,1,71,8,7010.2,retail,1,0
visa_13.6,visa,0,1,1,1,1,0,1,38,39,0,23617.72,saas,2,1
visa_13.4,visa,1,1,0,1,0,0,0,42,42,1,2675.74,fintech,2,1
visa_10.1,visa,1,0,1,1,1,0,0,38,110,1,672.24,retail,2,1
rupay_1065,rupay,1,0,0,0,0,0,1,10,107,3,2969.98,travel,2,0
mc_4871,mc,0,0,1,0,1,0,1,36,110,1,17250.84,ecommerce,2,0
visa_12.6.1,visa,0,0,0,1,0,0,0,22,86,0,5532.53,fintech,2,1
rupay_1065,rupay,0,0,1,0,0,1,0,30,22,0,5265.79,travel,2,1
visa_10.4,visa,1,1,1,1,0,0,0,13,46,1,20690.86,travel,1,1
rupay_1062,rupay,0,0,1,1,0,0,1,23,105,0,24718.85,fintech,0,0
disc_RG,disc,1,0,1,1,0,1,0,22,16,2,34437.32,saas,0,0
rupay_1065,rupay,1,0,0,0,1,0,0,28,45,4,5116.46,healthcare,2,0
disc_nan,disc,0,0,0,0,1,0,0,16,68,0,290.57,travel,2,1
visa_11.1,visa,0,0,1,0,0,0,1,7,86,1,2846.62,healthcare,2,0
mc_4855,mc,0,1,0,1,0,1,1,36,113,0,10410.53,retail,2,1
visa_13.1,visa,1,0,1,1,0,1,1,5,24,0,1770.81,saas,1,1
visa_10.5,visa,1,1,1,0,1,0,1,1,48,1,7096.67,travel,1,1
amex_C28,amex,1,0,1,1,1,0,1,38,9,0,5728.22,fintech,2,1
amex_A01,amex,0,0,0,0,1,0,0,25,62,0,24093.44,healthcare,2,0
rupay_1065,rupay,0,0,1,1,1,0,1,4,17,0,1744.57,saas,2,1
mc_4812,mc,0,0,1,0,1,1,0,34,12,1,1265.83,saas,2,1
visa_11.3,visa,1,1,0,0,1,0,1,32,96,1,9897.52,travel,2,1
rupay_ru01,rupay,1,0,1,0,1,0,0,35,18,0,9144.85,travel,1,1
visa_13.7,visa,0,1,1,0,1,1,0,11,5,0,1048.47,fintech,2,1
rupay_1065,rupay,1,0,0,0,1,0,0,6,103,0,26061.13,saas,2,1
disc_UD,disc,0,0,1,0,0,1,0,21,107,5,2009.89,saas,1,0
visa_12.1,visa,1,0,0,0,1,0,1,31,61,0,14901.96,ecommerce,2,1
disc_DP,disc,1,0,1,0,0,0,1,40,101,0,192.78,fintech,2,1
mc_4850,mc,1,1,1,1,0,0,0,42,101,1,4922.55,saas,2,1
visa_13.6,visa,1,0,1,1,0,0,0,18,64,0,7461.87,fintech,0,0
amex_C31,amex,1,0,1,1,0,0,1,45,112,0,4811.39,retail,2,1
visa_13.8,visa,0,1,1,1,1,0,1,32,120,4,7291.83,fintech,2,0
rupay_1062,rupay,1,1,1,0,1,0,1,19,64,4,3552.25,healthcare,2,0
mc_4853,mc,1,0,0,1,0,0,0,37,58,1,6636.99,travel,0,0
rupay_1085,rupay,0,1,0,1,1,0,1,15,4,0,9486.68,ecommerce,2,1
visa_13.2,visa,1,0,0,1,0,0,1,27,114,3,6029.27,retail,1,1
visa_12.5,visa,1,1,1,1,1,0,0,40,76,3,12540.91,fintech,0,0
visa_13.1,visa,0,1,1,0,1,1,1,41,15,0,3008.01,travel,2,1
rupay_1062,rupay,0,1,1,0,1,0,0,8,99,0,9729.62,travel,2,1
amex_F30,amex,1,0,1,1,1,1,1,42,52,1,2973.8,ecommerce,2,1
visa_10.5,visa,1,1,1,1,1,0,0,39,43,1,3168.28,healthcare,2,1
mc_4871,mc,0,1,1,1,0,1,0,10,11,1,488.88,saas,2,1
visa_13.2,visa,0,0,1,1,1,0,0,33,83,0,528.93,ecommerce,1,1
mc_4855,mc,0,1,1,1,1,0,0,28,81,0,21940.01,retail,1,1
mc_4808,mc,1,0,1,1,0,0,0,45,32,0,1896.51,healthcare,2,1
rupay_1062,rupay,0,0,1,0,0,0,0,35,119,0,1949.96,healthcare,0,0
visa_12.6.1,visa,1,0,1,1,1,0,0,27,15,1,13766.09,ecommerce,2,1
mc_4808,mc,1,1,1,0,1,0,1,31,66,5,13777.11,saas,2,1
visa_10.5,visa,0,1,1,0,0,0,1,14,73,0,3533.81,travel,1,1
mc_4870,mc,1,0,1,1,0,0,1,14,64,0,13357.16,fintech,2,1
visa_13.2,visa,1,1,1,1,0,0,1,26,3,2,9092.69,ecommerce,1,1
visa_10.5,visa,1,1,1,0,1,1,1,26,13,1,3664.82,saas,1,1
rupay_1085,rupay,1,1,1,1,0,0,0,21,96,2,740.88,retail,0,0
mc_4871,mc,1,1,0,0,1,0,1,14,7,0,5713.69,retail,2,1
mc_4853,mc,0,1,1,1,1,0,1,31,83,1,9265.81,fintech,2,1
rupay_ru01,rupay,1,1,1,1,1,0,1,32,18,0,581.48,ecommerce,2,1
mc_4837,mc,1,0,1,0,1,1,1,26,23,0,312.65,fintech,1,1
mc_4808,mc,1,0,1,0,0,0,1,8,85,3,1589.19,saas,2,0
amex_M10,amex,0,0,0,1,0,0,0,35,83,1,13285.83,retail,2,1
rupay_1062,rupay,1,1,1,1,0,0,1,3,111,1,295.26,saas,1,0
visa_10.4,visa,0,1,0,0,0,1,0,11,66,0,1407.42,healthcare,1,0
rupay_ru02,rupay,0,0,1,0,1,1,1,39,2,1,6929.45,saas,1,0
visa_13.1,visa,1,0,0,0,0,0,0,17,13,4,1020.68,healthcare,0,0
mc_4855,mc,1,0,0,1,1,0,0,18,44,0,8191.69,saas,0,1
amex_C31,amex,0,1,1,1,0,0,0,40,43,2,591.0,fintech,2,0
visa_10.2,visa,1,1,1,1,1,1,0,22,3,3,1424.61,ecommerce,2,1
visa_12.1,visa,1,1,1,0,1,0,0,21,87,0,4465.95,fintech,2,1
rupay_ru01,rupay,1,1,1,1,1,1,1,14,54,0,18138.1,ecommerce,2,1
amex_C14,amex,1,1,1,1,0,0,1,44,66,0,1856.83,retail,2,1
rupay_ru01,rupay,0,1,0,1,1,1,1,38,53,1,14931.4,travel,1,1
visa_13.7,visa,1,1,1,1,1,1,1,27,54,4,6103.79,healthcare,2,1
rupay_ru01,rupay,0,0,1,0,1,0,0,15,29,0,10390.74,ecommerce,1,0
visa_13.3,visa,1,0,0,1,1,1,1,16,14,4,8990.21,retail,2,0
visa_13.2,visa,1,0,1,0,0,0,1,37,90,1,12928.64,healthcare,1,1
amex_C31,amex,1,0,1,0,0,1,0,26,71,0,5253.62,saas,2,1
mc_4841,mc,0,1,1,1,1,0,1,40,45,0,12929.21,retail,2,1
mc_4855,mc,0,1,0,0,0,1,0,44,91,0,1514.9,retail,1,0
rupay_1085,rupay,0,0,0,1,1,1,0,25,82,3,17409.36,saas,2,1
visa_10.1,visa,0,1,0,1,0,0,1,28,35,2,764.74,ecommerce,2,0
rupay_ru01,rupay,1,1,1,1,1,0,0,31,83,0,258.67,retail,2,1
mc_4834,mc,0,1,1,1,0,1,1,31,68,0,11534.66,travel,2,1
mc_4871,mc,1,1,1,0,0,0,0,19,107,0,12406.99,ecommerce,2,0
visa_10.2,visa,0,0,1,1,0,1,0,8,74,0,2109.01,saas,2,1
mc_4870,mc,1,1,1,1,1,0,1,27,109,0,2214.72,travel,2,1
visa_13.2,visa,0,1,1,0,1,0,0,10,113,1,4543.21,fintech,1,0
rupay_ru01,rupay,0,1,1,1,0,1,0,35,48,0,5290.97,saas,2,1
disc_AA,disc,1,1,1,1,0,0,0,33,94,0,1741.89,fintech,2,1
rupay_ru02,rupay,1,0,1,1,1,0,0,9,17,1,5419.28,fintech,0,1
visa_12.5,visa,1,0,1,1,0,1,0,10,100,2,1379.79,ecommerce,2,0
rupay_1085,rupay,0,0,1,1,0,1,1,39,10,0,17618.98,saas,0,0
amex_F30,amex,1,1,0,0,1,0,1,33,21,3,39861.37,healthcare,2,1
visa_10.3,visa,1,1,0,0,1,0,0,26,91,1,15395.64,ecommerce,0,0
mc_4853,mc,1,1,0,1,1,0,0,32,97,1,8333.62,fintech,2,1
amex_M10,amex,0,0,0,1,0,0,1,12,89,0,15822.1,healthcare,2,1
visa_11.2,visa,0,1,1,1,0,0,1,40,52,2,2557.3,saas,2,1
visa_13.7,visa,0,1,1,1,0,0,0,6,113,0,39976.28,fintech,2,1
disc_RG,disc,1,0,1,1,0,1,0,38,43,0,2599.6,fintech,0,0
mc_4808,mc,1,1,1,1,0,1,0,28,42,0,5245.68,saas,2,1
visa_12.1,visa,0,0,1,1,1,0,1,18,119,1,5862.61,healthcare,2,1
visa_11.2,visa,1,1,1,1,0,0,1,14,27,0,13946.62,retail,2,1
visa_10.1,visa,1,1,0,0,1,0,0,7,31,0,3395.76,ecommerce,2,1
rupay_1065,rupay,0,1,1,0,1,0,0,16,109,1,7201.02,healthcare,2,1
mc_4853,mc,0,1,1,1,0,0,1,5,103,0,5081.45,healthcare,1,0
rupay_ru02,rupay,1,1,1,0,0,0,1,18,41,0,7197.04,ecommerce,1,1
mc_4834,mc,0,1,1,1,1,0,1,9,78,0,2547.74,travel,2,1
amex_F31,amex,1,1,0,0,0,0,1,26,41,0,1804.07,ecommerce,2,1
visa_11.1,visa,0,0,1,0,0,0,0,30,23,0,611.02,healthcare,2,1
mc_4812,mc,1,1,1,1,0,0,1,11,17,0,4953.39,retail,2,1
amex_M49,amex,1,0,0,0,1,0,0,31,71,0,137.33,fintech,0,0
amex_R03,amex,1,1,1,1,1,0,0,26,60,0,22143.88,retail,1,0
amex_A08,amex,0,0,1,1,1,0,1,2,33,0,4971.01,retail,2,1
visa_11.2,visa,1,1,1,0,0,0,0,21,72,2,3265.7,ecommerce,2,1
mc_4870,mc,1,0,1,1,0,1,0,40,102,0,5032.09,fintech,2,1
mc_4855,mc,1,0,0,0,1,1,0,4,100,4,5510.94,ecommerce,1,0
rupay_ru01,rupay,1,1,1,1,0,1,0,29,19,1,3316.5,ecommerce,2,1
mc_4837,mc,1,1,1,0,0,0,1,35,92,0,5782.66,saas,1,1
rupay_1062,rupay,0,0,1,1,0,0,1,33,119,0,26978.41,saas,0,0
visa_13.9,visa,1,0,1,1,0,0,0,30,26,0,8761.88,ecommerce,2,1
visa_10.5,visa,1,0,1,1,0,0,0,32,25,0,20086.49,fintech,1,1
visa_13.3,visa,1,1,1,1,1,0,0,13,46,0,1561.51,travel,2,1
visa_12.1,visa,1,1,1,1,1,1,1,12,74,0,6354.96,retail,2,1
visa_12.5,visa,1,1,1,0,0,1,1,44,103,1,9607.49,retail,2,1
mc_4837,mc,1,1,1,0,0,0,0,24,71,1,12168.8,fintech,1,1
rupay_ru01,rupay,0,0,1,1,1,0,0,36,53,1,361.11,fintech,1,1
visa_11.3,visa,0,1,1,1,1,1,0,23,67,0,4007.11,fintech,2,1
rupay_ru01,rupay,1,1,1,0,0,1,1,43,16,1,2214.72,saas,1,1
rupay_1062,rupay,0,0,1,1,0,1,1,17,112,0,14307.06,healthcare,0,0
mc_4863,mc,1,1,1,0,1,0,0,20,73,0,15543.26,saas,0,1
disc_AA,disc,1,0,1,1,0,1,0,16,47,0,736.44,fintech,1,1
visa_13.8,visa,0,1,0,1,0,1,0,8,116,0,8191.65,healthcare,0,0
rupay_1085,rupay,0,1,1,1,0,0,0,21,89,0,14211.14,healthcare,0,0
rupay_1065,rupay,0,0,1,1,0,0,0,24,111,0,3868.52,fintech,2,1
visa_13.2,visa,1,1,0,1,0,1,0,19,27,5,6210.64,retail,0,0
mc_4841,mc,1,1,1,1,0,1,0,31,66,1,572.04,fintech,0,0
visa_11.3,visa,1,0,1,0,1,1,0,28,14,0,1648.16,retail,2,1
visa_13.7,visa,0,0,1,1,0,0,0,31,87,1,9373.07,travel,2,1
visa_13.8,visa,1,1,1,1,1,1,0,44,93,0,1941.63,ecommerce,2,1
mc_4808,mc,1,0,0,0,1,0,1,27,92,1,1141.07,travel,2,0
rupay_1085,rupay,0,1,1,1,0,0,1,27,71,0,10199.54,ecommerce,0,0
mc_4850,mc,1,0,0,1,0,0,0,26,94,0,6627.62,travel,2,1
mc_4863,mc,1,1,1,1,0,1,0,28,107,0,3909.66,travel,2,0
mc_4863,mc,0,1,1,0,0,0,0,16,30,0,12820.44,travel,0,1
visa_13.5,visa,0,0,1,1,0,0,0,17,3,3,931.11,saas,2,1
visa_13.7,visa,1,1,0,0,0,1,1,11,21,2,7833.3,retail,2,1
mc_4853,mc,1,1,1,0,1,1,0,37,118,1,8979.83,travel,2,1
rupay_ru02,rupay,1,1,0,1,0,0,0,6,65,1,18949.99,ecommerce,1,1
mc_4837,mc,1,0,0,0,1,0,0,13,61,2,11074.74,fintech,0,0
visa_11.1,visa,1,1,1,1,1,0,0,20,7,1,6751.24,retail,2,1
amex_A01,amex,1,1,0,1,0,0,1,8,110,0,112.47,travel,2,1
rupay_1065,rupay,0,1,0,1,1,0,0,27,47,0,759.43,retail,2,1
amex_F24,amex,1,0,1,0,0,1,0,39,74,1,30269.62,fintech,1,1
visa_12.5,visa,1,1,1,0,1,1,0,2,69,1,4671.38,retail,2,1
rupay_1065,rupay,1,1,0,0,0,1,0,13,61,0,4760.64,ecommerce,2,1
rupay_ru02,rupay,1,1,1,1,1,0,0,7,59,0,6446.69,travel,1,1
visa_12.5,visa,1,0,0,0,1,1,1,41,45,0,8392.13,saas,2,1
disc_AP,disc,0,0,1,1,0,0,1,29,60,0,2637.81,fintech,1,1
visa_10.1,visa,1,0,1,0,0,1,1,17,40,0,25910.08,retail,2,1
mc_4841,mc,0,1,0,1,1,0,0,20,56,4,1174.57,ecommerce,1,0
rupay_1085,rupay,0,1,1,1,1,0,1,41,8,0,8993.41,fintech,2,1
visa_13.9,visa,1,0,0,1,1,0,1,12,83,1,9736.11,healthcare,2,0
amex_R13,amex,1,0,1,0,0,1,0,30,112,1,1258.81,retail,2,1
mc_4808,mc,1,1,0,1,1,0,0,26,22,2,13625.16,travel,2,1
disc_IC,disc,1,1,1,1,1,0,0,6,4,1,2406.86,fintech,0,0
rupay_1062,rupay,1,0,1,1,0,0,0,36,17,0,8744.78,ecommerce,0,0
mc_4841,mc,1,0,0,1,0,0,0,25,63,0,1968.23,retail,0,0
visa_11.1,visa,0,1,1,0,1,0,1,10,101,1,7258.19,healthcare,2,1
disc_CD,disc,1,1,0,1,0,0,1,3,2,0,29650.26,fintech,2,1
visa_13.9,visa,1,0,1,1,0,1,1,26,56,0,9299.56,retail,2,1
amex_C18,amex,0,1,1,1,0,1,0,28,76,0,3241.18,saas,2,1
visa_10.5,visa,1,0,0,1,1,0,1,38,3,0,6447.49,saas,1,1
rupay_ru02,rupay,1,0,0,0,0,0,0,9,28,0,24481.42,healthcare,0,0
mc_4870,mc,0,0,0,1,0,0,1,9,91,0,3109.43,travel,2,0
mc_4871,mc,1,0,0,0,1,0,0,9,71,2,4533.14,retail,2,1
visa_11.1,visa,1,0,1,1,0,0,1,2,36,0,9708.6,retail,2,0
rupay_ru01,rupay,1,1,0,1,1,0,0,26,2,0,18240.24,retail,1,1
disc_nan,disc,0,0,0,0,1,0,0,40,88,3,8741.53,saas,2,1
rupay_1062,rupay,1,0,0,1,1,0,1,20,11,0,1234.47,fintech,1,1
visa_10.1,visa,1,1,1,1,0,1,0,43,76,0,3803.94,healthcare,2,1
mc_4863,mc,0,0,1,1,0,0,1,29,25,0,4170.16,travel,0,0
visa_13.2,visa,1,0,1,1,1,0,0,40,2,0,5932.23,travel,1,0
rupay_ru02,rupay,0,1,0,1,1,0,0,13,80,0,9909.48,fintech,1,1
rupay_ru02,rupay,0,1,1,1,0,0,1,17,93,0,4632.97,saas,1,1
disc_DP,disc,0,0,1,1,0,0,0,6,108,0,5254.35,fintech,2,1
visa_11.1,visa,1,1,1,1,1,0,1,43,84,1,5092.12,fintech,2,1
rupay_ru01,rupay,0,1,1,1,0,0,1,44,15,3,3552.84,saas,2,1
rupay_ru02,rupay,1,0,1,0,0,1,0,41,51,5,325.07,ecommerce,1,0
rupay_1062,rupay,1,0,0,1,0,0,0,40,21,2,2933.91,healthcare,0,0
mc_4850,mc,0,1,1,1,1,0,1,25,54,1,3403.51,ecommerce,2,0
amex_A08,amex,1,1,1,1,0,1,0,7,16,2,1770.59,ecommerce,2,1
rupay_ru01,rupay,0,0,1,1,0,0,0,28,74,0,3277.11,travel,1,1
visa_10.1,visa,1,1,0,1,1,0,1,4,22,0,19577.86,fintech,2,1
rupay_ru01,rupay,1,1,1,1,0,0,0,24,57,1,3710.32,fintech,2,1
visa_13.1,visa,1,0,1,0,0,0,0,11,99,0,1792.85,saas,0,1
mc_4871,mc,0,0,1,0,0,0,0,8,5,0,8762.13,ecommerce,2,1
rupay_1085,rupay,1,0,0,1,1,0,1,10,112,0,8578.87,retail,2,1
rupay_ru01,rupay,1,0,1,0,0,0,0,3,101,0,11020.91,saas,1,1
amex_F24,amex,1,0,1,1,0,0,1,9,78,3,15047.34,travel,1,0
amex_F31,amex,1,0,1,1,0,1,1,8,17,1,8600.66,healthcare,2,1
rupay_1065,rupay,1,1,0,1,1,1,0,18,23,4,30973.29,saas,2,1
mc_4855,mc,1,1,0,1,0,0,0,27,108,1,6686.31,saas,1,0
mc_4870,mc,1,0,1,1,1,1,0,37,81,0,9440.59,fintech,2,1
visa_13.8,visa,1,1,1,0,0,1,0,39,50,0,7921.53,ecommerce,0,0
visa_12.6.1,visa,1,1,1,0,0,0,0,11,88,2,5211.52,healthcare,2,0
visa_12.5,visa,0,1,1,0,0,0,0,14,43,1,2205.35,retail,0,0
mc_4850,mc,0,1,1,1,1,0,0,4,34,0,5852.89,saas,2,0
rupay_ru02,rupay,1,0,1,1,1,1,1,8,98,0,2032.58,travel,1,0
mc_4808,mc,0,1,1,0,1,0,0,15,69,0,5261.35,travel,2,1
mc_4812,mc,1,1,1,0,1,1,0,33,51,0,1402.75,ecommerce,2,1
mc_4850,mc,1,1,1,1,0,0,0,36,110,0,2573.5,ecommerce,2,1
amex_R03,amex,1,0,1,1,0,1,0,37,88,0,31516.42,saas,1,1
mc_4863,mc,0,0,1,1,0,0,0,16,13,2,3093.25,travel,0,0
rupay_1062,rupay,1,1,1,0,0,0,0,5,86,0,1376.06,healthcare,1,1
rupay_ru02,rupay,1,0,1,0,0,1,1,9,61,0,2964.69,fintech,1,1
visa_11.3,visa,1,1,0,1,0,0,1,45,119,0,38798.38,travel,2,1
mc_4834,mc,1,1,1,0,1,0,0,4,11,0,7308.88,travel,2,1
visa_13.2,visa,1,0,1,1,0,1,0,38,120,0,15248.64,fintech,0,0
disc_AA,disc,1,1,1,0,0,0,0,30,19,0,15644.89,ecommerce,2,1
amex_C31,amex,1,0,1,0,0,0,1,30,100,0,3308.25,fintech,2,1
visa_11.1,visa,1,1,1,1,1,0,0,14,101,3,3660.99,travel,2,0
rupay_ru01,rupay,1,0,0,1,1,1,1,39,18,0,10495.27,saas,1,1
visa_10.5,visa,1,1,1,0,0,1,1,38,114,0,6817.6,ecommerce,1,1
visa_13.9,visa,1,0,1,0,0,0,0,29,6,0,1355.07,healthcare,2,1
rupay_1062,rupay,0,0,1,1,1,0,1,41,51,0,14289.58,fintech,1,0
visa_10.3,visa,1,1,1,0,0,0,0,38,79,1,741.04,healthcare,0,0
rupay_1065,rupay,0,1,0,0,1,0,1,43,11,0,4916.17,healthcare,2,1
rupay_1065,rupay,1,0,1,1,0,0,1,27,94,0,18532.6,saas,2,0
visa_12.5,visa,1,1,0,0,1,1,1,37,28,1,5943.71,retail,2,1
visa_13.2,visa,1,0,1,0,1,1,0,34,63,1,8015.44,saas,1,1
rupay_ru02,rupay,1,0,1,0,0,0,1,32,97,2,1657.53,retail,0,0
visa_12.5,visa,0,0,1,1,0,0,0,28,59,0,8376.81,fintech,0,0
rupay_ru02,rupay,0,1,1,0,1,0,0,31,6,1,25352.34,travel,1,1
mc_4812,mc,1,1,1,1,1,0,0,2,70,1,7007.89,travel,2,0
rupay_ru02,rupay,1,1,1,0,0,0,0,5,48,2,3890.58,ecommerce,1,0
visa_13.2,visa,1,1,0,1,0,1,0,42,26,0,8924.59,fintech,0,0
rupay_1085,rupay,0,1,1,1,0,1,1,40,95,4,1711.62,saas,0,0
mc_4837,mc,1,0,0,1,1,0,0,44,83,0,16819.95,retail,1,1
rupay_ru02,rupay,1,1,1,1,0,0,1,13,21,0,22482.62,ecommerce,1,0
visa_13.3,visa,1,1,1,1,0,1,1,6,55,0,1888.5,travel,0,0
amex_C05,amex,1,1,0,0,0,0,1,41,97,8,1302.32,ecommerce,1,0
rupay_1065,rupay,1,0,1,1,0,0,0,21,77,8,14531.44,retail,2,0
visa_10.1,visa,1,1,1,0,0,0,1,5,9,5,12424.62,travel,2,1
rupay_1085,rupay,1,1,0,0,0,1,0,14,26,0,5257.54,ecommerce,0,1
rupay_1085,rupay,1,0,1,1,1,0,1,35,27,0,7419.41,fintech,2,1
amex_A02,amex,1,0,0,1,1,0,0,39,19,0,2177.56,healthcare,2,1
visa_13.5,visa,1,0,1,0,0,1,0,33,62,0,6099.6,healthcare,2,1
visa_13.6,visa,0,0,0,1,0,1,0,24,50,0,24354.97,travel,0,0
amex_F31,amex,0,1,1,0,1,0,0,14,102,1,15134.2,saas,2,1
rupay_ru02,rupay,0,1,1,1,1,0,0,19,62,0,13367.34,retail,1,1
rupay_1062,rupay,0,1,0,1,1,0,0,16,35,1,8040.62,healthcare,2,1
visa_11.1,visa,1,0,1,1,0,1,0,5,18,0,4007.93,saas,2,1
visa_13.1,visa,0,1,1,1,0,1,1,40,120,0,5115.96,ecommerce,2,1
visa_13.6,visa,1,0,1,1,0,1,1,13,76,0,8232.08,saas,0,0
mc_4834,mc,0,1,1,0,1,0,1,18,25,0,18178.28,travel,2,1
amex_M49,amex,0,1,0,1,0,0,0,27,41,0,4588.04,fintech,0,1
rupay_1065,rupay,0,1,1,0,0,0,1,7,54,0,284.61,saas,2,0
amex_R13,amex,1,1,1,0,1,1,1,45,43,0,13854.24,fintech,2,1
mc_4863,mc,0,0,1,1,1,0,0,13,32,0,7978.01,healthcare,0,1
rupay_1085,rupay,0,0,1,1,0,0,1,4,32,0,11371.18,travel,0,1
mc_4871,mc,1,0,1,1,1,1,0,4,101,1,3131.98,ecommerce,2,1
mc_4834,mc,1,0,0,0,1,0,1,42,79,0,11507.81,fintech,2,0
rupay_1085,rupay,1,0,0,0,1,0,1,4,51,0,1758.66,healthcare,2,0
visa_13.9,visa,1,0,1,1,0,0,0,35,106,0,9193.07,healthcare,2,1
visa_10.3,visa,1,1,1,1,0,0,0,5,61,1,721.81,ecommerce,0,1
amex_M10,amex,0,0,1,0,0,0,0,5,21,0,20071.09,fintech,2,1
visa_11.3,visa,0,0,0,1,1,1,0,41,105,2,15503.41,healthcare,2,0
rupay_1085,rupay,0,0,0,1,1,1,0,6,57,0,2158.74,ecommerce,2,1
mc_4841,mc,1,1,0,1,1,1,1,41,43,2,3057.2,saas,2,1
amex_F24,amex,0,1,1,1,0,0,1,41,111,0,906.04,fintech,2,1
rupay_1062,rupay,1,1,1,1,0,0,1,4,98,0,1803.61,healthcare,1,0
rupay_ru02,rupay,0,0,0,1,1,1,1,14,94,0,18865.63,travel,1,1
rupay_ru01,rupay,0,1,1,0,0,0,1,14,114,0,6842.79,saas,1,1
mc_4841,mc,1,1,1,1,0,1,0,11,105,0,5412.04,healthcare,0,0
visa_11.1,visa,0,0,0,1,1,0,1,23,2,0,525.24,travel,2,0
rupay_1062,rupay,1,1,1,0,0,1,1,10,10,3,18118.48,retail,1,0
visa_13.6,visa,1,0,1,1,1,0,1,16,105,1,4749.29,retail,2,1
mc_4855,mc,0,1,1,0,0,0,0,36,75,0,21812.9,travel,1,0
visa_12.1,visa,1,1,1,1,1,0,0,4,116,0,357.98,saas,2,1
rupay_1065,rupay,1,1,0,1,0,1,0,4,113,0,4164.9,ecommerce,2,1
visa_10.3,visa,0,0,0,1,1,0,0,22,70,0,2090.88,saas,0,0
visa_12.1,visa,0,1,1,0,0,0,1,44,2,0,7817.38,travel,2,1
visa_11.2,visa,1,1,1,1,1,1,1,6,90,0,2569.45,fintech,2,1
amex_A08,amex,1,0,1,1,0,0,0,7,48,1,3083.1,ecommerce,2,1
visa_13.4,visa,0,1,1,1,1,0,1,19,70,0,5412.3,fintech,2,1
mc_4853,mc,1,0,1,1,0,0,0,10,92,0,1077.6,healthcare,0,0
visa_10.2,visa,1,1,1,1,0,0,1,45,57,2,9395.82,travel,2,1
mc_4841,mc,0,1,1,1,1,0,0,33,2,0,1116.41,saas,1,0
visa_10.5,visa,0,0,1,1,0,1,0,18,52,4,23508.63,travel,1,0
amex_R03,amex,0,0,1,1,1,0,1,42,62,1,277.92,retail,0,1
mc_4837,mc,1,1,1,1,0,0,1,24,1,0,1243.4,retail,2,1
rupay_ru02,rupay,0,0,0,0,0,0,1,43,82,1,14584.74,fintech,0,0
mc_4834,mc,1,0,1,0,1,1,1,32,67,3,3303.03,fintech,2,0
visa_12.5,visa,1,1,0,1,1,0,1,14,32,1,3609.72,ecommerce,0,1
rupay_ru01,rupay,1,0,1,1,0,0,1,8,106,2,6963.29,fintech,1,1
disc_RG,disc,1,1,0,0,0,0,0,9,9,1,7018.82,travel,1,1
mc_4853,mc,1,1,1,0,0,0,0,9,91,1,5114.95,fintech,1,0
mc_4850,mc,0,0,1,1,1,0,0,14,78,0,6408.51,fintech,2,1
rupay_1062,rupay,1,0,1,1,0,1,1,17,117,0,2988.62,retail,0,0
visa_12.5,visa,0,1,0,0,0,0,0,37,49,0,6362.52,ecommerce,0,0
amex_A02,amex,1,1,1,1,1,0,0,31,50,0,5651.59,travel,2,0
amex_C28,amex,0,1,0,1,0,0,0,14,52,0,20533.09,saas,0,1
rupay_ru01,rupay,0,0,1,1,1,1,1,3,66,0,26549.85,healthcare,1,1
visa_10.3,visa,0,1,1,0,0,0,0,17,59,0,830.69,healthcare,0,1
rupay_1085,rupay,1,1,1,1,0,1,1,4,19,1,10470.21,fintech,0,1
visa_13.6,visa,1,0,1,1,1,1,0,14,81,1,7477.98,saas,2,1
rupay_1065,rupay,0,1,0,1,1,1,0,24,34,0,16078.69,ecommerce,2,1
visa_13.3,visa,1,0,1,1,0,0,0,21,6,4,8698.85,saas,0,0
rupay_1065,rupay,0,0,0,1,0,0,1,23,65,0,265.0,travel,2,1
visa_13.1,visa,1,1,0,1,0,0,1,18,108,3,4800.24,ecommerce,1,0
rupay_1065,rupay,1,1,1,1,1,1,0,17,4,0,34607.68,healthcare,2,1
visa_13.7,visa,0,0,1,1,0,0,0,42,22,0,6907.38,healthcare,2,1
mc_4808,mc,1,1,1,1,0,0,0,11,65,0,23082.56,healthcare,2,1
rupay_1062,rupay,0,0,1,1,0,0,0,44,115,3,1716.24,retail,0,0
visa_11.2,visa,0,1,0,0,1,1,0,11,34,5,22075.85,fintech,2,0
rupay_1085,rupay,1,0,1,1,0,0,1,30,90,0,648.48,retail,0,0
rupay_1065,rupay,0,0,0,1,1,1,0,23,107,1,4774.84,travel,2,1
disc_AA,disc,1,0,1,1,1,0,0,10,98,2,6902.59,healthcare,1,0
visa_10.3,visa,1,0,0,1,1,0,0,2,92,0,6402.9,retail,0,0
disc_nan,disc,0,1,1,0,1,0,1,5,55,0,140.89,healthcare,2,1
disc_RM,disc,0,1,1,1,0,0,1,27,110,0,5886.61,fintech,2,1
rupay_1085,rupay,1,1,1,1,1,1,0,1,2,2,22337.09,ecommerce,2,0
mc_4863,mc,1,1,1,1,1,0,0,31,118,0,1324.56,ecommerce,0,0
rupay_1065,rupay,0,1,1,0,0,0,1,32,20,0,32064.43,travel,2,1
visa_13.1,visa,0,1,0,1,0,1,1,11,106,1,4811.05,healthcare,2,0
rupay_ru02,rupay,0,1,1,1,1,0,1,25,110,1,557.55,retail,1,0
mc_4812,mc,1,0,1,0,1,0,0,32,37,0,8881.09,ecommerce,2,1
visa_10.3,visa,0,1,1,1,1,0,0,11,54,1,25432.72,retail,0,1
visa_11.1,visa,0,1,0,0,0,0,1,8,72,0,1311.98,fintech,2,1
rupay_1085,rupay,1,0,1,0,0,0,0,36,119,2,5187.77,travel,0,0
mc_4812,mc,1,0,1,1,0,0,0,7,44,0,9207.01,ecommerce,2,1
visa_10.4,visa,1,1,1,1,1,1,0,4,25,0,2422.08,ecommerce,2,1
amex_A02,amex,0,1,0,1,0,0,0,12,90,3,7522.19,saas,2,0
mc_4863,mc,0,0,1,1,1,1,1,17,102,0,15426.52,ecommerce,2,1
rupay_1062,rupay,1,0,0,0,1,0,1,34,13,8,6492.57,travel,1,0
rupay_1065,rupay,0,0,1,1,0,0,0,13,111,0,2514.1,healthcare,2,1
visa_13.6,visa,1,0,1,0,0,0,1,9,47,0,6433.41,travel,0,0
disc_RM,disc,0,1,1,0,0,0,0,23,78,0,5961.39,saas,2,1
disc_UA,disc,1,1,1,1,1,0,1,20,36,0,3360.68,travel,1,1
visa_10.2,visa,1,0,0,0,1,0,0,1,40,2,2221.64,fintech,2,1
mc_4837,mc,1,1,0,1,0,0,1,34,80,0,12387.52,fintech,1,1
visa_13.2,visa,0,0,0,1,0,0,0,1,5,0,4375.36,healthcare,0,0
amex_R13,amex,1,0,0,0,1,1,1,31,85,2,3843.76,fintech,2,0
visa_13.9,visa,0,0,1,1,0,0,0,29,79,0,3324.99,healthcare,2,1
mc_4812,mc,1,0,1,1,0,0,0,10,85,0,34034.37,retail,2,1
mc_4850,mc,0,1,1,1,1,0,1,17,50,0,8267.83,healthcare,2,1
visa_13.7,visa,1,0,0,1,0,0,0,27,17,0,20610.9,ecommerce,2,1
amex_F29,amex,1,1,0,1,0,0,0,18,93,0,8856.02,saas,1,1
disc_UD,disc,1,1,1,1,1,1,0,14,52,0,14481.61,healthcare,2,1
mc_4837,mc,1,1,1,1,1,0,0,37,94,1,5346.54,saas,2,1
amex_C04,amex,1,1,1,1,1,1,0,23,81,0,6481.74,healthcare,2,1
mc_4850,mc,1,1,1,1,0,1,0,33,43,1,1973.36,retail,2,1
mc_4841,mc,1,0,1,1,0,0,1,31,104,2,4171.66,fintech,1,0
rupay_1065,rupay,1,1,1,0,1,0,1,5,53,0,9450.82,ecommerce,2,1
visa_13.1,visa,0,0,1,0,0,1,0,2,118,1,12082.94,healthcare,1,0
mc_4870,mc,0,1,1,1,1,1,0,22,1,0,6483.93,fintech,2,1
visa_11.2,visa,0,0,0,0,0,0,0,2,49,4,4886.71,retail,2,0
amex_F14,amex,0,0,1,1,0,0,0,23,69,1,17628.55,retail,0,0
amex_F31,amex,1,0,1,0,0,1,1,43,4,0,13428.68,ecommerce,2,1
amex_C02,amex,0,1,1,1,1,1,0,23,55,1,2071.79,healthcare,2,0
mc_4863,mc,1,0,1,0,1,0,0,22,109,0,35025.9,fintech,0,0
disc_UA,disc,1,0,1,1,0,0,0,17,62,2,4181.27,retail,1,1
mc_4841,mc,1,0,1,1,0,1,0,33,30,0,15340.7,ecommerce,0,0
disc_nan,disc,1,1,1,1,0,0,1,13,23,2,10414.06,retail,2,1
visa_13.9,visa,1,0,0,1,0,1,0,29,66,4,13341.16,healthcare,2,0
rupay_1065,rupay,1,1,1,0,0,1,0,32,85,0,8773.06,saas,2,1
rupay_1085,rupay,0,1,0,1,0,0,0,24,63,0,6455.33,ecommerce,0,0
visa_12.5,visa,1,1,0,0,0,1,1,5,4,0,11386.05,retail,2,1
visa_11.1,visa,1,0,0,1,1,0,0,7,98,3,27411.32,fintech,2,1
rupay_1085,rupay,1,1,1,1,0,0,0,13,106,1,12835.27,healthcare,0,0
mc_4863,mc,1,1,1,0,0,1,1,44,105,0,23331.41,ecommerce,2,1
rupay_ru02,rupay,1,0,1,1,0,0,0,4,42,3,7003.84,fintech,0,0
mc_4834,mc,1,0,1,0,1,0,0,42,26,0,2114.95,retail,2,1
mc_4850,mc,0,1,0,1,0,0,0,3,46,0,3330.71,travel,2,0
visa_11.2,visa,0,0,0,0,1,0,1,19,55,0,5658.32,saas,2,1
amex_R13,amex,0,1,0,1,0,0,0,26,70,0,5895.73,fintech,2,0
amex_R03,amex,1,1,1,1,1,0,0,43,44,2,13277.1,healthcare,1,0
rupay_1065,rupay,1,1,0,0,1,1,1,30,15,1,25871.49,saas,2,1
rupay_1062,rupay,0,1,1,1,1,0,0,42,103,0,14576.21,healthcare,2,1
mc_4850,mc,1,0,0,1,1,0,0,38,63,0,701.14,fintech,2,1
rupay_ru02,rupay,1,1,1,1,0,1,0,33,82,4,2405.98,saas,2,0
visa_10.2,visa,1,1,1,1,0,0,0,42,26,0,1264.55,fintech,2,1
mc_4870,mc,0,0,1,1,0,1,0,32,74,4,11661.9,travel,2,1
rupay_1085,rupay,1,0,1,1,0,1,0,32,65,0,2946.86,ecommerce,0,0
visa_12.6.1,visa,1,1,1,1,1,0,1,8,5,0,9945.42,travel,2,1
rupay_ru02,rupay,1,1,0,1,0,0,1,37,7,1,1327.15,saas,1,0
mc_4871,mc,1,0,1,1,1,0,0,13,17,2,5388.41,ecommerce,2,1
visa_12.5,visa,1,1,1,0,0,0,1,39,113,0,4306.05,fintech,0,1
amex_P08,amex,1,0,1,1,1,0,0,21,38,0,5090.31,ecommerce,2,1
mc_4870,mc,0,1,0,1,1,1,1,22,117,0,1526.86,travel,2,0
visa_12.6.1,visa,1,1,0,0,0,0,1,44,79,0,455.21,ecommerce,2,1
visa_13.4,visa,0,1,1,1,0,1,0,39,48,0,28193.58,travel,2,1
mc_4871,mc,0,1,1,0,0,0,1,37,75,0,13045.73,retail,2,1
amex_R13,amex,1,1,1,0,0,1,0,12,2,0,976.62,ecommerce,2,0
mc_4870,mc,0,0,1,1,1,1,0,21,10,0,2923.0,fintech,2,0
visa_10.2,visa,0,0,1,0,0,0,1,35,55,0,10697.09,ecommerce,2,1
rupay_1085,rupay,1,1,1,1,0,1,1,3,59,0,4276.54,ecommerce,0,0
mc_4837,mc,0,1,1,1,0,0,0,37,100,0,2703.07,retail,2,1
rupay_ru01,rupay,0,1,1,0,0,0,0,36,106,0,15459.46,saas,1,0
visa_13.2,visa,0,0,0,0,0,1,0,38,20,0,3265.65,healthcare,0,0
amex_A02,amex,1,1,1,0,1,0,1,16,5,0,10441.78,retail,2,1
rupay_ru01,rupay,1,1,1,1,0,0,0,32,11,2,16513.84,saas,2,1
mc_4808,mc,1,0,1,0,0,1,0,6,79,0,5884.32,saas,2,1
mc_4834,mc,0,0,0,1,1,0,1,25,21,0,442.09,fintech,2,0
mc_4837,mc,1,0,1,0,0,1,1,21,42,0,8996.13,saas,1,1
mc_4870,mc,1,0,1,1,0,1,1,4,116,0,4472.58,travel,2,1
visa_13.2,visa,0,0,0,0,1,0,1,35,68,2,1126.84,ecommerce,2,1
amex_R13,amex,0,1,0,1,1,1,0,32,93,2,8998.08,fintech,2,0
mc_4850,mc,1,1,1,1,1,1,0,18,55,2,5164.83,saas,2,1
amex_C14,amex,0,0,1,1,0,0,1,32,69,0,13544.96,fintech,2,1
mc_4855,mc,1,0,1,1,0,0,0,25,69,0,1554.37,fintech,0,0
rupay_1065,rupay,1,0,1,1,1,0,1,7,37,0,10839.07,fintech,2,0
disc_IC,disc,0,0,0,0,0,0,0,9,20,1,11385.05,healthcare,0,0
rupay_ru01,rupay,1,1,0,0,0,0,1,37,117,0,3254.14,fintech,1,1
mc_4837,mc,1,1,1,1,0,1,1,45,18,0,5540.0,healthcare,2,1
rupay_ru01,rupay,1,0,1,0,0,1,1,19,61,0,6361.25,ecommerce,1,1
visa_11.3,visa,0,0,1,1,1,0,0,23,87,2,5336.54,saas,2,1
visa_11.3,visa,1,1,0,1,0,0,0,3,81,0,742.95,ecommerce,2,1
amex_M49,amex,1,1,1,1,1,0,0,8,89,0,19506.77,saas,2,0
visa_10.3,visa,1,1,1,1,0,0,0,29,57,0,6123.95,healthcare,0,0
visa_10.5,visa,1,0,1,1,0,0,1,37,2,0,4289.83,travel,1,1
disc_IC,disc,1,0,1,1,1,0,0,36,73,0,2131.89,travel,0,0
visa_12.5,visa,1,0,1,1,1,0,1,44,46,1,1182.73,travel,0,1
rupay_1062,rupay,0,0,1,0,1,0,1,40,50,3,15046.54,retail,1,0
mc_4855,mc,1,1,1,1,0,0,1,32,17,0,1520.61,healthcare,1,1
rupay_ru02,rupay,1,1,0,0,1,0,0,33,100,0,4842.64,retail,1,0
disc_UA,disc,0,0,0,0,1,0,1,23,36,1,2750.97,healthcare,0,1
visa_12.6.1,visa,1,1,1,1,0,0,0,23,6,0,658.34,healthcare,2,1
rupay_ru02,rupay,1,0,1,0,0,0,0,45,72,3,17797.68,travel,0,0
mc_4871,mc,0,1,1,1,1,0,0,30,39,1,15553.36,travel,2,1
rupay_ru02,rupay,1,0,1,0,1,1,1,23,32,0,9269.53,retail,1,0
mc_4841,mc,1,1,1,1,1,1,0,37,78,0,163.94,saas,1,1
visa_13.4,visa,0,0,1,1,1,1,1,6,102,1,370.61,travel,2,1
disc_RM,disc,0,1,1,1,1,1,1,43,114,2,6353.73,ecommerce,2,1
mc_4871,mc,0,1,1,0,0,1,0,14,11,0,34732.47,retail,2,1
visa_13.7,visa,1,1,0,1,1,1,0,7,15,3,14796.5,healthcare,2,1
mc_4871,mc,0,1,1,1,0,0,0,41,86,1,19022.91,ecommerce,2,1
mc_4808,mc,1,0,1,1,1,0,0,11,60,0,206.59,travel,2,1
visa_12.6.1,visa,1,1,1,0,1,0,0,8,27,8,9697.87,ecommerce,2,1
mc_4850,mc,1,1,1,0,1,0,1,32,24,4,9839.95,ecommerce,2,0
rupay_1085,rupay,1,1,1,1,0,0,1,36,21,0,575.69,healthcare,0,1
visa_12.5,visa,1,0,1,1,0,0,1,16,28,3,12995.27,saas,0,0
visa_13.8,visa,1,1,1,0,0,0,0,34,20,3,2068.91,retail,0,0
visa_13.4,visa,1,1,1,1,0,0,0,39,44,1,319.12,retail,2,1
disc_DP,disc,1,0,0,1,1,1,0,19,28,0,2056.99,travel,2,1
rupay_1085,rupay,1,0,0,0,0,1,0,11,104,0,4927.58,healthcare,0,0
rupay_1065,rupay,1,1,1,0,1,0,1,34,12,0,7765.62,retail,2,1
mc_4853,mc,1,1,0,1,1,0,0,14,14,0,3288.52,travel,2,1
visa_13.3,visa,1,1,0,1,1,0,1,40,30,0,7371.77,travel,2,1
mc_4855,mc,1,0,1,1,1,1,0,19,58,0,27126.3,healthcare,1,1
visa_11.1,visa,0,0,0,1,1,0,0,29,45,3,858.27,ecommerce,2,1
rupay_1065,rupay,0,1,0,0,0,0,1,17,11,0,8380.66,saas,2,1
visa_11.2,visa,1,1,1,0,1,1,0,41,75,0,20280.26,ecommerce,2,1
mc_4871,mc,1,1,1,1,1,0,0,45,107,0,10601.86,fintech,2,1
rupay_1085,rupay,0,1,1,0,1,0,1,26,15,0,978.44,fintech,2,1
rupay_1085,rupay,0,0,1,0,0,1,0,19,75,0,7861.08,fintech,0,0
visa_11.2,visa,0,1,1,1,0,0,1,31,66,0,6381.25,healthcare,2,0
visa_12.1,visa,1,0,1,0,1,0,0,1,14,1,2335.34,healthcare,2,0
mc_4855,mc,1,1,1,1,0,0,1,24,37,0,8505.57,saas,1,1
mc_4870,mc,0,1,1,1,1,0,1,36,96,0,1326.63,healthcare,2,1
visa_10.5,visa,1,1,1,1,0,1,1,39,60,2,1225.03,retail,2,1
visa_13.3,visa,1,1,1,1,1,0,1,41,39,0,2006.37,fintech,2,1
amex_C05,amex,0,1,1,0,0,0,0,27,79,0,5768.51,retail,0,0
rupay_ru01,rupay,0,1,1,1,1,0,0,12,5,2,8925.05,retail,2,0
visa_10.2,visa,0,1,1,1,1,0,0,20,28,8,8013.99,ecommerce,2,1
amex_F14,amex,1,1,1,1,0,0,0,23,83,0,9443.89,ecommerce,0,0
mc_4853,mc,0,1,0,1,1,0,1,23,64,2,896.25,travel,2,1
rupay_1062,rupay,1,1,1,1,1,0,0,40,81,8,7447.75,travel,2,0
rupay_ru01,rupay,1,0,0,1,0,1,1,13,113,1,12679.45,saas,1,1
mc_4812,mc,1,0,1,1,1,0,1,19,52,1,14797.19,fintech,2,1
visa_13.7,visa,1,0,1,1,0,0,1,7,16,4,2161.77,travel,2,1
visa_12.1,visa,1,1,0,0,0,0,0,44,14,2,8427.07,ecommerce,2,1
rupay_1062,rupay,1,1,1,1,1,1,1,31,117,0,992.76,ecommerce,2,0
mc_4863,mc,1,0,1,1,0,0,0,8,30,3,17855.29,fintech,0,0
visa_13.8,visa,1,0,1,1,1,0,0,44,10,0,9040.89,fintech,2,0
mc_4863,mc,0,1,0,1,0,0,1,15,12,0,552.68,fintech,0,0
rupay_1085,rupay,1,1,1,0,0,1,0,10,38,2,6045.88,saas,0,0
visa_10.5,visa,1,1,1,1,1,0,1,20,6,1,4440.26,healthcare,2,1
mc_4870,mc,1,0,0,1,1,0,0,37,52,0,8288.13,healthcare,2,1
visa_12.5,visa,1,0,0,1,0,0,1,29,99,1,934.1,ecommerce,0,0
visa_13.9,visa,1,1,1,0,0,0,1,22,37,2,3608.6,fintech,2,1
visa_11.3,visa,1,0,1,1,0,0,0,16,12,4,10733.16,travel,2,0
disc_nan,disc,1,1,1,1,1,0,1,19,71,0,5359.83,healthcare,2,1
mc_4853,mc,0,1,0,0,1,0,1,10,92,0,11661.97,saas,2,1
amex_C28,amex,0,1,1,1,1,0,0,6,61,1,1131.81,healthcare,0,0
mc_4841,mc,0,0,1,1,1,0,1,30,112,0,30314.04,retail,2,1
visa_13.4,visa,0,1,1,0,1,0,0,20,83,3,2825.33,ecommerce,2,1
rupay_1085,rupay,1,0,0,1,1,0,0,9,29,1,622.78,retail,2,1
visa_10.3,visa,0,1,1,0,0,1,1,15,97,3,776.08,retail,2,0
rupay_1065,rupay,1,0,1,1,1,0,0,20,83,1,339.17,retail,2,0
disc_RG,disc,0,1,1,1,1,0,0,1,37,1,9010.75,healthcare,1,0
rupay_ru02,rupay,0,1,1,1,0,0,0,39,69,2,1385.19,ecommerce,1,0
mc_4834,mc,0,1,0,0,0,0,1,16,48,0,3214.75,saas,2,0
mc_4812,mc,0,1,0,0,1,0,0,8,3,1,3691.64,fintech,2,1
mc_4871,mc,0,1,0,1,0,0,1,16,42,0,4071.44,retail,2,1
amex_C28,amex,1,1,1,1,0,0,1,31,69,0,16477.18,ecommerce,2,1
visa_10.4,visa,0,1,1,0,0,0,1,24,82,0,3152.38,travel,1,1
rupay_1065,rupay,0,0,1,1,0,0,0,31,108,0,1530.71,ecommerce,2,0
amex_F24,amex,0,1,0,0,0,0,0,41,3,0,511.53,fintech,1,1
mc_4853,mc,1,1,1,1,0,0,1,25,71,0,1416.48,ecommerce,1,1
disc_DP,disc,0,0,0,0,1,0,1,9,29,0,23671.87,saas,2,1
visa_10.1,visa,1,1,1,1,1,0,0,38,16,3,4260.63,saas,2,1
rupay_1065,rupay,1,1,0,1,0,0,0,44,11,0,4466.49,healthcare,2,1
mc_4812,mc,1,1,1,1,1,0,0,1,5,0,4586.19,travel,2,1
mc_4837,mc,1,1,1,1,1,0,0,42,74,0,1276.68,travel,2,1
mc_4808,mc,1,0,1,0,0,0,0,4,10,0,5724.67,saas,2,1
rupay_1062,rupay,1,1,1,0,0,0,0,4,107,1,8280.82,travel,1,0
amex_C02,amex,1,1,0,1,0,0,0,2,41,4,13171.6,ecommerce,2,0
amex_M10,amex,0,1,1,1,1,0,0,35,2,4,1125.39,retail,2,1
rupay_1085,rupay,1,0,1,1,0,0,1,9,26,3,1301.75,retail,0,0
visa_10.2,visa,1,1,1,0,0,0,1,19,110,0,6918.6,travel,2,1
mc_4870,mc,1,1,0,0,0,0,0,3,10,5,3179.82,retail,2,1
mc_4870,mc,1,1,1,0,0,0,0,35,117,1,742.18,ecommerce,2,1
mc_4834,mc,0,0,1,1,0,0,0,3,2,0,12902.51,ecommerce,2,1
rupay_1085,rupay,1,1,1,1,0,1,0,3,116,1,14024.48,healthcare,0,0
mc_4871,mc,0,1,0,0,0,0,1,34,58,2,320.86,healthcare,2,0
rupay_1062,rupay,0,0,0,1,0,1,1,4,34,1,13150.62,retail,0,0
rupay_ru01,rupay,1,1,0,0,1,1,0,19,32,1,6447.41,healthcare,1,1
rupay_ru02,rupay,0,0,1,1,1,0,0,3,36,4,6618.43,travel,0,0
mc_4855,mc,1,1,0,1,1,0,0,39,87,0,320.73,saas,1,1
disc_AA,disc,1,1,0,0,0,0,0,45,52,1,5952.74,retail,1,1
mc_4837,mc,1,0,0,1,0,1,0,34,39,3,4920.09,fintech,1,0
rupay_1085,rupay,1,1,1,1,0,0,1,36,84,0,2428.91,travel,0,0
rupay_ru02,rupay,0,1,1,0,0,1,1,41,30,4,10521.22,ecommerce,2,1
visa_12.1,visa,1,1,1,0,0,0,1,40,104,1,10435.57,travel,2,1
visa_11.3,visa,0,1,0,1,0,0,1,10,80,0,1346.08,travel,2,1
visa_13.3,visa,1,1,1,0,0,1,0,12,83,1,2745.55,retail,0,0
mc_4841,mc,1,1,1,1,0,0,0,25,85,0,8441.8,ecommerce,0,1
rupay_1085,rupay,0,1,1,1,0,0,0,3,16,8,1287.03,retail,0,0
visa_10.1,visa,1,1,0,1,1,0,0,29,74,1,18416.9,fintech,2,1
rupay_ru02,rupay,1,1,1,1,1,0,1,11,1,0,2434.79,healthcare,1,1
amex_F10,amex,1,1,1,0,1,0,0,42,6,0,17710.99,fintech,0,1
mc_4871,mc,0,1,1,1,1,1,0,28,70,2,1029.11,travel,2,0
mc_4808,mc,1,1,1,1,0,0,1,34,28,0,2506.86,healthcare,2,1
rupay_1065,rupay,1,0,1,0,1,0,1,41,114,2,504.61,travel,2,0
mc_4808,mc,0,0,0,0,1,0,0,7,106,8,3521.94,travel,2,0
rupay_1085,rupay,1,1,1,1,0,0,0,3,41,1,1450.74,travel,0,1
mc_4855,mc,1,1,1,0,1,1,1,33,100,0,11253.51,healthcare,2,0
mc_4812,mc,0,1,1,1,1,0,0,5,11,3,152.22,fintech,2,1
visa_10.4,visa,0,0,0,0,0,0,1,38,109,2,20071.89,healthcare,0,0
mc_4871,mc,1,1,1,1,1,0,0,43,3,1,3542.02,healthcare,2,1
rupay_1065,rupay,1,1,1,0,0,1,0,25,40,0,6312.34,retail,2,1
visa_10.1,visa,1,0,1,1,0,0,0,9,10,0,2251.77,retail,2,1
mc_4850,mc,1,0,1,1,1,0,1,38,116,0,2779.92,fintech,2,1
amex_F30,amex,0,0,1,0,0,0,1,4,41,1,2893.78,fintech,2,1
visa_12.6.1,visa,0,1,1,1,1,0,0,38,98,0,7114.6,fintech,2,1
disc_UD,disc,1,1,1,0,1,0,0,34,18,0,9885.62,ecommerce,2,1
mc_4834,mc,1,0,1,0,0,0,0,34,43,2,10376.91,fintech,2,1
visa_10.4,visa,1,1,0,1,0,0,0,24,74,0,3022.92,travel,1,1
visa_12.6.1,visa,0,1,0,0,0,0,0,5,78,1,3133.5,saas,2,1
visa_13.9,visa,1,1,0,1,0,0,1,44,54,0,2681.67,healthcare,2,1
visa_13.5,visa,1,1,0,1,0,0,0,39,54,0,26572.58,saas,2,0
mc_4808,mc,1,1,1,0,0,1,0,11,46,3,1461.19,ecommerce,2,1
disc_UA,disc,0,0,0,0,1,1,0,23,60,2,2360.63,saas,1,1
visa_11.3,visa,0,0,1,0,0,0,0,20,77,2,4005.92,ecommerce,2,0
visa_13.8,visa,1,1,1,0,1,0,1,40,55,0,6842.19,retail,2,1
visa_13.4,visa,1,1,0,0,1,0,0,14,90,5,22147.56,saas,2,0
amex_C28,amex,0,0,1,1,0,0,0,11,8,0,6049.57,healthcare,0,0
rupay_1085,rupay,1,0,1,1,1,0,0,28,82,1,1442.98,saas,2,1
amex_C04,amex,0,0,1,0,0,1,1,10,70,0,1047.04,healthcare,0,1
rupay_1062,rupay,1,0,1,1,1,1,1,19,62,0,3428.65,retail,1,0
mc_4871,mc,1,1,0,1,0,0,0,45,32,2,22454.73,healthcare,2,1
disc_CD,disc,1,0,1,0,0,0,0,2,1,0,1282.38,healthcare,2,1
visa_13.4,visa,1,1,1,1,0,1,1,3,61,2,3124.56,retail,2,1
mc_4871,mc,1,1,0,1,0,0,0,1,41,0,4751.37,fintech,2,1
visa_11.1,visa,0,0,1,1,1,0,0,37,119,0,1779.21,healthcare,2,1
visa_10.3,visa,1,1,1,1,1,1,0,13,18,5,5068.0,travel,2,1
rupay_1065,rupay,0,1,1,1,0,0,0,9,110,0,18919.68,travel,2,1
mc_4871,mc,1,1,1,1,0,1,1,29,115,1,8352.5,fintech,2,1
mc_4871,mc,1,0,1,1,0,0,0,41,24,0,1705.48,ecommerce,2,1
visa_13.5,visa,1,1,0,1,1,0,0,45,5,0,8763.52,ecommerce,2,1
rupay_1065,rupay,1,1,0,1,1,1,1,17,104,0,22177.8,retail,2,1
visa_10.4,visa,1,1,1,0,1,1,1,31,9,0,2263.63,fintech,1,1
visa_10.1,visa,1,0,1,0,1,0,0,23,84,4,17854.87,retail,2,1
visa_13.5,visa,1,1,1,1,1,0,1,9,11,0,4850.89,healthcare,2,1
visa_10.1,visa,0,1,0,0,1,0,0,11,38,1,24514.31,saas,2,1
visa_12.5,visa,0,0,0,1,0,0,1,12,55,0,13992.54,travel,0,1
rupay_ru01,rupay,1,0,1,0,0,1,0,11,104,1,9173.74,ecommerce,1,1
mc_4837,mc,0,0,0,1,0,0,0,9,117,1,9987.2,retail,1,0
visa_12.5,visa,0,1,0,1,1,1,1,10,5,0,4597.35,travel,2,1
visa_12.1,visa,0,0,1,1,1,0,0,4,21,3,5878.17,saas,2,0
visa_10.3,visa,1,0,1,1,1,1,1,31,111,2,7994.98,travel,2,1
mc_4834,mc,1,0,1,1,1,0,1,22,51,1,3114.14,ecommerce,2,1
rupay_1085,rupay,1,1,0,1,1,1,1,31,84,0,20334.8,fintech,2,1
rupay_1065,rupay,0,0,1,1,0,0,0,12,112,1,4719.43,retail,2,1
visa_10.3,visa,0,0,0,1,0,1,0,3,11,0,3308.49,ecommerce,2,1
visa_10.1,visa,1,0,1,0,0,0,1,2,43,0,2932.96,saas,2,1
mc_4870,mc,0,0,1,0,0,0,1,23,34,0,44601.38,ecommerce,2,1
visa_11.1,visa,1,1,1,1,0,0,1,21,96,0,3500.18,ecommerce,2,1
visa_10.3,visa,0,1,1,1,0,0,0,12,29,1,20433.79,retail,0,1
disc_AA,disc,0,1,1,1,1,1,0,13,105,8,13190.0,fintech,2,1
rupay_1065,rupay,1,1,1,0,0,0,0,4,8,0,1705.87,saas,2,0
rupay_1085,rupay,1,0,1,0,0,0,1,42,78,2,10562.78,ecommerce,0,0
mc_4870,mc,0,0,1,1,1,0,0,31,54,1,9055.19,fintech,2,1
rupay_1085,rupay,1,1,1,1,1,0,0,11,28,2,4020.52,ecommerce,2,1
rupay_ru01,rupay,0,0,1,0,1,1,1,40,119,0,888.98,fintech,1,1
rupay_1085,rupay,1,0,1,1,0,0,1,15,48,0,3287.78,saas,0,1
visa_10.4,visa,1,1,1,1,1,0,0,4,108,1,1807.89,retail,1,1
visa_13.8,visa,1,0,1,1,1,1,0,12,50,1,7163.53,saas,2,0
visa_13.1,visa,1,1,1,0,0,0,0,9,105,0,6458.15,healthcare,1,0
rupay_1062,rupay,0,0,1,0,1,1,0,34,93,0,8449.13,fintech,1,0
rupay_1085,rupay,1,1,1,1,0,0,1,43,32,2,439.34,fintech,0,0
visa_13.1,visa,1,0,0,0,0,0,0,45,76,1,4106.74,ecommerce,0,1
rupay_1062,rupay,0,1,0,1,1,1,0,22,55,1,830.65,retail,2,1
disc_AP,disc,1,1,0,1,0,1,0,1,22,0,2835.85,travel,0,0
visa_13.4,visa,1,0,1,0,1,0,0,25,24,0,10481.36,saas,2,1
visa_13.7,visa,1,1,0,0,1,1,0,10,67,0,6006.49,retail,2,1
mc_4808,mc,1,1,1,0,1,0,0,20,61,3,25596.83,ecommerce,2,0
visa_13.1,visa,1,1,1,0,0,1,0,45,16,0,3892.71,ecommerce,1,1
rupay_1085,rupay,0,0,0,0,0,1,1,34,68,0,11507.63,ecommerce,0,0
rupay_ru02,rupay,1,0,0,1,1,0,0,33,56,1,34405.25,saas,0,0
visa_13.3,visa,1,0,1,1,0,0,0,24,107,0,1709.37,ecommerce,0,0
amex_R03,amex,0,0,1,1,0,0,0,30,98,1,3965.33,fintech,0,0
visa_11.2,visa,0,0,0,1,1,1,0,24,96,0,8980.55,retail,2,1
disc_UA,disc,1,0,1,0,0,1,1,9,103,0,11676.67,retail,1,0
mc_4812,mc,1,1,0,1,1,0,1,16,51,0,3396.41,travel,2,1
rupay_ru02,rupay,0,1,1,1,0,0,1,12,66,1,17420.87,ecommerce,1,1
visa_10.3,visa,0,0,1,1,0,0,0,21,47,0,15630.12,fintech,0,1
visa_10.4,visa,0,0,0,1,0,0,1,2,75,0,18852.46,healthcare,1,1
amex_P08,amex,1,1,0,1,1,1,0,20,42,0,23467.89,fintech,2,1
visa_13.5,visa,1,0,1,0,0,0,1,14,76,5,1230.97,fintech,2,0
mc_4808,mc,1,0,1,1,1,0,0,29,2,0,944.85,healthcare,2,1
visa_11.3,visa,1,1,1,0,1,0,1,45,36,1,2961.53,saas,2,1
mc_4837,mc,1,0,1,1,0,1,0,18,116,0,7269.11,travel,1,1
rupay_1062,rupay,1,1,1,0,0,0,0,32,82,1,696.23,ecommerce,1,1
rupay_ru02,rupay,0,1,0,1,1,0,1,17,105,2,11724.35,travel,1,0
visa_13.8,visa,1,0,1,0,1,0,0,19,26,0,3800.75,travel,2,1
visa_10.4,visa,0,1,0,1,0,1,0,13,105,0,9561.36,saas,1,1
rupay_ru02,rupay,1,1,1,1,1,1,1,19,70,2,21007.32,saas,2,0
rupay_ru02,rupay,1,1,0,1,1,1,0,4,57,0,2748.72,travel,2,0
rupay_ru02,rupay,0,0,1,0,1,1,1,18,120,0,1623.06,saas,1,1
mc_4855,mc,1,1,0,1,1,0,1,26,115,0,13974.5,travel,1,0
visa_10.4,visa,1,1,1,1,0,0,1,11,94,0,528.74,healthcare,1,1
visa_10.2,visa,1,1,0,0,0,1,1,11,12,0,3214.48,travel,2,1
rupay_1062,rupay,1,0,0,0,0,0,0,33,32,1,18378.69,fintech,0,1
rupay_1062,rupay,1,1,0,0,0,1,0,32,54,2,2670.88,healthcare,1,1
rupay_1085,rupay,1,1,1,1,0,0,0,2,112,1,756.29,retail,0,0
mc_4853,mc,1,0,1,0,1,0,0,5,77,0,5107.0,ecommerce,1,0
rupay_ru02,rupay,1,0,0,1,0,1,1,26,68,0,19086.86,saas,1,1
visa_11.3,visa,1,1,1,0,0,1,0,37,55,0,2655.67,healthcare,2,1
visa_13.9,visa,1,1,1,0,0,0,1,40,22,0,2747.53,fintech,2,0
rupay_ru02,rupay,1,0,0,1,0,0,1,39,118,4,8405.41,ecommerce,0,0
mc_4812,mc,1,1,1,1,0,0,0,30,9,0,10346.96,saas,2,1
visa_13.7,visa,1,1,1,1,1,0,1,13,42,2,9627.3,saas,2,1
rupay_ru01,rupay,1,1,0,0,1,0,0,34,31,0,12263.85,healthcare,1,1
mc_4855,mc,0,1,1,1,1,0,1,7,16,4,810.57,retail,1,0
visa_12.1,visa,0,0,1,1,1,1,1,19,69,1,4115.8,saas,2,1
mc_4870,mc,0,0,1,1,1,0,0,25,84,8,3284.5,healthcare,2,0
visa_13.2,visa,1,1,1,0,0,1,0,29,22,0,7663.66,retail,0,0
visa_10.5,visa,1,1,1,1,1,0,0,18,104,1,1047.99,travel,2,1
visa_11.2,visa,0,1,0,1,1,1,0,20,47,3,7974.13,saas,2,1
mc_4808,mc,1,1,0,0,1,1,0,26,100,5,1945.52,retail,2,0
visa_12.1,visa,1,0,1,1,0,0,0,3,117,1,22818.0,fintech,2,1
mc_4863,mc,1,1,0,0,1,0,0,32,10,0,1295.63,healthcare,0,0
visa_13.8,visa,1,0,1,1,0,0,1,13,26,3,13026.73,healthcare,0,1
visa_13.5,visa,1,0,1,1,1,1,0,44,20,2,296.55,saas,2,1
visa_13.5,visa,0,0,1,0,0,0,1,35,1,2,45432.52,fintech,2,1
disc_AA,disc,1,1,1,1,1,1,1,22,89,0,295.4,fintech,2,1
rupay_1062,rupay,0,0,1,0,0,0,0,32,12,5,3357.84,travel,0,0
visa_13.1,visa,1,1,1,0,1,1,1,6,41,1,5266.29,ecommerce,2,1
visa_10.5,visa,1,0,0,1,1,0,1,42,61,0,7887.3,travel,1,1
mc_4837,mc,1,0,1,1,0,0,0,41,58,0,1868.31,fintech,1,1
visa_12.5,visa,1,0,1,0,0,1,1,24,2,0,16915.67,fintech,2,1
rupay_1065,rupay,1,1,1,1,0,0,1,39,12,1,9003.63,fintech,2,1
visa_12.1,visa,0,1,0,1,0,0,1,41,4,0,5255.28,travel,2,1
rupay_ru01,rupay,0,1,1,1,1,0,0,26,21,1,39499.91,saas,2,1
amex_F10,amex,0,0,1,0,0,1,1,14,118,5,2071.12,healthcare,2,1
rupay_ru01,rupay,1,1,1,1,0,0,0,38,49,0,2549.28,travel,2,1
disc_IC,disc,0,0,1,1,1,0,0,39,64,3,17862.02,retail,0,0
disc_DP,disc,0,0,1,1,1,0,1,12,4,1,9054.48,saas,2,1
visa_10.1,visa,0,0,0,0,0,1,0,2,49,3,1162.14,travel,2,1
disc_CD,disc,0,0,0,0,0,1,1,44,72,5,154.56,travel,2,1
mc_4808,mc,0,0,1,0,0,0,0,5,45,1,10915.51,travel,2,1
rupay_1062,rupay,1,1,1,1,1,0,0,33,48,0,7905.13,saas,2,1
mc_4855,mc,0,0,1,1,1,0,1,2,76,0,504.72,healthcare,1,0
amex_F10,amex,1,0,1,0,1,0,0,21,86,1,6097.21,ecommerce,0,0
mc_4841,mc,1,0,1,1,1,0,1,20,50,1,11927.7,travel,2,1
amex_F31,amex,1,0,1,0,0,0,0,18,98,1,3144.75,fintech,2,1
rupay_ru01,rupay,1,1,1,1,0,1,0,13,40,0,16920.12,fintech,2,1
mc_4855,mc,0,1,1,1,0,0,0,32,100,0,5479.34,fintech,1,1
mc_4834,mc,0,1,1,1,0,0,1,31,96,0,991.49,fintech,2,1
amex_C28,amex,1,1,1,1,0,0,0,27,48,2,11958.9,retail,0,0
mc_4870,mc,1,1,0,1,1,0,0,15,117,0,123.18,travel,2,1
rupay_1062,rupay,0,1,0,1,1,1,1,30,49,0,1759.29,saas,2,1
mc_4863,mc,0,0,1,1,1,0,1,3,118,0,1273.95,saas,0,0
amex_C18,amex,1,1,1,1,0,1,1,9,45,2,462.01,ecommerce,2,1
visa_13.8,visa,1,0,0,1,0,1,0,14,62,0,8091.12,saas,0,0
mc_4837,mc,1,0,1,1,0,0,0,41,20,0,27165.42,fintech,1,1
mc_4808,mc,1,0,1,1,0,0,0,39,2,3,7666.63,travel,2,1
rupay_1065,rupay,1,1,1,0,0,1,1,45,47,8,1863.38,healthcare,2,0
rupay_1085,rupay,1,1,1,0,0,0,1,42,88,0,14610.04,travel,0,0
mc_4837,mc,1,0,1,1,1,0,0,27,91,0,5538.54,retail,1,1
rupay_ru02,rupay,0,0,0,1,1,1,0,19,91,3,2838.36,saas,1,0
rupay_1062,rupay,0,1,0,0,1,0,0,7,36,1,7806.94,retail,2,1
visa_13.9,visa,1,1,0,0,0,0,0,26,29,2,1687.47,retail,2,1
mc_4863,mc,0,0,0,0,1,1,1,10,70,0,707.78,fintech,2,1
rupay_1065,rupay,0,0,1,1,1,0,1,18,23,1,1698.1,ecommerce,2,1
visa_13.3,visa,1,0,1,1,1,0,0,34,19,2,3343.17,fintech,2,1
amex_C28,amex,1,0,1,1,0,0,0,27,9,1,12656.98,fintech,0,0
mc_4841,mc,0,0,1,1,0,0,1,24,109,2,2078.99,ecommerce,1,0
visa_13.4,visa,1,0,1,0,0,0,0,12,20,0,2933.93,saas,2,1
amex_R13,amex,0,0,1,1,0,1,0,36,84,0,1356.67,retail,2,1
rupay_ru02,rupay,1,1,0,0,1,0,0,34,9,0,3685.76,saas,1,1
visa_11.3,visa,0,0,0,0,1,0,1,41,98,0,340.25,travel,2,1
visa_13.7,visa,0,0,1,1,0,0,0,40,28,0,5416.04,healthcare,2,1
rupay_1065,rupay,1,1,1,1,0,0,1,1,92,0,30578.13,ecommerce,2,0
visa_10.4,visa,1,1,1,1,1,0,0,1,92,0,3719.11,saas,1,1
visa_11.1,visa,1,0,1,1,1,0,0,3,63,0,3467.32,fintech,2,1
visa_10.2,visa,1,0,1,0,1,1,1,15,97,1,2194.17,saas,2,1
mc_4870,mc,1,0,1,0,0,0,1,16,49,1,890.12,healthcare,2,1
amex_P05,amex,0,0,0,1,1,1,0,42,36,2,2830.96,saas,2,0
disc_DP,disc,1,0,0,1,1,1,0,11,114,0,18975.67,fintech,2,0
rupay_1065,rupay,0,1,1,0,0,0,1,39,39,1,642.6,saas,2,1
mc_4841,mc,1,0,0,1,0,0,0,25,119,3,29193.92,retail,0,0
visa_11.2,visa,0,0,0,1,1,1,1,3,13,0,8271.07,travel,2,1
visa_13.1,visa,1,1,1,1,0,0,0,24,9,2,6271.24,fintech,1,1
rupay_1065,rupay,1,0,0,1,0,0,1,21,120,4,5316.9,retail,2,0
rupay_1085,rupay,1,1,1,1,1,0,1,39,104,1,14832.0,travel,2,0
mc_4870,mc,0,0,1,1,1,0,1,12,33,1,1486.9,fintech,2,1
visa_10.3,visa,1,1,1,0,0,0,1,20,22,0,6832.44,healthcare,0,1
mc_4850,mc,1,0,1,1,0,1,0,39,40,1,8138.34,fintech,2,1
visa_13.7,visa,1,1,0,0,1,0,0,3,68,8,11354.77,fintech,2,0
rupay_ru02,rupay,1,1,1,1,0,0,0,12,2,3,187.1,fintech,1,0
visa_13.9,visa,1,0,0,0,1,0,0,22,28,1,394.88,healthcare,2,1
rupay_1065,rupay,0,1,0,1,1,1,0,30,92,0,12032.46,healthcare,2,1
mc_4812,mc,0,1,1,0,1,0,0,40,20,0,2575.1,ecommerce,2,1
rupay_ru01,rupay,1,0,1,1,0,0,0,16,30,8,3600.72,saas,1,0
visa_13.2,visa,1,0,1,0,0,0,0,36,16,0,8343.56,travel,0,0
mc_4871,mc,1,1,1,1,1,0,0,11,51,2,8988.36,travel,2,1
visa_10.1,visa,1,0,0,1,0,0,0,28,90,0,4696.37,healthcare,2,1
amex_P05,amex,0,1,1,0,1,1,1,22,58,0,10426.76,fintech,2,1
visa_13.4,visa,1,1,1,1,0,0,0,15,104,1,11272.95,ecommerce,2,0
visa_10.1,visa,1,1,1,1,0,0,1,42,52,0,10984.52,ecommerce,2,1
mc_4808,mc,0,1,1,0,1,1,0,44,41,0,3910.39,fintech,2,1
rupay_1062,rupay,0,0,1,1,0,0,1,4,24,1,6514.09,saas,0,0
mc_4870,mc,1,1,1,1,1,1,1,30,14,1,5183.91,ecommerce,2,1
visa_11.2,visa,1,0,1,1,1,0,1,7,120,0,10618.32,fintech,2,1
visa_11.3,visa,0,1,1,0,0,1,0,12,91,0,21390.85,saas,2,1
mc_4837,mc,1,0,0,0,0,0,0,13,80,0,5175.45,travel,0,1
amex_C04,amex,0,0,0,0,0,1,1,18,117,2,14391.65,travel,0,0
amex_A02,amex,1,0,0,1,1,1,1,27,35,0,1428.94,fintech,2,1
visa_10.1,visa,0,1,1,1,1,0,0,5,12,2,5018.59,retail,2,1
amex_R13,amex,1,1,1,0,0,1,0,1,36,0,23436.16,fintech,2,1
rupay_1062,rupay,1,1,1,0,0,0,0,3,61,1,8796.79,saas,1,1
mc_4837,mc,0,1,0,1,1,0,0,41,106,0,6757.76,retail,1,1
rupay_1062,rupay,0,0,1,1,1,0,1,15,33,0,3492.11,ecommerce,1,1
rupay_1065,rupay,1,1,1,1,0,0,1,21,45,1,3883.61,saas,2,1
rupay_ru01,rupay,0,0,1,0,0,1,1,26,34,0,11201.27,healthcare,1,1
visa_11.2,visa,1,1,0,1,1,0,0,37,58,0,18902.81,travel,2,1
disc_UD,disc,1,1,0,1,0,0,1,3,63,1,5804.46,healthcare,1,1
visa_11.2,visa,1,0,0,0,0,0,0,23,75,0,4098.75,healthcare,2,1
visa_10.5,visa,1,1,1,1,1,0,1,45,13,2,2105.61,healthcare,2,1
mc_4850,mc,1,1,1,0,0,0,0,17,51,0,2752.91,ecommerce,2,1
visa_13.7,visa,1,1,1,1,0,0,1,39,72,1,30000.54,fintech,2,1
amex_F29,amex,1,1,0,1,1,1,1,24,8,1,3879.06,ecommerce,1,1
amex_P05,amex,1,1,0,1,0,0,0,36,1,0,454.78,saas,0,0
rupay_ru02,rupay,1,1,1,1,0,0,1,17,116,0,125.72,saas,1,1
visa_11.1,visa,0,1,1,1,0,0,0,39,63,2,8776.82,ecommerce,2,0
mc_4808,mc,1,0,0,1,0,0,0,19,56,0,13312.27,saas,2,1
mc_4853,mc,1,0,0,1,0,0,0,6,72,0,4493.77,saas,0,0
rupay_ru01,rupay,1,1,1,0,1,1,1,44,76,0,6299.5,healthcare,1,1
visa_13.2,visa,1,1,1,1,1,0,0,8,53,0,4571.08,ecommerce,1,1
disc_RG,disc,1,0,0,1,0,0,0,41,72,0,3095.78,travel,0,0
mc_4850,mc,1,0,1,0,0,0,1,3,63,0,6658.33,saas,2,1
rupay_1085,rupay,1,1,1,1,0,1,1,28,97,0,882.53,fintech,0,0
visa_10.2,visa,0,1,1,1,0,0,1,38,91,0,4929.34,saas,2,1
rupay_1062,rupay,1,1,1,1,0,0,0,43,82,0,10167.2,travel,1,1
mc_4863,mc,1,1,1,0,1,0,1,16,110,0,2530.07,healthcare,0,1
mc_4863,mc,1,1,1,0,0,0,1,38,77,0,10969.23,saas,0,1
mc_4853,mc,1,0,1,0,0,0,0,37,91,4,4237.17,healthcare,0,0
rupay_1085,rupay,1,1,0,1,0,1,1,23,25,0,5724.34,travel,0,1
rupay_ru02,rupay,0,0,1,1,0,1,1,37,70,4,3546.21,fintech,1,0
rupay_1085,rupay,1,1,1,1,1,0,1,1,60,0,4894.34,fintech,2,0
visa_10.2,visa,1,1,1,1,0,0,0,40,92,8,2509.85,healthcare,2,1
visa_13.8,visa,1,0,0,0,1,1,1,45,21,8,3131.65,saas,2,0
rupay_ru01,rupay,1,1,1,1,0,1,1,13,53,3,903.52,retail,2,1
rupay_1065,rupay,1,1,0,1,1,0,0,40,62,3,574.04,healthcare,2,0
rupay_ru02,rupay,1,1,0,1,0,0,0,45,90,8,433.19,travel,1,0
mc_4808,mc,1,1,1,1,1,0,0,33,83,0,15987.03,healthcare,2,1
visa_12.5,visa,1,0,0,0,0,0,1,12,81,0,1081.77,ecommerce,0,0
visa_13.8,visa,1,1,1,1,0,0,0,23,44,0,8075.34,fintech,0,0
rupay_ru02,rupay,1,1,1,0,1,0,1,35,105,0,11298.7,retail,1,0
visa_10.4,visa,0,1,1,1,1,0,1,32,30,0,1728.07,saas,1,1
visa_10.2,visa,0,0,0,0,0,0,0,25,11,0,42417.43,travel,2,1
rupay_1065,rupay,0,0,0,0,0,0,1,23,100,0,966.5,saas,2,1
mc_4837,mc,0,1,1,0,0,0,1,11,65,0,10323.27,saas,1,1
mc_4841,mc,1,0,1,0,0,1,0,23,105,0,1949.68,saas,0,0
amex_P05,amex,1,0,0,1,0,1,0,21,85,0,7270.72,healthcare,2,1
rupay_1085,rupay,1,1,1,1,0,1,0,13,75,3,1331.67,fintech,0,0
mc_4808,mc,0,1,0,0,0,0,1,11,68,0,17433.92,saas,2,1
mc_4850,mc,1,0,1,0,0,1,0,20,26,0,2757.41,ecommerce,2,1
amex_A01,amex,0,1,1,1,0,0,0,11,29,0,11069.33,healthcare,2,1
amex_F29,amex,1,0,1,1,1,1,0,10,14,1,8205.11,saas,1,1
visa_12.5,visa,0,1,1,0,0,0,0,37,90,0,7036.07,travel,0,1
rupay_1085,rupay,1,1,1,1,0,0,1,34,51,0,920.12,ecommerce,0,0
visa_13.5,visa,1,1,1,1,1,0,1,19,77,0,192.77,healthcare,2,1
disc_CD,disc,1,1,1,0,0,0,1,6,116,1,5685.73,retail,2,0
rupay_1085,rupay,1,1,0,1,1,0,0,16,18,1,8274.81,travel,2,1
visa_10.4,visa,0,1,1,0,1,0,1,13,36,0,9276.99,ecommerce,1,0
visa_10.1,visa,0,0,1,0,0,0,1,7,10,0,1715.66,saas,2,1
visa_13.1,visa,1,0,1,1,1,0,0,18,54,8,12374.05,saas,0,0
rupay_ru02,rupay,1,1,0,1,1,0,0,13,38,4,259.85,retail,1,0
visa_13.3,visa,0,1,1,1,0,1,1,27,2,0,4220.72,saas,0,0
visa_11.1,visa,1,0,1,0,1,1,0,35,58,0,15823.24,healthcare,2,1
disc_RM,disc,0,0,1,0,1,1,0,9,37,0,22328.59,healthcare,2,1
amex_A01,amex,1,0,1,1,0,0,0,32,69,3,2760.47,saas,2,0
visa_13.7,visa,1,1,1,1,0,1,0,33,20,3,1833.42,travel,2,0
mc_4850,mc,1,0,0,0,0,0,1,13,69,3,9068.82,saas,2,1
visa_12.1,visa,0,0,1,1,0,1,0,31,24,0,3394.68,ecommerce,2,0
mc_4808,mc,1,0,1,0,1,0,0,33,72,1,24758.38,fintech,2,1
amex_A08,amex,1,1,0,0,0,0,0,9,115,2,26311.62,fintech,2,0
visa_13.9,visa,0,0,1,1,1,0,0,43,33,0,13544.03,healthcare,2,1
rupay_ru02,rupay,0,0,1,0,0,0,0,35,117,0,8937.75,fintech,0,1
mc_4863,mc,1,1,1,0,0,1,0,18,19,0,23347.12,fintech,2,1
visa_13.7,visa,0,0,1,1,1,0,1,44,101,0,4175.71,retail,2,1
visa_13.4,visa,1,1,1,0,1,1,0,33,98,1,9412.68,healthcare,2,1
mc_4863,mc,0,1,1,0,1,1,1,6,63,0,512.14,fintech,2,1
rupay_1062,rupay,1,0,0,1,0,0,0,20,47,1,6749.39,fintech,0,0
amex_A08,amex,1,0,1,1,0,0,0,21,39,0,489.81,ecommerce,2,1
visa_12.1,visa,1,1,1,1,0,0,0,31,86,1,2472.17,saas,2,1
visa_13.3,visa,0,1,1,1,0,0,0,15,20,3,8117.16,ecommerce,0,1
amex_C14,amex,1,1,1,0,0,0,1,32,54,1,3903.87,healthcare,2,1
visa_12.1,visa,1,0,0,1,0,0,0,2,117,0,10775.2,fintech,2,0
visa_11.3,visa,0,1,1,0,0,0,0,34,33,0,10060.51,healthcare,2,1
rupay_1065,rupay,1,1,1,1,0,0,0,33,28,0,20171.84,travel,2,1
mc_4812,mc,1,0,0,1,1,0,1,28,10,8,8265.27,ecommerce,2,0
mc_4837,mc,0,0,0,1,0,0,0,7,72,0,7359.59,ecommerce,1,1
visa_13.8,visa,0,1,0,0,1,0,0,32,40,0,17879.47,saas,2,1
mc_4863,mc,0,1,1,1,0,1,1,39,111,0,2546.52,travel,2,1
visa_12.6.1,visa,1,0,0,1,0,1,1,43,33,1,3479.99,retail,2,1
mc_4850,mc,0,1,0,1,0,0,1,34,109,1,11539.19,healthcare,2,1
mc_4837,mc,1,1,1,0,0,0,0,17,80,0,8625.88,healthcare,1,1
disc_AA,disc,0,1,1,1,0,0,0,23,74,0,21713.67,healthcare,2,1
visa_12.1,visa,1,1,1,0,0,1,0,3,95,3,23820.29,ecommerce,2,0
mc_4808,mc,1,1,1,1,1,1,1,38,24,2,15708.61,healthcare,2,0
mc_4837,mc,0,1,1,1,0,0,1,7,64,1,3987.58,healthcare,2,1
mc_4855,mc,1,1,0,1,0,1,0,37,95,5,27468.33,travel,1,0
visa_13.1,visa,1,1,1,1,0,1,0,39,55,1,9317.79,travel,1,1
rupay_1085,rupay,0,0,1,0,1,0,0,42,56,0,3129.75,healthcare,2,1
mc_4837,mc,1,0,1,1,1,0,1,25,75,4,1761.42,ecommerce,1,0
disc_AA,disc,1,1,1,1,0,1,0,1,52,0,14015.8,fintech,2,1
mc_4853,mc,0,1,1,1,1,0,1,33,73,0,23242.32,retail,2,1
mc_4863,mc,1,0,1,1,0,0,0,6,51,2,5156.29,saas,0,0
mc_4841,mc,0,1,0,1,1,1,0,6,120,3,9661.8,healthcare,1,0
mc_4871,mc,1,0,1,0,1,1,1,17,101,0,1939.67,healthcare,2,1
visa_13.8,visa,1,1,1,1,0,1,1,33,10,0,6158.68,travel,0,0
visa_10.1,visa,1,0,1,1,1,1,0,22,8,0,907.73,ecommerce,2,1
disc_AP,disc,0,1,1,1,0,1,1,17,60,0,5689.95,saas,1,1
visa_13.3,visa,1,1,1,1,0,1,0,15,25,0,637.56,healthcare,0,0
amex_F14,amex,1,1,1,1,1,0,0,2,59,1,4199.36,ecommerce,0,0
rupay_1065,rupay,1,1,1,1,1,1,0,5,76,8,3395.78,ecommerce,2,0
visa_11.1,visa,1,0,1,1,1,0,0,38,108,0,19818.21,retail,2,1
rupay_1062,rupay,1,0,1,0,1,0,0,23,86,0,8591.95,healthcare,1,1
amex_C05,amex,1,0,1,0,1,0,0,24,8,0,4261.37,travel,1,1
amex_C04,amex,0,0,0,1,0,1,1,32,51,0,17506.16,saas,0,0
visa_10.5,visa,1,1,0,0,0,0,1,24,78,0,936.76,ecommerce,1,1
visa_13.3,visa,0,1,0,0,0,0,1,40,58,2,14302.37,saas,0,0
visa_13.2,visa,0,1,1,0,0,0,0,3,47,3,6172.83,saas,0,0
rupay_1065,rupay,1,1,1,1,0,1,0,4,47,0,371.04,fintech,2,1
visa_13.9,visa,0,1,1,1,0,0,1,22,59,0,9404.92,ecommerce,2,1
visa_13.2,visa,0,0,1,1,0,0,0,27,115,0,1989.74,ecommerce,0,0
rupay_1065,rupay,0,1,1,0,0,0,1,7,30,0,1524.09,ecommerce,2,1
rupay_1062,rupay,0,0,0,0,1,0,1,30,54,2,1852.67,ecommerce,1,0
visa_12.1,visa,1,1,1,0,1,1,1,10,69,0,1725.59,fintech,2,1
mc_4853,mc,1,1,1,1,0,0,1,11,61,1,2614.5,ecommerce,1,1
amex_F29,amex,0,1,1,1,0,0,1,6,10,1,10947.37,healthcare,2,1
amex_C08,amex,1,1,0,1,0,1,1,43,110,0,5100.48,ecommerce,2,1
visa_10.4,visa,1,1,1,1,1,1,0,23,39,0,2134.46,fintech,2,1
visa_13.6,visa,0,1,1,1,0,0,1,13,99,1,6396.15,fintech,0,0
amex_F24,amex,1,1,0,1,0,0,0,36,28,0,573.77,retail,1,1
mc_4808,mc,1,1,1,1,0,0,0,28,92,2,6255.98,healthcare,2,0
amex_F24,amex,1,0,1,0,0,0,1,7,62,0,454.26,saas,1,1
visa_11.3,visa,1,1,1,1,1,1,1,45,95,2,4921.75,fintech,2,0
visa_12.6.1,visa,1,0,1,0,0,1,0,37,65,0,5894.07,travel,2,1
mc_4837,mc,1,1,1,1,1,0,1,9,2,0,6615.02,fintech,2,1
mc_4863,mc,1,0,1,0,1,0,1,14,34,0,1170.85,healthcare,0,1
mc_4855,mc,1,1,0,1,0,0,0,16,91,0,8704.21,ecommerce,1,0
mc_4871,mc,0,1,0,1,1,0,0,5,120,0,6931.52,travel,2,0
rupay_ru02,rupay,1,1,1,1,1,0,0,32,83,1,10570.01,travel,1,1
visa_12.1,visa,1,1,0,1,0,0,1,32,71,2,9116.94,retail,2,1
rupay_ru02,rupay,0,1,0,0,1,1,1,14,41,0,3129.27,ecommerce,2,0
visa_12.5,visa,0,1,1,0,1,1,1,27,22,3,5592.61,ecommerce,2,0
disc_UD,disc,1,0,1,1,1,1,1,6,76,0,230.39,healthcare,1,1
visa_11.2,visa,1,0,1,0,0,0,0,23,88,2,3040.29,saas,2,0
visa_11.3,visa,1,0,0,0,0,0,0,40,111,0,947.62,healthcare,2,1
mc_4853,mc,1,1,1,0,1,0,1,14,85,0,237.7,travel,2,1
amex_A08,amex,0,1,1,0,0,1,0,5,60,0,2515.73,healthcare,2,0
disc_RG,disc,1,1,0,1,0,0,1,37,39,3,6328.1,healthcare,2,1
mc_4812,mc,1,0,0,0,1,0,0,9,55,0,9442.42,saas,2,1
disc_IC,disc,0,1,1,1,0,0,0,32,59,1,16544.14,retail,0,0
visa_10.5,visa,0,1,1,0,1,0,1,42,119,1,285.33,ecommerce,1,1
visa_10.1,visa,1,1,1,0,0,0,0,34,46,0,26105.93,travel,2,1
visa_13.4,visa,1,0,1,0,1,0,1,33,86,0,3470.27,fintech,2,1
mc_4870,mc,1,1,1,1,1,0,0,34,99,0,4904.96,ecommerce,2,1
amex_C18,amex,1,1,1,1,1,1,0,37,26,1,13842.18,saas,2,1
rupay_ru02,rupay,0,1,1,1,1,0,1,26,50,0,13136.89,healthcare,1,0
mc_4853,mc,0,1,1,1,0,0,0,30,92,3,1545.36,fintech,1,0
amex_F29,amex,1,0,1,0,1,0,0,31,30,0,1559.12,saas,1,1
rupay_1062,rupay,0,1,0,1,1,1,0,44,24,1,7301.51,fintech,2,1
amex_P08,amex,0,1,0,1,1,1,1,35,61,0,1848.56,healthcare,2,1
visa_12.1,visa,1,1,0,0,0,0,1,8,25,0,1185.89,healthcare,2,1
amex_C04,amex,0,1,1,0,0,0,0,6,105,4,3618.31,retail,0,0
mc_4870,mc,0,0,0,0,1,0,0,3,22,1,4564.24,ecommerce,2,1
visa_12.5,visa,1,0,0,1,0,1,1,10,5,0,26440.2,saas,2,0
mc_4812,mc,1,1,1,0,1,0,1,44,28,1,1237.41,ecommerce,2,1
visa_11.3,visa,0,0,0,1,1,1,1,16,83,1,1026.83,healthcare,2,1
rupay_1065,rupay,0,1,0,1,1,0,0,26,118,2,2633.5,healthcare,2,0
visa_13.4,visa,0,1,1,0,1,1,1,7,114,1,3716.72,fintech,2,0
mc_4834,mc,0,0,0,1,0,0,0,19,88,0,3299.98,travel,2,1
rupay_ru01,rupay,1,0,1,0,0,0,1,24,45,0,9504.58,ecommerce,1,1
disc_UA,disc,1,0,1,1,0,0,0,1,81,0,8102.6,saas,1,1
rupay_ru01,rupay,1,1,0,1,0,0,1,29,59,0,14042.74,retail,1,1
mc_4808,mc,1,0,1,0,0,0,0,45,38,2,4351.63,fintech,2,1
mc_4837,mc,1,0,1,0,1,0,0,7,9,0,15180.16,travel,1,1
visa_13.4,visa,1,1,1,1,0,0,0,32,7,0,122.88,saas,2,1
mc_4863,mc,1,0,1,1,0,0,0,24,87,0,1237.74,travel,0,1
visa_13.1,visa,1,0,1,1,1,0,0,34,46,1,9604.6,retail,0,0
rupay_1085,rupay,0,0,0,1,0,1,1,31,16,0,16179.42,saas,0,1
visa_10.4,visa,1,0,1,1,1,0,1,42,107,2,35248.47,retail,1,1
mc_4808,mc,1,0,1,1,1,0,1,3,59,0,4556.58,saas,2,1
visa_13.7,visa,1,0,0,1,0,0,1,34,67,1,2697.03,saas,2,1
mc_4870,mc,1,0,1,1,0,0,0,27,114,2,3455.06,saas,2,1
visa_13.1,visa,1,0,0,0,1,0,0,17,105,0,26878.49,healthcare,0,0
rupay_ru01,rupay,1,0,1,0,1,0,0,34,28,1,4512.48,retail,1,1
visa_10.5,visa,1,0,1,0,0,0,0,39,62,0,3636.98,healthcare,1,1
rupay_1085,rupay,0,0,0,0,1,0,0,3,13,1,2156.46,fintech,2,1
rupay_ru02,rupay,1,0,1,0,0,1,0,7,47,1,7027.15,fintech,1,1
amex_F31,amex,0,0,1,0,1,1,1,13,110,2,5014.94,ecommerce,2,0
amex_F24,amex,1,1,1,1,1,0,1,16,36,4,206.09,saas,2,1
amex_P05,amex,0,1,1,0,0,0,1,29,68,0,687.93,healthcare,0,0
rupay_ru02,rupay,1,0,0,1,0,0,1,25,2,8,3245.59,healthcare,0,0
mc_4855,mc,1,0,1,0,1,1,0,44,33,0,1881.94,fintech,1,0
visa_13.7,visa,1,0,1,0,1,0,1,13,119,0,3774.68,healthcare,2,0
visa_13.2,visa,1,1,0,0,1,0,0,34,105,0,2893.77,ecommerce,1,0
visa_12.5,visa,1,0,1,1,1,1,0,41,115,0,325.68,fintech,2,1
mc_4808,mc,1,0,1,0,0,0,1,35,118,1,38130.73,fintech,2,1
mc_4871,mc,1,1,1,0,1,0,1,29,110,1,383.79,healthcare,2,1
disc_CD,disc,1,0,0,0,0,1,1,8,54,0,4361.57,healthcare,2,0
mc_4863,mc,0,1,0,0,1,1,1,21,65,2,24595.33,ecommerce,2,1
visa_13.8,visa,0,1,1,0,1,1,0,3,104,1,5558.28,ecommerce,2,0
mc_4841,mc,0,1,1,1,1,0,0,19,38,0,5381.11,fintech,1,0
mc_4812,mc,1,1,0,1,1,1,0,45,102,0,17447.18,saas,2,1
mc_4870,mc,1,0,0,1,0,0,0,38,49,0,4625.99,travel,2,1
visa_13.3,visa,1,0,1,1,0,1,1,42,111,0,6488.45,saas,0,0
visa_13.3,visa,1,1,1,1,0,0,0,7,111,0,8870.86,healthcare,0,0
mc_4808,mc,0,1,0,1,0,0,0,14,27,5,12418.42,healthcare,2,0
rupay_ru01,rupay,0,0,1,1,0,0,0,44,53,0,1289.86,healthcare,1,1
amex_C04,amex,0,0,1,1,0,0,0,32,89,0,3654.55,fintech,0,0
visa_11.1,visa,1,0,1,1,0,1,0,4,29,5,12120.22,healthcare,2,0
rupay_ru01,rupay,0,1,0,1,1,0,0,10,70,0,6176.55,ecommerce,1,1
rupay_1065,rupay,1,0,0,0,0,1,1,18,72,2,2344.47,saas,2,0
visa_10.2,visa,1,1,1,1,0,0,1,31,13,3,4809.61,retail,2,1
rupay_1085,rupay,1,1,0,0,1,0,1,14,92,0,1765.62,fintech,2,0
mc_4850,mc,1,0,0,1,1,1,0,8,98,2,14242.05,healthcare,2,0
amex_C08,amex,1,1,0,1,1,0,0,30,11,0,4572.26,ecommerce,1,1
mc_4870,mc,0,1,1,1,0,0,0,18,64,0,2089.78,travel,2,1
rupay_ru02,rupay,1,1,0,0,0,0,1,2,73,0,2132.08,healthcare,1,0
amex_R13,amex,1,1,1,1,0,1,0,45,112,0,4304.37,healthcare,2,1
visa_11.2,visa,1,1,1,1,0,1,0,7,55,0,15595.08,healthcare,2,1
mc_4850,mc,0,0,1,0,0,0,0,16,21,1,10559.28,healthcare,2,1
visa_10.4,visa,1,0,1,1,0,0,0,25,63,3,9447.29,ecommerce,1,1
rupay_ru01,rupay,1,0,1,1,0,0,0,38,2,0,10816.09,fintech,1,1
rupay_1085,rupay,0,1,0,0,0,1,0,12,120,0,4651.78,saas,0,1
mc_4812,mc,0,1,1,1,1,1,0,2,46,2,1377.72,retail,2,0
amex_R13,amex,1,0,0,0,1,1,0,32,117,5,2486.56,healthcare,2,1
mc_4812,mc,1,1,0,0,0,1,1,34,48,0,16932.14,saas,2,1
visa_11.1,visa,1,1,1,0,1,0,1,41,114,3,4642.7,travel,2,0
mc_4853,mc,1,1,1,0,0,0,0,28,19,0,4006.72,travel,1,1
visa_13.4,visa,1,1,1,1,0,1,1,9,90,0,19300.06,saas,2,1
mc_4837,mc,1,1,1,0,0,0,1,2,66,0,2291.03,fintech,1,1
rupay_1085,rupay,0,1,1,1,1,0,1,10,46,1,1919.88,retail,2,1
visa_10.5,visa,1,1,1,0,1,0,1,29,66,3,43575.65,retail,1,0
visa_10.2,visa,0,1,1,1,1,0,1,44,43,0,17438.17,saas,2,1
mc_4853,mc,1,1,1,0,1,0,0,9,43,0,13217.67,saas,2,1
mc_4855,mc,1,1,1,0,0,0,0,40,66,1,8347.08,ecommerce,1,1
visa_12.5,visa,1,1,1,0,1,0,0,20,4,0,11270.61,ecommerce,0,1
rupay_1085,rupay,0,1,1,1,0,0,0,25,96,0,634.02,saas,0,0
rupay_ru01,rupay,1,1,1,1,0,0,1,27,6,0,5282.74,retail,2,1
visa_10.3,visa,1,0,1,0,0,1,0,3,90,0,2098.55,ecommerce,2,0
rupay_1085,rupay,1,0,1,1,1,0,1,31,111,0,4364.3,travel,2,1
amex_C18,amex,1,0,0,0,1,1,0,1,19,3,6618.59,saas,2,0
visa_10.4,visa,1,1,1,0,1,1,0,27,120,4,8079.65,saas,1,0
rupay_1085,rupay,0,0,0,1,0,0,1,9,116,3,1722.63,travel,0,0
amex_A02,amex,1,0,0,1,0,0,0,18,104,1,27809.77,saas,2,1
visa_12.5,visa,1,1,0,1,1,0,1,12,49,3,6704.07,retail,0,0
rupay_1062,rupay,1,1,1,0,0,1,1,35,86,1,8396.21,retail,1,1
rupay_ru02,rupay,0,1,0,1,1,0,0,4,32,0,33415.74,healthcare,1,1
visa_10.3,visa,1,1,1,1,0,0,0,37,69,0,11052.88,saas,0,1
rupay_ru02,rupay,0,0,0,1,0,1,1,14,78,1,38877.35,travel,1,0
rupay_ru02,rupay,1,0,0,1,1,1,0,32,100,1,163.07,saas,1,0
visa_13.3,visa,1,0,1,1,0,0,0,21,70,2,10451.82,retail,0,0
visa_13.1,visa,1,0,1,1,1,0,0,41,17,3,35849.58,healthcare,0,0
visa_10.1,visa,1,1,0,1,1,0,0,28,81,0,15045.64,retail,2,1
mc_4863,mc,1,1,1,1,1,0,1,14,17,0,1209.46,healthcare,0,0
amex_F31,amex,1,1,1,1,0,0,0,40,58,2,14273.61,fintech,2,1
rupay_1062,rupay,1,1,0,1,0,1,1,21,3,8,16354.9,healthcare,1,0
rupay_ru02,rupay,1,0,0,1,0,0,1,42,53,0,2867.0,retail,0,1
disc_DP,disc,1,1,1,1,0,0,0,29,34,0,23157.97,healthcare,2,1
visa_13.3,visa,1,1,1,1,0,1,0,20,44,0,11042.63,healthcare,0,0
rupay_1085,rupay,1,0,1,1,0,0,1,2,60,8,6209.84,retail,0,0
visa_13.1,visa,1,0,1,1,0,0,0,14,45,0,2352.94,travel,0,0
mc_4863,mc,1,0,1,0,0,1,0,25,69,0,9799.06,fintech,2,1
mc_4812,mc,1,1,1,1,0,1,0,24,50,0,783.49,saas,2,1
disc_RG,disc,0,1,1,0,1,1,1,18,59,8,2332.22,retail,2,1
visa_13.4,visa,0,1,1,1,1,0,0,2,43,0,14417.88,fintech,2,1
mc_4850,mc,1,1,1,1,0,0,0,13,109,1,5713.53,ecommerce,2,1
visa_12.5,visa,1,0,1,1,1,0,0,21,35,0,346.75,travel,0,1
amex_P08,amex,1,0,0,0,1,1,0,3,11,4,671.92,travel,2,1
visa_11.3,visa,1,0,0,1,0,0,1,1,5,0,7202.47,saas,2,1
rupay_ru01,rupay,1,1,1,1,0,0,0,27,70,0,4829.06,ecommerce,2,1
visa_13.7,visa,1,1,1,0,0,0,0,16,29,0,5276.68,retail,2,1
rupay_1065,rupay,1,1,0,0,1,0,1,31,106,8,9365.3,ecommerce,2,0
visa_13.8,visa,1,0,0,0,1,0,0,11,57,1,589.69,travel,2,1
visa_13.9,visa,1,1,1,0,0,0,1,28,25,0,1696.83,ecommerce,2,0
amex_C05,amex,0,1,1,1,1,0,0,27,66,0,14461.51,travel,1,0
rupay_1065,rupay,0,0,1,1,0,0,0,17,92,0,4792.49,saas,2,1
visa_13.4,visa,1,0,1,1,1,1,0,44,72,1,299.06,retail,2,1
visa_11.3,visa,1,1,1,1,0,1,0,19,16,1,6003.68,fintech,2,1
mc_4841,mc,1,1,0,1,0,1,0,1,76,0,265.67,ecommerce,0,0
visa_13.1,visa,1,1,1,1,1,1,0,27,30,1,10991.93,healthcare,1,1
visa_11.3,visa,0,0,1,0,1,0,0,24,106,0,12805.2,retail,2,1
mc_4837,mc,1,1,1,1,0,0,0,39,71,0,1384.97,healthcare,2,1
mc_4808,mc,1,0,1,1,1,0,1,21,14,0,5705.49,healthcare,2,1
disc_UA,disc,1,0,1,0,1,0,1,7,6,0,9180.4,fintech,1,1
rupay_ru02,rupay,1,0,1,1,1,0,0,12,5,2,2056.64,fintech,0,0
mc_4870,mc,0,1,1,1,1,1,0,17,36,1,6907.4,retail,2,1
amex_A01,amex,1,1,1,1,0,1,0,37,34,0,12173.49,retail,2,0
mc_4834,mc,0,0,1,1,0,0,0,41,78,2,2527.96,travel,2,0
mc_4853,mc,1,0,1,1,1,0,1,44,116,0,6420.52,travel,1,0
visa_12.5,visa,0,0,1,0,1,0,0,13,120,0,21125.46,ecommerce,0,0
mc_4853,mc,1,0,1,1,0,0,1,40,57,0,9637.88,healthcare,0,0
disc_RG,disc,1,1,0,1,1,0,0,14,67,0,5910.1,saas,1,1
mc_4853,mc,1,1,1,0,0,0,0,45,97,0,6155.37,healthcare,1,1
disc_nan,disc,1,1,1,0,1,0,1,26,95,1,8665.65,ecommerce,2,0
mc_4863,mc,1,0,1,1,0,1,1,3,92,0,20993.6,healthcare,2,1
rupay_ru02,rupay,1,0,0,1,1,0,1,17,6,0,1740.46,fintech,0,0
visa_13.4,visa,1,1,0,1,0,0,1,28,50,0,5391.4,healthcare,2,1
rupay_ru01,rupay,1,1,0,1,1,1,0,10,11,0,1641.85,retail,1,1
amex_F29,amex,1,1,0,1,0,0,0,3,86,1,5738.45,healthcare,1,1
visa_13.4,visa,0,0,0,1,1,1,0,22,82,0,2047.59,healthcare,2,1
visa_10.5,visa,1,1,0,0,1,0,0,22,34,0,3223.32,healthcare,1,1
mc_4812,mc,0,1,1,1,0,0,0,8,19,0,7106.61,fintech,2,0
visa_10.5,visa,1,1,1,0,1,0,1,4,113,0,22261.97,saas,1,1
mc_4808,mc,1,0,0,1,0,0,0,41,46,0,6711.93,saas,2,1
rupay_ru01,rupay,0,1,1,1,1,0,1,26,28,0,3287.23,fintech,2,1
disc_RM,disc,0,0,0,1,0,0,1,40,7,1,170.16,travel,2,0
rupay_1062,rupay,0,0,0,1,0,1,0,32,19,1,1982.43,healthcare,0,1
disc_IC,disc,0,1,1,0,0,0,0,14,7,0,3882.62,ecommerce,0,0
visa_12.1,visa,1,1,1,1,1,0,1,21,96,0,2696.68,travel,2,1
visa_10.4,visa,0,0,1,1,1,1,0,32,85,0,6370.83,healthcare,1,1
rupay_1065,rupay,0,0,1,0,1,0,1,28,19,0,10212.84,saas,2,0
visa_10.5,visa,1,0,1,1,1,0,0,15,47,0,28922.12,ecommerce,1,1
visa_13.9,visa,0,1,1,1,0,0,0,6,38,4,11128.04,fintech,2,1
visa_10.4,visa,1,0,0,0,0,1,0,32,39,0,29780.45,retail,1,1
visa_13.7,visa,1,0,1,1,1,1,0,38,78,0,19673.11,travel,2,1
rupay_1062,rupay,1,0,1,1,1,0,0,13,109,0,16004.33,healthcare,1,1
amex_F30,amex,1,1,1,1,0,0,0,10,5,0,12482.22,ecommerce,2,1
mc_4870,mc,0,1,1,1,0,0,0,6,15,0,1350.62,saas,2,1
rupay_1085,rupay,1,1,0,1,0,0,1,12,9,0,6496.08,saas,0,0
visa_12.1,visa,1,1,0,1,1,1,0,34,48,3,7624.58,ecommerce,2,1
mc_4850,mc,0,0,1,1,1,1,0,28,76,0,3544.32,travel,2,1
visa_11.3,visa,0,0,1,1,0,1,0,28,97,3,6419.69,travel,2,0
rupay_1065,rupay,1,1,1,1,0,0,1,29,42,0,14744.17,saas,2,1
visa_13.6,visa,0,0,1,0,1,1,1,39,120,1,15553.33,ecommerce,2,0
rupay_1065,rupay,0,1,0,0,0,0,0,40,80,3,5384.16,saas,2,1
disc_AA,disc,1,1,1,1,0,1,0,40,25,0,34682.55,ecommerce,2,1
rupay_ru02,rupay,1,1,0,1,0,0,1,27,100,4,10143.11,ecommerce,1,0
visa_10.3,visa,0,1,1,1,0,1,0,32,114,1,2811.39,saas,2,1
visa_12.5,visa,0,1,0,1,0,0,0,20,32,1,3974.12,ecommerce,0,1
rupay_ru02,rupay,1,0,1,1,1,0,0,5,86,0,3682.73,fintech,0,0
visa_13.6,visa,1,1,1,1,1,0,0,32,42,0,13795.92,ecommerce,2,1
disc_IC,disc,1,1,1,1,1,0,1,40,13,0,2856.64,fintech,0,0
amex_R13,amex,0,1,0,1,1,0,0,43,90,3,5383.73,saas,2,1
visa_11.3,visa,0,0,1,0,1,0,1,41,60,1,1439.33,retail,2,1
mc_4863,mc,1,0,0,1,0,1,0,17,53,1,8192.9,saas,2,1
mc_4853,mc,1,1,1,1,0,0,1,41,13,0,11088.67,ecommerce,1,1
rupay_1062,rupay,1,0,0,1,0,0,1,29,73,1,5463.54,retail,0,1
rupay_ru02,rupay,1,1,1,1,0,1,0,13,43,0,10544.75,ecommerce,2,1
mc_4808,mc,1,1,1,1,0,1,1,31,38,0,13264.15,fintech,2,0
visa_10.4,visa,1,1,1,1,1,0,1,40,15,0,5193.21,fintech,1,1
rupay_1062,rupay,1,0,0,1,0,1,1,23,115,0,7817.03,fintech,0,1
visa_11.1,visa,0,0,1,1,1,0,0,22,47,0,1400.25,saas,2,1
rupay_1085,rupay,1,1,1,0,1,1,0,2,91,1,4048.83,saas,2,1
rupay_ru01,rupay,1,1,1,1,1,0,0,35,45,0,20050.72,travel,2,0
mc_4834,mc,0,0,0,1,0,0,0,8,80,1,3101.69,healthcare,2,0
mc_4834,mc,0,1,1,1,0,1,0,6,59,1,11742.42,fintech,2,1
visa_10.2,visa,1,0,1,1,1,1,1,17,55,0,15187.71,healthcare,2,1
mc_4812,mc,1,1,1,1,0,0,1,14,14,0,2120.01,saas,2,1
visa_13.8,visa,1,0,1,1,1,1,0,23,89,1,10969.76,healthcare,2,1
amex_P08,amex,1,0,0,0,1,0,1,40,60,1,239.56,ecommerce,2,1
rupay_ru01,rupay,0,1,1,0,1,0,1,21,79,1,9942.35,travel,1,0
mc_4855,mc,1,0,1,0,0,0,0,36,79,2,11827.21,fintech,0,1
visa_13.3,visa,1,1,1,1,1,0,1,15,79,0,280.94,ecommerce,2,1
amex_F31,amex,1,1,1,1,1,0,0,25,93,5,2626.18,fintech,2,1
visa_13.5,visa,1,0,0,1,1,0,1,29,76,0,9285.69,saas,2,1
rupay_1065,rupay,0,0,1,1,1,0,1,15,8,0,9244.62,ecommerce,2,1
visa_10.3,visa,1,0,1,0,0,1,0,18,78,2,6527.3,travel,2,1
visa_12.6.1,visa,1,0,1,1,0,1,0,42,118,0,13390.3,travel,2,0
mc_4863,mc,1,1,1,0,1,0,0,40,69,1,5546.26,saas,0,1
visa_10.3,visa,1,1,1,0,1,0,1,34,16,0,19745.15,saas,0,1
visa_10.3,visa,1,0,1,1,1,0,1,19,56,0,331.55,healthcare,0,1
visa_13.3,visa,0,1,0,1,0,1,1,40,15,2,9424.07,travel,0,0
amex_M10,amex,0,0,1,0,1,0,0,5,96,0,32611.01,ecommerce,2,1
visa_13.6,visa,1,1,1,0,1,0,0,18,59,3,3106.77,fintech,2,0
mc_4841,mc,1,0,1,1,1,1,1,20,16,0,29604.79,ecommerce,2,1
mc_4837,mc,1,1,0,0,1,0,0,9,114,0,18172.55,healthcare,1,1
mc_4855,mc,1,0,1,0,1,1,1,5,47,1,11514.92,travel,1,1
visa_12.6.1,visa,1,0,1,0,0,0,0,17,54,1,6606.18,healthcare,2,1
rupay_1085,rupay,0,1,1,0,1,0,1,40,21,1,18028.56,retail,2,1
mc_4850,mc,1,0,1,1,1,0,1,31,41,0,6295.93,travel,2,1
rupay_1065,rupay,1,1,0,0,0,1,1,45,38,1,2228.51,ecommerce,2,0
visa_13.1,visa,0,0,1,0,0,0,0,36,89,0,21098.69,healthcare,0,0
visa_10.2,visa,1,0,1,0,0,0,1,9,17,0,22978.82,ecommerce,2,1
visa_13.3,visa,0,0,1,1,1,0,0,21,8,0,1730.84,saas,2,1
mc_4853,mc,1,0,1,0,0,0,1,20,96,0,25957.88,ecommerce,0,0
disc_UA,disc,1,0,1,1,0,0,1,10,76,2,3327.7,travel,1,1
disc_nan,disc,1,1,0,0,1,0,0,2,30,0,3475.76,saas,2,1
mc_4855,mc,0,0,1,1,0,0,1,26,21,2,1423.36,ecommerce,1,1
amex_A01,amex,1,0,1,1,0,0,0,18,21,0,7676.04,retail,2,1
amex_C18,amex,1,1,0,1,0,1,0,31,119,0,1588.0,travel,2,0
visa_11.2,visa,0,0,1,1,0,0,1,2,76,0,1347.89,healthcare,2,0
visa_11.1,visa,1,1,1,1,0,0,0,36,32,0,4401.29,ecommerce,2,1
visa_10.5,visa,1,1,1,1,0,1,0,22,14,1,3525.62,retail,2,1
amex_C05,amex,1,1,1,0,1,0,1,18,46,0,5215.85,retail,2,1
visa_13.1,visa,1,1,1,0,1,0,1,1,112,0,1005.38,travel,1,1
mc_4812,mc,1,1,0,1,1,1,1,23,114,0,11471.35,ecommerce,2,0
mc_4834,mc,0,0,1,1,0,1,0,23,29,1,33961.16,healthcare,2,1
visa_12.1,visa,1,1,1,1,0,0,1,21,18,1,4044.54,healthcare,2,1
amex_C14,amex,0,0,1,1,0,1,0,37,59,8,12450.39,ecommerce,2,0
amex_C14,amex,1,1,0,1,1,1,1,37,54,1,9236.1,fintech,2,1
rupay_1065,rupay,1,1,1,1,1,0,0,45,100,0,7658.96,fintech,2,1
rupay_ru02,rupay,1,0,1,0,0,0,0,32,36,3,57013.96,saas,0,1
rupay_1085,rupay,1,1,0,1,1,0,0,6,59,5,17415.94,saas,2,0
mc_4837,mc,0,1,1,1,1,0,0,6,55,1,2072.29,retail,2,1
visa_10.5,visa,0,0,0,1,0,0,0,9,99,0,8131.76,travel,1,0
rupay_ru02,rupay,0,0,1,1,0,0,1,45,22,0,328.91,travel,0,0
disc_IC,disc,0,1,1,1,0,0,0,33,17,0,1072.47,ecommerce,0,1
visa_10.3,visa,0,0,1,0,1,0,0,16,43,0,1023.98,retail,0,0
rupay_ru01,rupay,1,1,1,1,1,1,0,3,46,2,1411.05,healthcare,2,1
visa_13.6,visa,0,0,1,0,1,0,0,40,45,2,33832.49,saas,2,1
mc_4837,mc,0,0,1,1,0,0,1,14,82,0,11239.59,healthcare,1,0
visa_13.3,visa,1,1,1,0,0,1,0,26,89,0,16804.64,retail,0,1
visa_12.6.1,visa,1,0,1,1,0,1,1,37,3,1,990.17,healthcare,2,1
rupay_1062,rupay,1,1,0,1,0,1,1,39,50,1,6652.38,travel,1,1
mc_4871,mc,0,0,0,1,0,0,0,1,52,0,1694.16,travel,2,0
visa_11.1,visa,1,1,1,1,0,1,0,27,79,4,1524.74,retail,2,1
mc_4837,mc,1,1,1,0,0,1,1,18,114,0,5895.34,healthcare,1,1
visa_12.6.1,visa,1,0,1,1,1,0,0,45,113,0,14265.06,saas,2,0
amex_F10,amex,1,1,1,0,1,0,0,17,24,0,8242.09,saas,0,1
rupay_ru01,rupay,1,0,1,0,0,0,0,6,30,0,4750.1,retail,1,1
visa_13.8,visa,1,0,1,0,1,1,1,2,23,0,28082.39,ecommerce,2,0
amex_R13,amex,1,0,0,0,1,1,1,2,69,5,3347.08,fintech,2,0
mc_4841,mc,0,0,0,1,0,0,0,21,43,0,215.75,healthcare,0,0
mc_4871,mc,1,1,1,0,1,0,0,1,92,0,9571.44,saas,2,1
rupay_ru02,rupay,0,0,0,1,1,0,1,2,111,0,12217.47,travel,0,0
amex_C28,amex,0,1,0,0,0,0,1,9,14,4,17774.16,healthcare,2,0
visa_11.3,visa,0,1,0,0,0,0,1,15,105,0,28408.73,saas,2,1
visa_11.1,visa,1,0,0,0,0,0,1,19,29,1,17630.92,travel,2,1
amex_A08,amex,0,1,1,1,0,0,1,34,84,1,1641.66,ecommerce,2,1
visa_11.2,visa,1,0,1,1,0,0,1,35,61,1,258.17,saas,2,1
visa_13.2,visa,1,0,1,0,1,0,0,18,5,0,7147.85,saas,1,1
visa_13.2,visa,1,0,0,1,0,1,0,6,44,0,2219.12,healthcare,0,1
visa_13.7,visa,0,0,1,1,1,1,0,3,10,0,39382.91,saas,2,0
rupay_1065,rupay,1,0,0,1,1,0,1,19,109,1,24705.81,healthcare,2,1
mc_4853,mc,1,1,1,1,0,1,1,41,79,3,2926.08,saas,1,1
mc_4834,mc,1,1,0,0,0,0,0,8,74,1,20346.58,fintech,2,0
amex_F31,amex,1,1,0,0,1,1,0,18,12,1,7748.63,ecommerce,2,1
visa_13.1,visa,1,0,0,1,0,0,0,5,62,1,12076.14,healthcare,0,0
rupay_ru01,rupay,1,1,1,0,1,0,0,23,10,1,9168.77,retail,1,1
rupay_1065,rupay,0,1,0,1,0,0,0,23,91,1,3038.4,ecommerce,2,1
amex_F29,amex,1,0,0,0,0,0,1,24,49,0,3082.86,healthcare,0,0
rupay_ru02,rupay,1,1,1,0,1,0,0,19,70,0,5867.65,saas,1,0
amex_F10,amex,0,0,0,1,0,0,0,24,21,0,7196.75,saas,0,0
rupay_1085,rupay,0,0,1,1,1,0,0,37,42,1,930.7,ecommerce,2,1
disc_UD,disc,0,0,1,1,0,0,0,34,92,0,21078.64,ecommerce,1,1
rupay_1062,rupay,1,1,0,0,0,0,1,12,74,0,10722.31,healthcare,1,1
rupay_ru02,rupay,1,0,1,0,0,0,0,38,59,1,19366.81,fintech,0,0
visa_11.2,visa,0,1,1,0,0,1,0,36,47,1,249.75,saas,2,1
visa_12.1,visa,0,0,1,1,1,0,0,23,31,0,17426.71,saas,2,1
mc_4871,mc,1,0,1,1,1,0,0,25,94,1,272.19,healthcare,2,1
rupay_1085,rupay,1,0,0,0,1,0,1,45,94,0,2620.81,ecommerce,2,1
rupay_ru01,rupay,0,0,1,1,1,1,0,22,70,1,10813.39,ecommerce,1,1
mc_4853,mc,0,0,1,1,1,0,0,1,91,1,2277.82,retail,1,0
mc_4863,mc,1,1,1,1,1,0,0,35,25,0,11417.25,saas,0,1
amex_P08,amex,1,1,0,0,1,1,0,19,112,0,4933.21,ecommerce,2,1
rupay_1065,rupay,1,1,0,1,0,0,0,19,107,3,1775.92,saas,2,0
mc_4841,mc,0,1,1,0,1,0,0,33,24,0,4343.06,saas,1,0
mc_4850,mc,1,0,1,0,1,0,0,41,49,2,8614.27,fintech,2,0
rupay_ru01,rupay,1,0,0,1,0,0,0,8,54,1,3840.91,fintech,1,1
rupay_ru01,rupay,1,0,0,0,0,0,0,8,108,0,6097.17,saas,0,1
rupay_1062,rupay,1,1,0,1,0,1,1,39,37,2,18160.35,travel,1,1
visa_12.5,visa,1,0,0,1,0,0,0,5,79,0,17333.61,ecommerce,0,0
rupay_ru01,rupay,1,1,1,0,0,0,0,13,45,0,1498.88,ecommerce,1,1
mc_4855,mc,1,0,1,1,0,1,0,8,30,0,965.4,fintech,1,1
amex_M10,amex,1,0,0,1,1,0,0,1,23,0,2429.64,saas,2,0
mc_4855,mc,1,0,1,1,1,0,1,8,5,0,4418.08,healthcare,1,0
mc_4812,mc,1,0,1,1,0,1,0,16,15,0,466.65,travel,2,1
disc_RG,disc,0,0,1,1,0,0,0,24,85,2,49848.73,travel,0,0
mc_4850,mc,0,0,1,0,0,0,0,23,25,0,2140.14,travel,2,0
mc_4853,mc,1,1,0,1,0,0,0,26,94,3,9076.82,ecommerce,1,0
visa_13.1,visa,1,0,1,0,0,1,0,20,111,0,3252.94,healthcare,1,1
rupay_ru02,rupay,1,0,1,0,0,0,1,19,26,8,9948.68,fintech,0,0
mc_4870,mc,1,0,0,1,0,0,0,13,22,3,8904.34,ecommerce,2,1
mc_4863,mc,1,1,1,1,0,1,0,45,55,0,10753.64,healthcare,2,1
mc_4853,mc,1,0,0,0,1,0,1,2,28,0,41228.58,travel,1,0
visa_13.2,visa,1,1,1,1,1,1,0,3,41,0,260.28,fintech,1,1
rupay_1065,rupay,0,1,1,1,1,0,0,17,2,0,14017.67,fintech,2,1
rupay_1065,rupay,1,1,1,1,1,0,0,42,85,0,8314.09,retail,2,1
visa_12.5,visa,1,0,1,1,0,0,0,19,19,5,935.33,saas,0,0
rupay_ru02,rupay,1,1,1,1,0,0,0,11,19,0,2060.63,fintech,1,1
visa_12.1,visa,1,1,1,1,0,0,1,39,86,0,2016.54,retail,2,1
mc_4871,mc,1,1,1,1,1,1,1,42,107,0,9596.47,retail,2,1
visa_11.3,visa,0,0,1,0,0,0,0,17,20,2,11423.91,ecommerce,2,1
rupay_1065,rupay,1,0,1,1,1,0,1,18,11,1,4490.35,retail,2,1
mc_4834,mc,1,1,1,1,0,0,0,22,67,3,10592.82,healthcare,2,1
disc_AP,disc,0,0,1,1,1,0,0,38,112,0,2616.57,ecommerce,1,1
mc_4837,mc,1,0,0,0,0,0,0,31,88,1,4573.96,travel,0,1
visa_13.1,visa,1,1,0,1,0,0,0,32,50,1,10150.94,ecommerce,1,1
visa_12.6.1,visa,1,0,0,1,0,0,1,29,7,1,314.41,travel,2,0
rupay_ru02,rupay,0,1,0,0,0,0,0,37,45,1,4963.74,travel,1,1
visa_13.4,visa,0,1,1,1,0,1,0,33,114,0,3927.67,fintech,2,1
visa_13.5,visa,1,1,0,1,1,0,0,39,80,0,18141.96,ecommerce,2,1
visa_10.2,visa,0,1,1,0,1,0,1,1,50,0,5950.64,healthcare,2,0
rupay_1065,rupay,0,0,0,0,0,0,0,1,51,0,8143.6,healthcare,2,1
amex_A01,amex,1,1,1,0,0,1,1,4,47,3,162.31,travel,2,1
mc_4853,mc,1,0,1,1,1,0,0,29,96,0,5013.4,healthcare,1,0
visa_12.1,visa,0,1,1,0,0,0,1,10,86,0,1585.99,retail,2,1
rupay_ru01,rupay,1,0,1,1,0,0,0,36,118,2,2042.88,saas,1,1
amex_C31,amex,1,1,0,1,1,0,0,15,115,0,6860.3,saas,2,1
rupay_1085,rupay,1,0,1,1,1,0,1,38,16,1,7072.12,fintech,2,1
visa_13.2,visa,0,0,1,1,0,0,1,35,111,0,6841.77,fintech,1,0
mc_4871,mc,1,0,1,1,0,0,0,25,85,0,3916.29,healthcare,2,1
visa_12.1,visa,0,1,1,1,0,1,1,6,101,1,1561.54,fintech,2,1
mc_4870,mc,1,0,1,1,0,0,0,13,64,2,8623.46,healthcare,2,1
mc_4841,mc,0,1,1,0,1,0,1,39,110,0,1772.52,ecommerce,2,1
mc_4850,mc,0,0,0,1,0,0,0,25,95,8,671.03,ecommerce,2,0
rupay_ru02,rupay,1,1,0,1,1,0,1,8,90,2,2807.6,retail,1,1
mc_4863,mc,0,1,1,1,0,1,1,18,18,0,41083.43,fintech,2,1
rupay_1065,rupay,1,0,0,1,1,1,0,29,74,4,407.36,retail,2,0
visa_13.6,visa,1,1,0,1,1,1,0,24,82,2,4666.72,retail,2,0
disc_CD,disc,0,0,1,1,0,0,1,15,73,0,853.13,fintech,2,0
visa_13.6,visa,1,0,1,0,1,1,0,44,66,1,3632.39,ecommerce,2,1
visa_13.1,visa,0,1,1,1,0,0,1,4,8,1,3349.71,healthcare,1,1
visa_13.9,visa,1,0,1,0,0,0,1,9,112,1,4846.52,ecommerce,2,1
rupay_ru02,rupay,0,1,1,1,0,0,0,41,95,1,5843.97,healthcare,1,0
rupay_1085,rupay,1,0,1,1,1,0,0,6,110,0,22670.73,ecommerce,2,0
rupay_1065,rupay,1,0,1,0,0,0,0,21,3,0,11660.46,fintech,2,1
visa_11.3,visa,1,0,1,1,1,0,0,33,32,1,3699.63,fintech,2,1
amex_F30,amex,1,1,1,1,0,1,0,5,11,2,3022.21,healthcare,2,1
mc_4841,mc,1,1,1,1,0,0,0,4,42,2,10719.95,ecommerce,0,0
visa_12.6.1,visa,1,0,1,0,0,0,1,4,60,0,25524.72,retail,2,0
visa_12.5,visa,0,1,1,0,0,0,0,15,59,0,4935.85,ecommerce,0,1
visa_13.2,visa,0,1,1,0,0,0,0,41,37,8,16379.49,retail,0,0
visa_13.3,visa,0,1,1,1,0,1,1,13,100,0,20504.47,retail,0,1
mc_4841,mc,1,1,0,1,0,0,1,31,30,1,3001.82,saas,1,1
rupay_ru01,rupay,0,0,1,1,1,0,0,12,55,2,5791.28,saas,1,1
visa_13.8,visa,0,1,1,0,1,0,1,30,38,0,22907.54,retail,2,1
rupay_1065,rupay,0,0,0,1,0,1,1,12,4,0,21564.81,ecommerce,2,1
rupay_ru01,rupay,0,0,0,0,1,0,0,13,1,4,7542.41,travel,0,1
mc_4808,mc,1,0,0,0,1,0,0,15,93,2,9322.97,travel,2,0
visa_10.5,visa,1,1,1,1,1,0,0,23,47,0,21509.77,saas,2,1
visa_11.3,visa,0,0,1,0,0,1,0,9,36,1,3848.01,healthcare,2,1
rupay_ru02,rupay,1,0,0,0,1,0,0,15,115,2,704.7,healthcare,0,0
rupay_1062,rupay,1,1,1,1,0,1,0,8,75,1,22675.77,fintech,1,0
rupay_1085,rupay,1,0,1,1,0,1,0,9,109,0,6414.37,ecommerce,0,0
visa_13.1,visa,1,0,1,1,1,0,0,17,23,2,502.57,ecommerce,0,0
amex_F31,amex,0,1,1,0,1,0,0,36,56,0,3008.36,fintech,2,1
mc_4837,mc,1,0,0,1,0,0,0,38,31,0,21252.13,travel,1,1
visa_11.2,visa,1,0,1,1,1,0,1,30,25,0,10880.52,ecommerce,2,1
visa_10.1,visa,1,1,0,0,0,1,1,39,49,0,16111.17,healthcare,2,1
mc_4834,mc,0,1,1,0,1,0,0,40,42,0,311.61,healthcare,2,1
visa_13.2,visa,1,1,1,0,0,0,1,22,77,0,11934.88,retail,1,1
mc_4812,mc,1,0,1,0,1,1,1,31,22,2,931.69,healthcare,2,1
visa_12.5,visa,1,1,0,0,1,0,0,9,36,1,4804.01,fintech,0,0
disc_AP,disc,0,0,1,1,1,1,1,29,85,2,7028.98,travel,2,1
mc_4863,mc,0,1,1,1,1,0,0,11,77,0,15140.03,ecommerce,0,0
visa_11.3,visa,0,1,1,1,0,1,0,14,92,0,18625.69,saas,2,1
mc_4812,mc,1,1,1,1,0,0,1,6,26,0,2225.91,retail,2,1
visa_13.1,visa,0,1,1,1,0,0,0,45,10,1,2238.71,retail,1,1
visa_12.1,visa,0,1,1,0,1,0,1,34,37,0,6656.15,ecommerce,2,1
mc_4855,mc,0,0,1,1,1,1,0,8,118,1,10357.83,travel,1,0
visa_10.1,visa,0,1,1,1,0,1,0,2,38,8,20666.95,fintech,2,1
disc_AP,disc,1,0,0,1,0,1,0,6,105,0,3865.21,saas,0,0
visa_13.2,visa,1,1,0,1,0,0,1,4,109,0,215.03,ecommerce,1,1
amex_F30,amex,0,1,0,1,0,0,0,33,60,0,11445.3,travel,2,1
mc_4855,mc,1,0,0,1,1,0,1,8,50,1,10887.78,healthcare,1,0
visa_13.6,visa,1,1,0,0,0,0,1,19,104,0,4337.08,fintech,0,0
rupay_1065,rupay,1,1,1,0,1,0,1,17,52,0,5807.7,healthcare,2,0
visa_10.2,visa,1,1,1,1,1,1,0,9,61,4,1056.16,retail,2,1
amex_F30,amex,1,0,0,0,0,0,0,18,7,0,4760.12,travel,2,1
rupay_1085,rupay,0,0,1,0,1,0,0,42,71,4,13897.35,healthcare,2,1
mc_4808,mc,1,0,1,1,0,1,0,15,29,2,1413.77,retail,2,0
disc_AP,disc,1,0,1,0,1,0,0,42,112,2,1195.16,travel,1,1
mc_4863,mc,1,0,1,0,0,1,1,31,65,2,10106.84,retail,2,1
amex_R03,amex,1,1,0,0,0,1,1,43,88,1,19697.16,ecommerce,2,1
visa_10.3,visa,1,0,1,1,0,0,0,39,12,3,3947.41,healthcare,0,0
rupay_1085,rupay,0,1,1,1,0,1,1,22,118,2,294.27,ecommerce,0,0
mc_4853,mc,1,1,1,1,1,0,0,12,29,0,3575.33,travel,2,1
visa_13.8,visa,1,1,1,1,1,0,1,17,28,0,12514.1,fintech,2,1
rupay_ru02,rupay,1,1,0,1,1,1,0,25,92,1,13241.33,fintech,2,0
visa_10.1,visa,1,1,0,1,0,0,0,32,45,0,3225.32,travel,2,1
visa_13.4,visa,1,0,1,1,1,0,0,32,41,0,4628.56,fintech,2,1
amex_C05,amex,1,1,0,1,1,0,0,3,87,2,21455.22,healthcare,1,1
visa_11.3,visa,0,1,1,0,0,0,0,11,102,0,7939.38,fintech,2,1
amex_F24,amex,1,1,1,1,1,1,1,31,78,2,581.47,ecommerce,2,1
visa_13.9,visa,1,0,1,1,0,0,1,3,67,0,12034.74,fintech,2,1
visa_12.1,visa,0,0,0,0,0,1,0,39,31,4,3838.18,ecommerce,2,1
rupay_ru01,rupay,1,1,1,1,0,0,0,37,19,0,20444.29,retail,2,1
visa_12.1,visa,0,0,1,1,1,1,1,35,6,0,22961.73,saas,2,1
rupay_1062,rupay,1,0,0,0,1,0,0,25,23,4,3041.56,retail,1,1
visa_13.9,visa,1,1,0,1,0,1,0,22,86,0,8793.32,fintech,2,1
visa_12.6.1,visa,1,1,0,1,0,1,0,41,94,0,5454.29,fintech,2,0
visa_13.3,visa,1,1,1,1,1,1,1,12,81,1,1343.79,ecommerce,2,1
amex_F29,amex,1,0,1,0,1,0,1,26,5,0,14658.88,healthcare,1,1
visa_13.6,visa,1,1,1,0,0,0,0,20,11,0,5003.48,healthcare,0,1
rupay_ru02,rupay,0,0,1,0,0,0,1,10,22,3,11857.56,ecommerce,0,0
visa_10.1,visa,0,1,1,1,0,1,0,36,112,0,10864.85,travel,2,1
rupay_1065,rupay,1,1,1,0,1,0,1,35,94,1,9707.25,fintech,2,1
mc_4850,mc,1,0,1,1,0,0,1,8,21,2,9657.34,travel,2,1
visa_10.3,visa,1,1,0,1,1,1,1,4,34,1,7394.11,ecommerce,2,1
visa_11.1,visa,1,1,1,0,0,1,0,12,105,0,1216.99,travel,2,0
visa_13.7,visa,0,1,0,0,1,0,0,29,53,4,558.87,saas,2,1
mc_4863,mc,1,0,1,1,1,1,0,7,112,3,2248.24,fintech,2,1
visa_13.2,visa,0,1,0,0,0,0,0,39,111,0,3075.22,healthcare,0,0
amex_R13,amex,1,0,1,1,0,0,0,19,25,1,9505.59,retail,2,1
mc_4837,mc,1,1,1,1,1,0,0,33,35,1,27055.87,retail,2,1
visa_13.9,visa,1,1,1,1,1,0,0,43,39,3,5449.35,saas,2,1
amex_R03,amex,0,0,0,1,1,0,0,6,111,0,7512.52,retail,0,0
amex_F24,amex,1,0,1,1,0,0,0,37,28,0,1004.17,healthcare,1,0
visa_12.5,visa,1,1,0,1,0,0,0,38,102,0,1558.61,ecommerce,0,0
rupay_1065,rupay,1,1,1,0,0,0,0,6,56,2,12943.11,saas,2,0
disc_AP,disc,1,1,1,1,1,1,0,14,75,2,4366.42,ecommerce,1,0
mc_4850,mc,1,1,1,1,0,0,0,39,8,0,11514.9,fintech,2,1
visa_10.4,visa,0,1,0,1,1,0,0,5,34,0,13064.96,fintech,1,0
visa_13.1,visa,0,0,1,1,1,0,0,44,84,0,3905.46,healthcare,0,0
rupay_1085,rupay,1,0,0,0,1,1,0,36,67,4,811.97,ecommerce,2,1
rupay_ru02,rupay,1,1,1,0,1,0,0,29,55,1,7598.09,fintech,1,0
rupay_ru02,rupay,1,0,1,1,1,0,0,45,1,0,270.78,retail,0,0
rupay_1062,rupay,1,1,1,1,0,1,0,20,58,2,4177.63,saas,1,0
rupay_1085,rupay,1,1,1,1,0,0,1,2,31,0,24943.3,ecommerce,0,0
visa_12.6.1,visa,0,1,1,1,1,1,1,12,27,1,4174.05,ecommerce,2,1
rupay_1062,rupay,1,1,1,0,0,0,1,16,86,1,508.65,retail,1,0
amex_C02,amex,0,0,1,1,0,0,1,3,56,1,24715.24,healthcare,2,1
amex_A02,amex,0,1,1,0,1,0,0,39,6,1,3229.26,fintech,2,1
rupay_1062,rupay,1,1,0,0,1,0,1,19,91,1,17551.91,retail,2,1
mc_4808,mc,1,0,1,0,1,1,1,44,63,0,20221.01,ecommerce,2,0
mc_4870,mc,0,1,1,0,1,1,0,45,46,1,5184.4,fintech,2,1
amex_C18,amex,0,1,1,0,1,0,1,31,37,0,239.07,retail,2,1
mc_4863,mc,0,0,0,0,1,0,0,22,109,2,6350.2,fintech,0,0
mc_4850,mc,1,1,1,1,1,0,1,13,87,0,4075.46,healthcare,2,1
rupay_1062,rupay,1,1,0,1,0,0,1,1,8,1,1616.46,healthcare,1,0
mc_4853,mc,1,1,1,1,1,0,0,26,35,0,8470.85,ecommerce,2,1
disc_RG,disc,0,0,1,1,0,0,0,34,73,3,10995.66,ecommerce,0,0
disc_UA,disc,1,1,0,1,0,1,0,5,7,0,18241.9,fintech,1,1
visa_13.9,visa,1,1,1,1,1,1,0,15,110,1,4140.1,retail,2,1
rupay_1065,rupay,0,1,1,0,0,1,1,22,7,1,1582.36,retail,2,1
mc_4837,mc,1,1,0,1,0,0,1,31,22,0,5617.12,healthcare,1,1
mc_4863,mc,0,1,1,1,1,1,0,11,69,2,2705.17,saas,2,1
visa_11.2,visa,1,1,1,1,1,0,1,36,10,0,46472.04,retail,2,1
visa_13.3,visa,1,0,0,1,1,1,0,27,30,0,4052.64,fintech,2,0
rupay_1062,rupay,1,0,0,1,0,1,1,43,37,0,31897.53,fintech,0,0
mc_4850,mc,0,0,1,0,0,0,0,14,89,0,975.42,healthcare,2,1
mc_4863,mc,0,0,0,1,0,0,0,27,7,0,2307.22,ecommerce,0,0
mc_4834,mc,0,0,1,0,1,0,1,35,104,0,17145.23,retail,2,1
rupay_1062,rupay,0,0,1,0,0,1,1,28,48,0,1069.32,travel,0,0
rupay_1065,rupay,1,1,1,1,0,1,0,35,64,0,12632.49,healthcare,2,1
visa_11.1,visa,1,0,1,1,0,0,1,27,71,2,10475.68,ecommerce,2,1
disc_RM,disc,0,1,1,1,0,0,1,20,11,1,3215.83,travel,2,1
mc_4871,mc,1,1,0,0,0,0,1,26,90,0,3057.71,healthcare,2,1
disc_AP,disc,1,1,1,0,0,0,0,22,46,2,25352.79,saas,0,0
mc_4863,mc,1,0,0,1,0,0,0,8,118,0,9742.21,saas,0,1
mc_4863,mc,1,1,1,0,1,0,0,16,41,1,4920.83,saas,0,1
visa_11.3,visa,1,1,0,1,0,0,0,40,68,3,5627.55,ecommerce,2,0
mc_4812,mc,1,0,0,1,0,0,1,11,30,2,1653.55,fintech,2,1
rupay_1065,rupay,1,1,1,0,0,1,0,33,97,0,29908.8,healthcare,2,1
rupay_1062,rupay,1,1,1,1,0,0,1,24,32,0,8816.34,retail,1,1
amex_P08,amex,0,1,0,1,0,0,1,37,3,2,14707.38,ecommerce,2,0
rupay_ru02,rupay,0,0,1,1,0,0,1,23,120,0,5961.6,retail,0,1
rupay_1085,rupay,0,1,1,0,1,0,0,22,104,3,3236.02,fintech,2,0
amex_M49,amex,1,0,0,1,0,0,1,5,66,1,9149.45,travel,0,0
mc_4855,mc,0,0,1,1,1,0,1,34,74,0,3517.06,travel,1,1
amex_C31,amex,1,0,0,0,0,0,1,22,57,0,2355.39,ecommerce,2,1
mc_4850,mc,1,0,1,1,0,0,0,5,79,0,4358.91,retail,2,1
visa_13.9,visa,1,0,0,0,0,0,0,12,44,0,1880.42,healthcare,2,1
visa_10.1,visa,1,1,1,1,1,0,0,43,77,0,14860.41,retail,2,1
visa_13.1,visa,1,0,1,0,1,0,0,42,44,4,13165.12,fintech,0,0
visa_12.6.1,visa,1,0,1,1,1,0,1,11,66,0,383.55,saas,2,1
rupay_ru02,rupay,1,0,0,0,0,0,1,12,83,0,3582.73,travel,0,1
mc_4834,mc,0,0,1,0,0,1,1,39,6,1,1693.35,healthcare,2,1
rupay_1065,rupay,0,0,1,1,0,0,0,4,116,3,5198.27,travel,2,0
visa_13.6,visa,1,0,1,0,1,0,1,22,115,2,12026.16,ecommerce,2,0
rupay_ru01,rupay,0,0,1,0,1,0,1,23,97,0,2028.08,healthcare,1,0
visa_10.2,visa,1,1,1,1,0,1,1,25,89,3,7149.86,ecommerce,2,1
visa_13.9,visa,0,0,1,1,0,0,0,1,118,0,5728.32,ecommerce,2,1
mc_4841,mc,1,1,1,0,1,0,0,24,2,1,5611.23,travel,1,0
visa_10.1,visa,1,1,1,0,0,1,1,40,63,0,4322.75,ecommerce,2,1
mc_4808,mc,1,1,1,1,0,1,1,10,47,1,5879.02,saas,2,1
visa_12.1,visa,0,1,1,0,1,0,0,23,9,2,6225.62,ecommerce,2,1
rupay_1065,rupay,1,1,1,1,1,0,1,45,38,0,2957.93,healthcare,2,1
mc_4850,mc,1,1,0,0,1,1,1,21,28,0,14337.04,fintech,2,1
visa_12.5,visa,1,1,1,1,0,0,1,25,37,0,1440.86,healthcare,0,0
rupay_ru02,rupay,1,0,0,1,0,0,1,10,101,1,9441.78,saas,0,0
mc_4855,mc,1,1,1,1,1,0,1,4,56,1,3280.99,healthcare,1,0
visa_13.9,visa,1,0,1,1,0,1,0,10,74,0,1742.74,ecommerce,2,1
visa_12.5,visa,1,1,1,1,1,0,0,17,19,0,3134.11,travel,0,0
rupay_1085,rupay,1,1,1,0,0,0,0,13,12,1,13028.07,retail,0,0
rupay_ru02,rupay,1,0,0,0,1,0,0,9,81,0,2044.24,retail,0,0
disc_RG,disc,1,0,1,1,0,0,1,20,95,0,6819.26,saas,1,0
amex_C18,amex,1,0,1,0,0,0,0,6,14,3,8488.96,ecommerce,2,0
visa_13.1,visa,1,0,0,0,0,1,0,9,60,3,6874.62,saas,1,0
visa_10.2,visa,0,0,1,0,1,0,1,17,16,3,6002.56,saas,2,1
rupay_ru02,rupay,0,1,1,0,0,0,1,11,83,0,30031.47,saas,1,1
rupay_ru02,rupay,0,0,1,0,1,0,1,31,107,2,4740.47,travel,0,0
mc_4834,mc,1,1,1,0,1,1,0,7,19,0,3294.35,ecommerce,2,1
visa_13.4,visa,1,0,0,1,1,0,0,39,20,0,15994.18,healthcare,2,1
rupay_1065,rupay,1,1,1,1,1,0,0,2,22,1,5412.38,fintech,2,0
rupay_1065,rupay,0,0,1,1,0,0,0,38,13,1,1771.55,saas,2,1
visa_13.3,visa,1,0,1,1,0,1,0,21,86,2,11202.09,healthcare,0,0
mc_4841,mc,1,0,0,1,0,0,1,18,80,4,11394.5,fintech,1,1
amex_C28,amex,0,1,1,0,0,0,0,35,55,0,1239.17,travel,0,1
amex_P05,amex,0,1,1,1,1,1,0,17,96,1,1506.35,healthcare,2,1
visa_11.2,visa,1,0,1,0,1,1,0,24,54,0,3342.18,fintech,2,1
rupay_1062,rupay,0,1,1,1,0,0,1,7,86,5,4705.07,travel,1,0
visa_13.9,visa,0,1,0,1,1,0,0,33,83,1,15326.58,fintech,2,1
visa_13.8,visa,1,1,1,1,0,0,0,25,106,2,21579.11,travel,0,0
rupay_ru01,rupay,0,1,0,0,0,1,0,32,40,0,10097.31,fintech,1,1
rupay_ru01,rupay,1,1,1,1,1,1,1,32,22,0,5452.14,retail,2,1
visa_11.1,visa,1,1,0,0,1,0,0,33,90,1,14670.75,travel,2,1
amex_M49,amex,0,1,1,0,0,0,0,5,62,0,10147.44,retail,2,1
visa_10.4,visa,0,1,0,0,1,1,0,41,32,0,1665.18,ecommerce,1,1
amex_F24,amex,1,1,1,1,1,0,0,36,61,0,2697.7,fintech,2,1
visa_12.6.1,visa,1,1,0,1,0,1,0,43,40,1,709.64,saas,2,1
amex_R03,amex,1,0,0,0,0,0,0,45,97,0,16064.82,travel,0,0
rupay_1062,rupay,1,1,1,0,0,1,0,18,85,4,2146.35,ecommerce,1,1
visa_10.4,visa,1,1,1,1,0,0,0,5,98,0,20103.28,healthcare,1,1
visa_11.2,visa,0,1,1,1,0,0,1,3,10,1,2055.39,retail,2,1
disc_CD,disc,0,1,0,0,0,0,0,26,16,1,10399.64,retail,2,1
rupay_1062,rupay,1,1,0,0,0,0,0,23,14,0,4920.17,retail,1,1
mc_4834,mc,0,0,0,1,0,0,0,28,48,1,1238.88,ecommerce,2,1
visa_13.9,visa,1,1,0,0,0,1,0,36,38,0,3838.88,healthcare,2,1
rupay_1065,rupay,1,0,1,1,1,1,1,9,5,0,4999.02,healthcare,2,1
mc_4808,mc,1,0,1,0,0,0,0,11,19,0,5894.97,travel,2,1
mc_4837,mc,1,0,1,0,0,0,1,23,79,2,1498.96,fintech,1,1
visa_13.6,visa,1,1,0,1,0,0,1,22,43,0,14809.66,fintech,0,1
mc_4870,mc,0,1,0,1,0,0,1,35,10,0,152.78,saas,2,1
rupay_1085,rupay,1,1,1,1,0,0,0,12,4,0,4649.51,fintech,0,1
visa_10.4,visa,1,1,1,0,0,1,0,13,107,1,1895.17,travel,1,1
mc_4812,mc,0,1,1,1,0,0,0,44,67,2,3009.78,ecommerce,2,0
visa_13.7,visa,1,0,0,1,1,1,0,33,83,0,9702.64,saas,2,1
amex_F31,amex,0,0,1,0,1,0,0,39,33,0,537.3,ecommerce,2,0
visa_10.5,visa,1,1,1,0,0,1,0,32,72,0,291.22,ecommerce,1,1
amex_F29,amex,1,1,1,0,0,0,0,43,66,1,6201.16,ecommerce,1,1
amex_A01,amex,1,0,1,1,0,1,0,33,67,0,2977.51,healthcare,2,1
visa_12.5,visa,1,1,1,0,0,0,0,27,14,1,13685.62,travel,0,0
mc_4871,mc,0,0,1,1,1,1,0,21,107,3,1881.27,travel,2,0
rupay_ru01,rupay,1,1,1,0,0,1,0,40,36,0,9479.72,fintech,1,1
rupay_1065,rupay,1,0,1,0,1,0,0,36,67,1,14619.03,fintech,2,0
mc_4853,mc,1,1,1,0,1,0,0,45,76,0,6346.62,travel,2,1
rupay_ru01,rupay,0,1,0,1,0,0,0,23,96,0,24878.69,ecommerce,1,1
visa_10.4,visa,1,0,1,0,0,0,1,23,29,0,2383.69,saas,1,1
mc_4808,mc,1,0,1,0,1,0,1,35,52,0,1279.87,healthcare,2,1
mc_4834,mc,0,1,0,0,0,1,1,15,42,0,2091.54,saas,2,1
mc_4808,mc,1,1,0,0,0,0,1,8,91,2,13233.5,retail,2,0
amex_R13,amex,1,0,1,0,0,1,1,23,111,0,17817.37,ecommerce,2,1
rupay_ru01,rupay,1,1,0,1,0,1,0,4,105,0,11526.47,ecommerce,1,1
visa_13.7,visa,1,1,1,1,0,0,0,24,98,4,7574.92,ecommerce,2,0
rupay_1085,rupay,0,1,1,1,0,0,1,1,76,2,1330.08,fintech,0,0
visa_13.2,visa,1,1,1,1,1,0,0,40,56,1,6442.48,saas,1,1
mc_4853,mc,1,0,1,1,0,1,0,10,67,0,15410.33,saas,0,0
visa_13.1,visa,0,1,1,1,0,0,0,5,13,2,14047.82,retail,1,0
visa_11.1,visa,1,0,1,0,0,1,1,15,34,0,6129.08,healthcare,2,1
rupay_ru01,rupay,0,0,1,1,0,0,0,22,29,3,1146.74,retail,1,0
rupay_1085,rupay,1,0,0,0,0,1,0,24,8,8,23769.73,fintech,0,0
visa_13.6,visa,1,1,0,0,0,1,0,44,51,3,1792.28,travel,0,0
rupay_1065,rupay,1,1,0,1,0,1,0,18,103,1,11619.81,saas,2,1
rupay_1062,rupay,1,0,0,0,0,0,1,2,31,0,1049.37,healthcare,0,1
mc_4871,mc,0,0,0,1,0,0,0,14,91,8,1872.69,saas,2,0
mc_4834,mc,1,1,1,0,0,0,0,39,18,1,543.16,healthcare,2,1
amex_A08,amex,1,0,1,1,0,0,0,35,38,0,190.24,ecommerce,2,1
rupay_ru02,rupay,0,1,1,1,0,0,0,25,26,3,32330.43,fintech,1,0
amex_P05,amex,0,0,1,1,1,0,0,16,94,0,2846.56,fintech,0,1
rupay_ru02,rupay,1,1,0,1,1,1,0,40,9,0,16734.14,retail,2,1
rupay_1085,rupay,0,0,1,0,1,0,1,37,90,0,5978.97,travel,2,1
visa_13.7,visa,1,1,1,1,0,1,1,28,64,0,6952.81,healthcare,2,1
amex_C04,amex,1,0,1,1,0,1,1,5,99,1,8823.52,retail,0,0
mc_4855,mc,1,0,0,0,1,0,0,13,32,0,2816.81,saas,0,0
rupay_1065,rupay,0,0,0,1,0,1,1,35,106,0,8228.41,fintech,2,0
rupay_1085,rupay,1,1,1,0,0,1,0,22,90,0,7586.63,saas,0,0
visa_13.3,visa,1,1,1,1,0,1,1,22,80,0,432.58,ecommerce,0,1
visa_13.2,visa,0,0,1,1,0,0,0,38,67,1,24921.53,healthcare,0,0
visa_13.8,visa,1,0,0,1,1,1,0,38,28,0,16988.71,healthcare,2,1
rupay_1065,rupay,1,1,1,1,0,0,1,29,75,1,1455.73,ecommerce,2,1
visa_13.5,visa,0,1,1,1,1,1,0,12,87,2,692.59,ecommerce,2,0
mc_4855,mc,1,0,0,1,1,0,0,3,47,1,470.04,travel,0,1
visa_10.5,visa,1,1,1,1,1,0,0,41,15,0,9496.12,fintech,2,1
mc_4853,mc,1,0,0,0,1,0,0,26,10,0,19230.83,retail,1,1
rupay_1065,rupay,1,0,0,1,1,0,0,8,20,3,9645.58,saas,2,1
mc_4871,mc,0,1,1,1,0,0,1,24,21,2,261.57,fintech,2,1
mc_4837,mc,1,0,0,1,0,0,0,40,120,0,1120.47,fintech,1,1
visa_10.2,visa,1,1,1,1,1,0,0,37,107,1,7102.91,ecommerce,2,1
amex_A01,amex,0,0,1,1,0,0,0,29,50,0,2104.2,saas,2,1
visa_11.3,visa,1,1,1,1,1,0,0,36,58,0,9123.07,saas,2,1
visa_10.5,visa,1,1,1,0,1,0,0,1,96,0,823.12,retail,1,0
visa_11.1,visa,1,1,0,1,0,0,0,37,22,0,22959.08,ecommerce,2,1
mc_4850,mc,1,1,1,1,0,0,1,32,79,0,2419.83,saas,2,0
visa_13.5,visa,1,0,0,0,1,0,0,41,53,1,13419.32,ecommerce,2,1
mc_4837,mc,1,1,0,1,1,0,0,11,69,3,712.52,retail,1,1
mc_4853,mc,1,1,1,0,1,0,1,19,43,1,2053.86,retail,2,1
amex_P08,amex,1,1,1,1,0,0,0,6,51,3,463.19,retail,2,0
mc_4863,mc,0,1,0,1,1,0,0,9,120,5,46929.96,fintech,0,0
rupay_ru02,rupay,1,0,1,1,1,1,0,32,42,8,22576.38,healthcare,1,0
rupay_1062,rupay,1,1,1,0,0,0,0,38,69,0,6589.44,fintech,1,1
amex_P05,amex,1,0,1,1,0,0,0,34,45,1,17371.08,travel,0,0
mc_4812,mc,1,1,1,0,0,1,1,43,3,1,3144.66,travel,2,1
rupay_ru01,rupay,1,0,1,1,0,0,0,2,33,4,22992.33,saas,1,0
visa_13.9,visa,1,1,1,1,0,1,1,36,32,0,2102.25,fintech,2,1
amex_R13,amex,0,0,0,1,0,0,1,36,115,0,21011.7,saas,2,1
rupay_ru01,rupay,0,1,1,1,0,0,1,26,95,1,4110.26,saas,2,1
rupay_1065,rupay,1,1,1,0,1,0,0,2,96,0,11573.35,saas,2,0
mc_4850,mc,1,0,1,0,0,1,0,41,53,4,6542.88,fintech,2,0
amex_F29,amex,0,0,1,1,1,1,1,33,23,3,1653.52,saas,1,0
rupay_ru01,rupay,1,1,1,0,1,1,0,29,31,1,6834.79,saas,1,1
visa_10.4,visa,1,1,1,1,0,0,1,44,43,1,6181.5,retail,1,1
rupay_1065,rupay,1,1,0,1,0,0,1,36,41,0,2754.58,retail,2,1
visa_13.5,visa,0,0,1,1,1,0,0,21,11,0,3287.03,fintech,2,1
visa_10.4,visa,1,0,1,0,1,0,0,45,15,3,2456.96,retail,1,0
mc_4841,mc,1,0,1,1,1,0,0,39,86,0,3507.73,saas,1,1
mc_4855,mc,0,1,1,0,0,0,0,12,1,0,1761.97,saas,1,0
visa_10.2,visa,1,0,0,1,0,0,1,27,106,0,2851.38,travel,2,1
visa_12.5,visa,1,1,1,0,0,1,0,43,88,0,12820.97,fintech,2,1
amex_F30,amex,1,1,0,0,0,0,1,34,67,0,2657.32,retail,2,1
rupay_1065,rupay,1,0,0,1,0,1,0,2,67,8,16053.06,travel,2,0
mc_4837,mc,1,1,0,0,0,1,1,17,74,1,2455.28,travel,1,1
rupay_1062,rupay,1,0,1,1,0,0,0,29,49,1,5533.14,retail,0,0
visa_13.9,visa,1,1,1,0,0,0,0,23,106,0,2830.94,fintech,2,1
rupay_1085,rupay,0,1,1,0,0,0,0,41,15,1,6349.31,healthcare,0,0
rupay_ru02,rupay,1,0,1,1,1,1,1,19,52,1,10631.42,fintech,1,0
disc_RM,disc,1,1,0,1,0,0,1,5,87,0,3422.81,travel,2,1
visa_13.5,visa,1,1,0,1,1,1,0,11,11,0,1621.6,retail,2,1
mc_4863,mc,1,1,1,1,1,1,0,38,75,1,6150.25,travel,2,1
mc_4853,mc,0,0,1,1,0,0,0,12,34,0,4832.62,saas,0,0
visa_11.3,visa,0,0,0,1,0,1,1,11,56,0,7804.62,healthcare,2,1
amex_F10,amex,1,1,1,0,0,1,0,14,68,0,1433.38,healthcare,2,1
rupay_1065,rupay,0,0,1,1,0,0,0,40,111,3,1180.65,retail,2,0
rupay_1062,rupay,1,1,0,1,1,1,1,3,29,0,1128.63,travel,2,1
mc_4863,mc,1,0,0,1,0,0,0,41,4,1,2382.06,travel,0,1
mc_4837,mc,1,1,0,1,0,0,0,29,102,0,19726.47,retail,1,1
mc_4808,mc,0,1,1,0,0,1,0,10,30,1,12155.27,retail,2,1
rupay_1065,rupay,0,1,1,0,1,1,0,20,84,1,3589.08,retail,2,0
visa_12.6.1,visa,1,0,1,1,1,1,0,9,9,0,22091.05,travel,2,1
rupay_ru01,rupay,1,0,0,1,0,0,1,6,49,0,3331.24,fintech,1,1
rupay_ru02,rupay,0,0,1,1,1,0,0,22,104,0,708.78,fintech,0,0
rupay_1085,rupay,1,0,1,1,1,0,0,11,119,1,570.13,travel,2,1
mc_4850,mc,1,0,1,1,0,1,1,34,65,1,13262.55,saas,2,1
rupay_1062,rupay,1,0,0,0,1,1,0,43,58,1,9510.01,ecommerce,1,0
rupay_ru01,rupay,1,1,1,0,0,0,0,4,9,0,49232.79,fintech,1,1
rupay_1062,rupay,0,1,1,0,1,0,1,28,67,0,2115.09,retail,2,1
mc_4870,mc,0,1,1,0,0,0,0,8,35,1,14101.86,travel,2,1
visa_12.6.1,visa,1,0,1,1,0,0,0,39,56,1,6226.74,healthcare,2,0
amex_C08,amex,1,1,1,0,1,0,0,17,14,1,838.83,travel,1,1
amex_F14,amex,0,0,0,0,0,0,0,1,1,0,4119.55,retail,0,0
rupay_1085,rupay,1,1,0,0,1,1,1,32,33,8,11103.92,saas,2,0
rupay_1062,rupay,0,0,1,0,0,1,0,41,16,2,3625.34,saas,0,0
visa_13.3,visa,1,1,1,1,1,0,1,16,28,1,20405.27,fintech,2,1
visa_10.1,visa,0,0,0,1,0,0,0,21,83,0,1712.02,travel,2,1
rupay_1065,rupay,1,0,1,1,0,1,1,10,21,1,13964.68,travel,2,1
visa_11.3,visa,1,1,1,1,1,0,0,43,10,0,3164.49,fintech,2,1
rupay_ru01,rupay,1,0,1,0,0,1,1,14,62,1,1784.85,travel,1,1
visa_13.9,visa,0,1,1,1,0,1,0,30,9,3,9992.72,travel,2,1
visa_11.1,visa,1,0,1,1,1,0,1,10,27,5,5005.58,healthcare,2,0
visa_13.8,visa,0,1,1,0,1,0,0,12,35,2,8817.6,saas,2,0
mc_4834,mc,1,1,0,0,1,0,1,18,7,1,2880.06,travel,2,1
visa_13.4,visa,1,1,1,1,0,0,0,33,109,0,9315.36,saas,2,1
rupay_ru01,rupay,1,0,0,0,1,0,0,12,112,0,12570.07,travel,0,1
rupay_1065,rupay,1,0,1,1,1,0,1,34,87,8,3261.67,retail,2,0
rupay_1065,rupay,0,1,0,1,1,0,0,40,68,0,17229.05,ecommerce,2,1
visa_11.2,visa,0,1,0,1,0,0,1,19,88,2,3509.57,healthcare,2,1
rupay_1062,rupay,0,1,1,1,0,0,0,37,40,0,8619.13,fintech,1,1
mc_4870,mc,1,1,1,0,0,1,0,25,58,3,358.73,fintech,2,0
rupay_1065,rupay,1,1,1,1,1,0,1,38,20,0,2503.16,ecommerce,2,0
mc_4837,mc,1,1,1,1,0,0,1,40,21,4,7940.09,fintech,2,1
mc_4855,mc,1,0,1,1,1,0,0,12,109,0,3428.67,retail,0,0
mc_4834,mc,1,0,0,0,1,0,0,13,27,1,5587.08,retail,2,1
rupay_ru02,rupay,1,1,0,1,1,0,0,26,80,0,6516.12,retail,1,1
rupay_1085,rupay,1,0,1,1,1,0,0,15,114,0,14756.4,travel,2,1
amex_F31,amex,1,1,1,1,0,0,0,24,112,0,4255.72,saas,2,1
mc_4837,mc,1,1,1,1,0,0,1,45,46,1,14424.31,fintech,2,1
rupay_1085,rupay,1,0,1,1,0,0,0,3,38,8,26783.43,fintech,0,0
visa_10.1,visa,0,1,1,1,0,1,0,7,52,8,14798.82,ecommerce,2,1
visa_10.2,visa,0,1,0,1,1,1,1,22,52,0,5278.56,travel,2,1
visa_13.7,visa,1,1,0,0,0,0,0,36,70,2,693.1,retail,2,1
rupay_1062,rupay,1,0,0,0,0,0,0,9,87,0,11879.39,ecommerce,0,1
rupay_1085,rupay,1,0,1,1,1,1,1,37,55,4,5893.39,healthcare,2,0
disc_UD,disc,1,1,1,1,0,0,0,33,5,0,13358.2,healthcare,2,1
visa_13.1,visa,1,1,1,0,1,1,0,18,64,0,12714.27,retail,1,0
visa_12.1,visa,0,1,0,0,0,1,1,43,83,0,7828.45,saas,2,1
visa_13.1,visa,0,1,0,1,0,0,0,33,24,3,1239.5,travel,1,0
mc_4837,mc,0,1,1,0,1,1,1,18,22,0,10806.94,fintech,1,1
rupay_ru02,rupay,1,0,0,1,1,0,0,9,90,2,8064.17,ecommerce,0,1
rupay_ru02,rupay,0,1,0,0,0,0,0,30,62,2,13492.04,retail,1,0
rupay_1085,rupay,0,1,1,0,0,0,1,38,46,0,5816.68,ecommerce,0,1
rupay_ru01,rupay,1,0,1,0,0,0,1,9,110,1,28692.99,fintech,1,1
mc_4871,mc,1,0,1,1,1,0,0,1,90,0,694.51,fintech,2,1
amex_C02,amex,1,1,1,0,1,0,1,25,8,0,13402.14,travel,2,1
visa_13.2,visa,0,1,0,1,1,0,1,8,17,0,5621.9,saas,2,1
rupay_1085,rupay,1,1,0,1,1,0,0,16,54,2,13176.12,travel,2,0
mc_4850,mc,1,1,0,0,0,1,1,31,58,2,15427.81,fintech,2,0
disc_UA,disc,1,1,0,1,0,0,1,41,26,4,2618.36,ecommerce,1,1
rupay_ru01,rupay,1,1,1,0,1,0,1,14,73,0,651.07,saas,1,1
amex_R03,amex,1,0,1,0,1,0,0,16,71,0,8096.47,saas,0,1
mc_4871,mc,1,1,1,1,0,1,0,38,117,1,1953.3,saas,2,1
amex_F14,amex,1,0,1,1,1,0,1,25,119,0,5767.93,travel,0,0
visa_13.8,visa,1,0,0,0,1,0,0,24,90,0,6688.49,fintech,2,1
visa_13.6,visa,1,0,0,0,0,0,0,42,56,4,3552.13,fintech,0,0
rupay_ru01,rupay,0,1,1,1,0,0,0,10,66,1,14145.66,fintech,2,1
visa_11.1,visa,1,1,1,0,1,0,0,3,76,0,8595.7,saas,2,1
rupay_1065,rupay,1,1,1,1,0,0,1,45,3,1,18294.15,ecommerce,2,1
rupay_ru01,rupay,1,1,1,1,1,0,0,35,48,0,21533.38,retail,2,1
visa_13.9,visa,0,0,0,1,1,0,0,2,109,0,1912.16,fintech,2,1
mc_4808,mc,1,1,1,0,1,0,1,21,56,0,3437.85,saas,2,1
amex_A02,amex,0,1,1,1,1,0,1,18,108,1,4964.83,travel,2,1
amex_C05,amex,1,0,1,0,0,0,1,39,8,0,4761.69,travel,1,1
visa_10.5,visa,1,0,1,1,0,1,0,37,45,0,14821.18,saas,1,1
visa_10.5,visa,1,1,1,1,1,0,0,28,51,8,4258.19,fintech,2,1
rupay_ru02,rupay,0,1,1,1,0,0,1,43,40,0,914.94,healthcare,1,1
visa_13.8,visa,0,1,0,0,1,0,0,45,68,3,49013.44,travel,2,1
visa_13.1,visa,1,1,1,1,1,1,0,23,92,0,6900.74,travel,1,0
rupay_1062,rupay,1,1,1,1,0,1,0,36,19,4,10364.96,fintech,1,1
mc_4850,mc,1,1,1,1,1,0,0,27,117,0,20185.73,fintech,2,1
mc_4870,mc,0,1,1,1,1,0,0,4,87,0,3021.97,retail,2,1
rupay_1085,rupay,1,1,0,0,1,1,0,37,101,0,20888.43,healthcare,2,0
mc_4850,mc,1,0,0,0,0,0,1,45,102,1,12118.55,retail,2,1
visa_12.5,visa,1,1,1,1,0,0,0,9,120,1,346.09,retail,0,0
rupay_1062,rupay,0,1,0,0,1,1,1,31,35,0,8361.39,retail,2,1
rupay_1065,rupay,1,0,1,1,1,1,0,42,92,1,13538.13,ecommerce,2,1
visa_13.2,visa,1,1,1,1,0,0,0,6,14,0,14138.57,saas,0,1
visa_10.2,visa,0,0,1,1,1,0,0,22,89,0,7833.36,fintech,2,1
amex_A08,amex,1,1,1,0,0,0,0,32,53,0,4042.5,travel,2,1
mc_4834,mc,0,0,0,1,0,0,0,30,31,0,5547.93,ecommerce,2,0
visa_13.2,visa,1,1,0,1,1,1,1,14,88,0,8308.78,healthcare,2,0
rupay_1065,rupay,1,0,1,1,1,0,0,33,20,0,17952.3,ecommerce,2,1
disc_DP,disc,0,0,0,0,0,0,0,40,68,1,7133.58,ecommerce,2,1
rupay_ru01,rupay,0,0,1,1,0,0,0,20,115,0,2633.07,fintech,1,0
rupay_1085,rupay,1,0,0,0,1,1,0,9,53,0,1810.07,healthcare,2,1
mc_4855,mc,0,0,1,1,1,1,0,11,111,0,3893.31,travel,1,1
disc_nan,disc,1,1,0,0,1,0,1,5,101,3,20959.55,fintech,2,1
visa_13.8,visa,1,0,0,1,0,1,0,45,120,1,235.76,retail,0,0
disc_DP,disc,1,0,0,0,0,0,1,45,97,0,13797.83,fintech,2,1
mc_4841,mc,1,1,0,1,0,1,0,33,115,0,7158.79,saas,0,0
amex_C05,amex,1,1,1,1,1,0,1,9,30,0,1263.36,fintech,2,1
rupay_ru02,rupay,1,1,1,1,1,0,0,45,93,0,1161.02,ecommerce,1,0
amex_M49,amex,1,1,1,1,1,0,1,27,73,3,2624.05,healthcare,2,1
rupay_ru01,rupay,0,1,1,1,1,1,1,25,38,0,1150.14,saas,2,1
amex_F30,amex,1,1,1,1,0,0,0,33,8,0,7913.79,fintech,2,1
visa_10.1,visa,1,0,1,1,0,0,0,28,1,2,19295.15,travel,2,1
visa_10.5,visa,1,0,1,0,1,0,0,34,98,0,21520.32,fintech,1,1
amex_P05,amex,1,1,0,0,1,0,0,18,1,0,2351.44,retail,0,0
rupay_1085,rupay,1,1,0,1,0,0,0,8,101,0,3037.1,travel,0,0
mc_4871,mc,1,0,1,1,0,0,0,15,31,0,4864.28,saas,2,1
visa_11.2,visa,0,1,1,0,1,0,1,17,5,0,8181.43,fintech,2,1
visa_10.1,visa,1,1,0,0,1,0,0,1,110,2,1286.37,retail,2,1
mc_4871,mc,0,0,0,1,1,1,1,34,42,0,22763.39,travel,2,1
mc_4870,mc,1,0,1,0,0,1,1,29,12,1,1672.23,saas,2,1
visa_13.4,visa,1,0,1,0,0,0,0,16,90,0,829.46,travel,2,1
visa_13.7,visa,1,0,0,1,0,1,0,36,34,2,776.25,travel,2,1
mc_4808,mc,1,0,1,1,1,0,0,23,48,0,246.03,ecommerce,2,1
visa_13.2,visa,1,1,1,1,0,0,0,40,8,0,2092.2,travel,0,1
visa_13.8,visa,1,1,0,1,0,0,0,18,19,0,11350.91,saas,0,0
rupay_1085,rupay,1,1,1,0,1,0,0,11,78,0,3243.48,retail,2,1
rupay_1085,rupay,1,1,1,0,1,0,1,3,7,0,1902.98,ecommerce,2,1
disc_RG,disc,1,1,1,0,0,1,0,43,25,2,803.25,retail,1,0
visa_13.6,visa,1,1,0,1,1,0,0,38,95,0,1603.54,healthcare,2,1
mc_4808,mc,1,0,0,0,1,1,0,15,86,0,3988.51,fintech,2,1
disc_AP,disc,1,0,1,0,1,0,0,8,6,3,14327.32,ecommerce,1,1
rupay_1085,rupay,1,1,0,1,0,0,1,21,88,1,2723.76,healthcare,0,0
visa_10.3,visa,0,0,1,1,1,0,0,32,87,1,2035.03,saas,0,1
disc_UA,disc,1,1,1,0,1,0,0,28,30,0,8061.47,retail,1,1
rupay_ru01,rupay,1,0,0,1,0,0,0,41,70,1,2556.36,travel,1,0
visa_11.1,visa,0,0,0,0,0,0,1,1,31,0,4022.09,retail,2,0
visa_10.1,visa,0,0,0,1,0,0,0,18,36,0,6733.68,retail,2,1
visa_13.1,visa,1,1,1,0,0,0,1,36,60,2,23051.65,travel,1,0
disc_RG,disc,1,1,1,1,0,0,0,5,10,0,22330.67,ecommerce,1,1
visa_13.5,visa,0,1,1,1,0,1,0,10,8,1,10899.77,healthcare,2,1
disc_nan,disc,0,0,1,1,1,0,1,24,101,0,2507.43,travel,2,0
visa_13.5,visa,1,1,1,1,0,0,1,10,30,0,4338.07,ecommerce,2,0
mc_4837,mc,0,1,1,0,1,0,0,33,21,0,7119.8,saas,1,1
rupay_1065,rupay,0,1,1,1,1,0,0,13,9,0,34762.03,healthcare,2,1
mc_4837,mc,1,1,1,1,0,0,0,3,54,0,14487.88,retail,2,1
visa_11.3,visa,1,0,0,1,0,1,0,37,72,3,6396.73,fintech,2,0
visa_11.1,visa,1,0,0,1,0,0,1,28,105,0,4217.04,healthcare,2,1
visa_13.1,visa,0,1,0,1,0,0,1,36,79,1,787.52,ecommerce,1,1
visa_13.9,visa,0,1,0,0,1,1,1,37,60,0,12700.92,travel,2,1
rupay_1062,rupay,0,0,1,0,1,1,0,5,12,0,4113.41,fintech,1,0
visa_13.5,visa,0,0,1,1,1,1,0,24,75,8,13340.24,saas,2,1
mc_4837,mc,1,1,0,0,1,0,1,6,62,1,3530.88,saas,1,1
rupay_1085,rupay,1,1,0,0,1,1,1,7,103,0,21735.53,retail,2,1
amex_F29,amex,1,1,0,0,0,0,1,38,57,0,6461.37,healthcare,1,1
visa_10.3,visa,1,1,1,0,0,0,0,32,22,0,10224.16,ecommerce,0,1
visa_11.2,visa,1,0,1,1,1,1,1,19,3,4,13772.47,saas,2,1
mc_4808,mc,1,1,1,1,0,0,0,10,111,1,3009.24,travel,2,1
rupay_ru02,rupay,1,0,1,0,1,1,0,1,26,0,2041.95,travel,1,1
mc_4863,mc,0,0,1,0,0,0,1,24,93,1,1156.01,fintech,0,0
visa_10.1,visa,1,0,1,0,0,0,1,37,93,0,2667.38,ecommerce,2,1
mc_4871,mc,1,1,1,0,0,0,1,20,28,0,2861.11,saas,2,1
visa_12.6.1,visa,1,1,1,1,1,0,0,36,2,0,12574.75,saas,2,1
visa_13.7,visa,1,0,1,1,0,0,1,41,48,8,3565.74,travel,2,0
visa_13.7,visa,1,1,1,1,0,0,1,25,92,0,7399.2,healthcare,2,1
visa_13.6,visa,0,0,1,1,0,1,0,45,20,1,12642.39,travel,0,0
disc_IC,disc,1,1,0,0,1,1,1,45,1,0,9228.5,ecommerce,2,1
visa_11.1,visa,1,0,1,1,0,0,1,28,117,0,4939.76,healthcare,2,0
visa_12.1,visa,1,0,1,1,0,1,1,26,51,0,10675.12,travel,2,1
rupay_ru02,rupay,1,0,1,0,1,0,1,33,116,1,724.17,retail,0,0
visa_13.4,visa,0,0,1,1,0,1,0,26,92,0,931.52,saas,2,1
mc_4855,mc,1,0,1,0,0,0,1,12,40,0,1131.22,ecommerce,1,0
mc_4870,mc,1,1,1,1,1,1,0,8,8,0,1082.59,healthcare,2,1
visa_10.2,visa,0,1,1,0,0,0,0,9,104,3,6555.16,ecommerce,2,0
mc_4837,mc,1,1,1,0,1,0,1,5,92,0,16055.07,travel,1,1
rupay_1065,rupay,1,1,0,1,0,1,0,15,100,1,11744.01,travel,2,0
rupay_ru01,rupay,1,1,1,0,0,0,0,26,87,2,2379.62,ecommerce,1,1
visa_13.9,visa,1,0,1,0,1,1,1,25,83,0,13957.38,fintech,2,1
visa_11.3,visa,1,1,1,1,0,0,1,26,91,0,1995.61,fintech,2,1
mc_4834,mc,0,1,1,1,1,0,1,21,6,1,3220.6,saas,2,1
mc_4850,mc,1,1,0,1,1,0,1,29,98,0,17840.14,fintech,2,1
mc_4850,mc,1,0,1,0,0,0,0,36,5,0,1572.83,travel,2,1
mc_4808,mc,1,0,1,0,0,0,0,4,98,0,16811.84,ecommerce,2,0
visa_12.5,visa,0,0,1,1,1,0,0,23,19,0,5846.67,travel,0,0
mc_4812,mc,1,1,1,1,1,1,1,8,80,0,1689.17,saas,2,1
rupay_1062,rupay,0,1,1,1,0,0,0,25,33,0,893.14,healthcare,1,0
amex_A01,amex,0,0,0,1,1,0,1,7,116,2,15419.63,fintech,2,0
mc_4837,mc,1,0,1,1,0,0,1,42,109,0,27530.25,ecommerce,1,1
mc_4850,mc,0,0,1,1,0,0,1,41,78,0,8065.52,travel,2,1
mc_4871,mc,1,0,1,0,1,0,0,15,61,1,2153.46,fintech,2,1
rupay_1085,rupay,1,1,1,1,0,0,1,39,4,0,2216.57,retail,0,1
mc_4863,mc,0,0,1,0,1,0,0,25,80,1,137.16,fintech,0,0
mc_4834,mc,1,0,1,0,0,1,0,5,70,2,2288.05,saas,2,0
visa_13.6,visa,0,1,0,1,0,0,0,4,88,1,10469.69,healthcare,0,0
rupay_ru01,rupay,1,0,1,1,0,1,1,16,80,1,4302.47,saas,1,1
mc_4841,mc,1,1,1,0,0,0,0,28,82,0,1376.33,travel,0,0
visa_10.3,visa,1,1,1,0,1,0,1,23,6,0,10862.31,retail,0,1
visa_13.6,visa,1,1,0,0,0,1,0,13,41,1,6660.22,healthcare,0,0
rupay_1085,rupay,1,0,0,1,0,0,0,39,4,0,3126.25,ecommerce,0,1
rupay_1085,rupay,0,1,1,1,1,0,1,3,64,0,40499.91,healthcare,2,1
visa_13.6,visa,1,1,1,0,1,1,1,4,14,2,28350.33,saas,2,0
disc_UD,disc,0,1,1,1,0,0,0,9,88,0,4136.26,fintech,2,1
rupay_ru01,rupay,0,1,1,1,1,0,0,2,74,0,3447.72,travel,2,1
rupay_1085,rupay,1,1,1,0,0,0,0,36,62,0,1523.67,saas,0,0
visa_13.8,visa,1,1,0,0,0,1,1,18,77,0,2407.71,ecommerce,0,1
rupay_1085,rupay,1,1,1,0,1,0,1,13,47,1,3012.48,retail,2,1
visa_10.1,visa,0,0,1,1,0,1,0,26,116,0,7866.23,fintech,2,1
mc_4841,mc,1,1,1,0,0,0,0,2,28,0,6252.71,travel,0,0
mc_4855,mc,1,0,1,1,0,0,0,9,11,0,3536.68,saas,0,0
rupay_ru02,rupay,0,1,0,1,1,0,1,22,2,0,3776.63,retail,1,0
visa_13.5,visa,0,0,1,1,1,0,0,42,13,0,5278.8,ecommerce,2,1
visa_13.2,visa,1,0,1,0,1,1,1,36,95,1,43257.03,healthcare,2,1
rupay_1065,rupay,1,0,1,1,0,1,1,43,12,8,9500.63,retail,2,0
amex_C18,amex,1,0,0,1,0,0,0,19,21,1,18459.08,healthcare,2,1
rupay_1062,rupay,1,1,0,0,0,0,1,38,35,3,336.2,travel,1,1
rupay_1062,rupay,0,1,1,1,0,0,1,38,29,1,15644.93,retail,1,0
visa_13.9,visa,1,0,0,1,1,0,0,19,83,8,17947.4,saas,2,0
mc_4853,mc,0,1,1,1,0,0,0,17,87,0,28740.52,retail,1,1
mc_4871,mc,0,1,1,0,1,0,0,10,83,0,12344.39,ecommerce,2,1
visa_12.5,visa,0,0,1,1,0,0,1,33,62,1,5874.14,retail,0,0
visa_11.1,visa,1,0,1,0,0,0,0,7,43,2,5030.66,ecommerce,2,0
visa_13.7,visa,1,1,1,0,0,1,0,7,42,0,9188.95,saas,2,1
amex_M10,amex,1,1,1,0,0,1,0,43,24,0,9770.14,travel,2,1
disc_AA,disc,0,0,1,1,1,0,0,15,3,0,3940.58,healthcare,1,1
mc_4841,mc,0,0,1,0,0,1,0,16,115,0,22025.44,retail,0,1
visa_12.6.1,visa,0,1,0,1,0,1,1,23,95,2,6841.26,ecommerce,2,0
disc_RM,disc,0,1,0,0,1,0,1,39,13,0,30451.02,retail,2,1
mc_4812,mc,1,1,1,1,1,0,1,41,48,3,24702.21,saas,2,0
mc_4871,mc,0,0,0,1,0,1,0,13,99,0,6096.96,healthcare,2,0
rupay_1085,rupay,0,1,1,1,0,0,0,44,80,2,15711.25,retail,0,0
visa_13.3,visa,1,1,1,0,0,0,0,24,88,1,9600.1,fintech,0,0
visa_10.3,visa,0,1,1,0,1,0,0,29,31,3,15941.22,healthcare,0,0
mc_4863,mc,0,1,1,1,0,0,0,44,108,0,29626.27,healthcare,0,1
visa_10.1,visa,1,0,0,0,1,0,0,18,45,1,2027.07,saas,2,1
mc_4812,mc,0,0,1,1,1,0,0,3,3,3,12176.9,healthcare,2,0
mc_4863,mc,1,0,1,0,0,0,0,19,30,2,4789.38,retail,0,0
visa_10.5,visa,1,1,0,1,0,0,0,35,16,0,5165.32,ecommerce,1,1
rupay_1085,rupay,0,0,1,1,1,0,0,5,83,1,3394.69,retail,2,1
mc_4841,mc,0,1,0,0,1,0,1,1,83,2,2996.92,saas,2,0
visa_13.7,visa,1,0,0,1,1,0,1,24,40,2,3946.24,saas,2,1
mc_4808,mc,1,1,1,0,1,0,0,34,74,0,6023.88,saas,2,1
rupay_ru01,rupay,1,0,1,1,0,0,0,32,25,0,23592.49,healthcare,1,1
visa_11.1,visa,0,1,0,0,1,0,0,24,13,0,215.07,travel,2,1
amex_C18,amex,1,1,1,0,1,1,1,6,41,0,8192.7,retail,2,1
visa_12.6.1,visa,0,1,0,1,0,0,1,35,19,0,2821.17,healthcare,2,1
visa_13.5,visa,1,1,0,0,0,0,0,43,15,2,4225.31,fintech,2,0
amex_P08,amex,1,1,0,1,0,0,0,30,69,3,22234.54,retail,2,0
rupay_ru02,rupay,1,0,0,1,0,0,1,14,11,0,34896.78,retail,0,1
visa_11.1,visa,1,0,1,0,1,0,0,39,42,0,9875.83,healthcare,2,1
mc_4855,mc,0,0,1,0,1,1,0,7,76,0,1095.25,retail,1,1
visa_13.7,visa,1,0,1,1,0,0,0,31,8,0,26348.86,travel,2,1
visa_10.1,visa,1,1,0,0,1,0,1,27,107,0,4841.95,fintech,2,1
visa_13.1,visa,1,1,1,1,1,0,1,32,99,0,4367.96,retail,1,0
visa_13.3,visa,1,0,1,0,0,0,0,19,83,0,3730.68,saas,0,0
visa_10.4,visa,1,1,0,1,0,0,0,17,96,4,5803.57,saas,1,1
rupay_1062,rupay,1,0,1,0,1,0,0,38,93,0,20074.1,retail,1,0
disc_nan,disc,1,1,1,1,0,0,1,17,113,2,9618.27,healthcare,2,1
rupay_ru01,rupay,1,1,1,0,0,0,1,39,25,0,4484.22,fintech,1,1
visa_13.2,visa,1,1,1,1,1,0,0,6,87,2,8873.58,ecommerce,1,1
visa_10.5,visa,1,0,1,0,1,1,1,18,107,0,9035.74,fintech,1,0
rupay_1062,rupay,1,1,1,1,0,1,0,13,87,2,1801.97,saas,1,0
visa_13.4,visa,0,1,1,0,0,0,0,17,101,0,3656.97,saas,2,0
visa_10.2,visa,0,0,1,0,0,0,1,31,61,8,11101.22,travel,2,0
visa_12.5,visa,0,1,1,0,1,0,1,37,94,0,17422.44,retail,0,0
visa_10.2,visa,1,0,1,0,1,0,1,28,72,0,7068.18,healthcare,2,1
visa_12.6.1,visa,0,0,1,0,1,0,0,24,5,3,5488.38,fintech,2,0
visa_11.2,visa,0,0,1,1,0,0,0,10,27,1,6292.41,healthcare,2,1
mc_4841,mc,1,0,1,0,0,0,0,19,36,1,2760.71,fintech,0,0
mc_4855,mc,1,1,0,1,0,0,0,24,40,0,880.17,healthcare,1,0
amex_C14,amex,1,0,0,1,0,0,0,26,39,1,6337.96,ecommerce,2,1
visa_10.4,visa,0,1,0,1,0,1,0,25,101,0,17536.96,retail,1,0
amex_R03,amex,1,1,1,0,1,1,0,9,26,0,4710.25,healthcare,2,1
rupay_1062,rupay,0,1,1,1,0,0,0,42,11,0,6570.27,fintech,1,1
mc_4812,mc,1,1,1,1,0,1,1,28,108,0,1120.39,travel,2,0
visa_10.2,visa,0,1,1,1,0,1,1,27,97,0,6718.11,saas,2,1
mc_4808,mc,0,1,0,0,0,0,1,5,86,0,1608.78,ecommerce,2,1
mc_4871,mc,1,0,0,1,1,0,0,43,114,2,3476.71,retail,2,1
visa_11.1,visa,0,0,1,1,1,1,1,21,80,2,6920.12,travel,2,1
amex_F24,amex,0,0,1,0,0,0,1,27,77,3,3532.78,saas,1,0
visa_10.3,visa,1,0,1,1,1,1,0,7,6,0,15290.24,healthcare,2,1
amex_P05,amex,1,0,0,1,0,0,0,13,45,0,1636.96,fintech,0,0
visa_13.8,visa,1,0,0,0,1,0,0,31,48,0,8136.5,retail,2,1
visa_12.6.1,visa,0,1,1,0,0,0,0,20,22,0,4055.02,travel,2,1
rupay_1062,rupay,1,1,1,0,0,0,1,31,34,1,9751.51,travel,1,1
mc_4834,mc,1,0,0,1,0,0,1,41,51,1,1008.69,saas,2,1
rupay_1062,rupay,0,1,1,0,0,1,0,16,56,0,9019.03,retail,1,0
disc_CD,disc,1,1,1,0,1,0,1,10,32,0,6895.08,healthcare,2,1
mc_4853,mc,0,1,0,0,1,0,1,16,14,3,2044.01,saas,2,1
disc_IC,disc,0,0,1,1,0,0,0,15,50,1,3122.4,saas,0,1
disc_UD,disc,0,0,0,0,0,1,0,45,60,2,1640.44,retail,0,0
rupay_ru02,rupay,1,1,1,0,0,1,1,45,57,0,2470.06,ecommerce,2,1
disc_UD,disc,0,1,1,1,0,0,0,11,86,0,1488.43,travel,2,1
visa_13.8,visa,1,1,0,1,1,0,0,11,5,2,14197.0,fintech,2,0
visa_10.5,visa,0,0,0,1,1,0,0,15,95,0,2864.35,saas,1,0
amex_F14,amex,0,0,0,1,1,1,0,16,32,0,5042.76,ecommerce,2,1
amex_C02,amex,0,1,1,1,0,0,1,16,86,1,956.12,fintech,2,0
amex_A08,amex,0,1,1,1,1,1,1,21,96,0,7142.98,travel,2,1
visa_13.1,visa,0,1,1,1,1,1,0,36,74,0,2916.92,travel,1,0
amex_C02,amex,0,0,0,0,1,1,1,18,86,1,5888.88,travel,2,1
disc_CD,disc,1,1,1,0,1,1,0,19,117,1,10607.97,healthcare,2,1
visa_13.2,visa,0,1,1,1,0,0,0,2,10,0,1843.05,retail,0,0
visa_11.2,visa,0,1,1,0,0,0,0,16,44,0,1051.81,healthcare,2,1
mc_4850,mc,1,0,0,0,1,0,0,2,4,0,33097.49,ecommerce,2,0
rupay_1062,rupay,1,1,0,1,0,0,0,29,31,0,11266.33,ecommerce,1,1
mc_4871,mc,0,1,0,0,0,0,1,17,32,1,11120.68,travel,2,1
visa_13.4,visa,0,1,1,0,1,0,1,12,73,1,1584.88,healthcare,2,0
visa_10.3,visa,1,1,1,0,1,0,0,4,87,1,2676.98,healthcare,0,0
visa_13.5,visa,1,1,1,1,1,1,1,18,107,2,610.24,saas,2,0
visa_13.5,visa,1,1,1,1,0,1,0,40,59,0,400.15,healthcare,2,1
rupay_1065,rupay,1,0,1,0,0,0,1,23,45,5,21078.55,saas,2,0
rupay_ru02,rupay,1,0,1,1,1,0,0,38,90,0,16160.71,healthcare,0,0
amex_C04,amex,1,1,1,1,0,0,0,11,10,1,25682.74,saas,0,0
visa_10.1,visa,1,0,0,1,0,0,0,19,2,0,11026.84,retail,2,1
visa_13.3,visa,0,1,1,0,1,0,0,10,119,1,730.15,ecommerce,2,1
mc_4870,mc,1,1,1,1,0,0,1,11,86,0,12411.67,retail,2,1
disc_RM,disc,0,1,1,0,0,0,1,42,33,0,1685.26,ecommerce,2,1
rupay_1062,rupay,0,1,1,0,0,1,1,31,43,0,1582.56,retail,1,1
visa_13.8,visa,1,0,0,0,0,1,0,6,56,0,1318.29,saas,0,0
rupay_1065,rupay,0,0,1,0,1,0,0,25,65,0,1240.08,retail,2,1
mc_4855,mc,0,1,1,0,0,0,1,19,31,0,4913.42,travel,1,0
visa_13.7,visa,1,1,0,1,0,1,1,18,57,0,2258.25,healthcare,2,1
visa_11.3,visa,1,1,1,0,0,0,0,26,28,1,1861.96,retail,2,1
visa_12.1,visa,0,0,1,1,0,0,0,19,21,1,15687.07,travel,2,1
rupay_ru01,rupay,0,1,1,0,1,0,1,40,65,0,3112.95,travel,1,1
visa_11.2,visa,0,1,1,0,1,0,1,17,69,3,11739.75,travel,2,1
visa_11.1,visa,1,0,0,0,1,0,0,33,38,2,1811.68,ecommerce,2,1
mc_4808,mc,1,1,1,0,1,0,0,16,10,1,10653.81,healthcare,2,1
rupay_1065,rupay,1,0,1,0,0,1,0,37,23,0,756.27,healthcare,2,1
visa_12.1,visa,1,1,1,1,1,0,0,45,97,0,38061.05,fintech,2,1
visa_13.5,visa,1,1,1,1,0,0,0,38,41,8,1522.79,ecommerce,2,0
visa_10.5,visa,1,0,0,1,1,1,0,42,81,0,4754.86,saas,1,0
visa_11.1,visa,0,1,1,1,1,1,0,9,112,2,10543.79,ecommerce,2,0
rupay_1062,rupay,1,0,1,0,0,1,0,16,58,0,10990.59,travel,0,0
visa_11.1,visa,0,1,0,1,0,1,1,43,62,0,8469.0,fintech,2,1
rupay_1065,rupay,0,0,1,1,1,0,0,23,17,0,3179.31,fintech,2,1
rupay_ru01,rupay,1,0,1,1,0,0,0,44,35,0,8526.24,travel,1,1
amex_P08,amex,1,0,0,0,0,1,0,14,64,0,20740.11,travel,2,1
mc_4837,mc,0,0,1,1,0,0,0,29,111,1,155.59,travel,1,1
amex_P08,amex,1,0,1,0,1,0,0,45,39,1,2862.96,retail,2,0
disc_IC,disc,0,1,1,1,1,0,0,42,3,8,3660.57,saas,0,0
visa_10.2,visa,1,1,1,0,0,0,0,27,93,0,6857.73,retail,2,1
visa_13.1,visa,1,1,1,1,1,0,0,21,97,2,401.42,retail,1,0
visa_10.4,visa,1,1,1,1,1,0,0,27,108,0,5240.77,fintech,1,1
mc_4808,mc,0,0,1,1,1,0,1,1,112,1,4942.99,travel,2,0
mc_4871,mc,1,1,1,1,0,0,0,14,116,0,12695.1,ecommerce,2,1
rupay_1085,rupay,1,1,0,1,0,0,0,1,92,2,5503.64,saas,0,0
mc_4834,mc,1,1,1,1,0,0,0,45,108,0,12541.37,saas,2,0
visa_11.3,visa,1,0,1,1,0,0,0,2,33,1,15901.31,healthcare,2,1
disc_RM,disc,1,1,0,0,1,1,1,33,61,2,378.16,travel,2,1
rupay_ru02,rupay,1,0,0,1,1,1,0,12,23,1,4120.15,retail,1,0
rupay_ru01,rupay,0,1,0,1,0,0,0,6,114,2,1255.46,ecommerce,1,0
mc_4871,mc,1,0,1,1,1,0,1,41,111,0,2125.55,ecommerce,2,1
amex_A08,amex,0,1,1,1,0,0,0,45,80,0,9702.9,ecommerce,2,1
disc_DP,disc,1,1,0,1,1,0,0,9,68,0,1098.57,ecommerce,2,1
amex_R13,amex,1,1,1,0,1,1,0,32,98,3,11716.08,saas,2,1
visa_10.2,visa,0,1,1,0,1,0,1,9,106,0,3557.0,fintech,2,1
mc_4855,mc,1,1,0,1,1,1,1,3,42,4,871.35,healthcare,2,0
visa_10.1,visa,1,0,0,1,1,0,0,12,114,0,1321.64,ecommerce,2,1
visa_11.1,visa,1,0,0,1,0,1,0,35,65,0,4859.58,ecommerce,2,1
rupay_1085,rupay,0,1,1,1,0,1,0,21,98,0,5882.17,retail,0,0
mc_4853,mc,1,0,1,0,1,1,0,33,74,1,1361.22,healthcare,1,0
rupay_1065,rupay,1,0,1,0,0,0,0,9,57,0,4273.27,saas,2,0
rupay_1062,rupay,1,1,1,0,1,1,1,41,99,0,15004.05,travel,2,1
amex_F29,amex,1,1,1,1,0,0,0,21,12,5,8755.91,travel,2,1
mc_4834,mc,1,1,1,0,0,0,1,15,16,1,11659.29,ecommerce,2,1
visa_13.8,visa,1,0,1,1,0,1,0,22,106,0,1692.44,fintech,0,0
visa_11.1,visa,1,1,0,0,0,1,0,39,110,4,31457.09,ecommerce,2,0
rupay_1065,rupay,1,1,1,1,0,0,0,3,17,3,7784.59,retail,2,0
visa_13.7,visa,0,1,1,0,0,1,0,29,32,0,3854.93,healthcare,2,1
mc_4834,mc,1,1,1,1,1,0,0,38,60,0,708.12,fintech,2,1
mc_4870,mc,1,0,1,0,1,1,1,4,65,1,13722.82,healthcare,2,1
visa_12.6.1,visa,0,0,1,1,0,0,0,18,104,1,6091.43,retail,2,0
visa_11.2,visa,1,1,1,0,1,0,0,35,24,0,36788.05,saas,2,1
mc_4837,mc,1,0,1,1,0,0,0,15,35,1,18349.37,fintech,1,1
rupay_1065,rupay,0,1,1,1,0,0,1,19,88,0,648.64,travel,2,1
rupay_ru01,rupay,0,0,0,1,0,1,0,6,30,1,18912.9,healthcare,1,1
mc_4855,mc,0,1,1,1,1,0,1,43,73,0,2781.11,healthcare,1,0
visa_10.2,visa,1,1,0,0,0,0,0,40,8,1,2723.72,retail,2,1
amex_A08,amex,0,1,0,1,0,1,1,3,45,1,15057.86,retail,2,1
amex_C04,amex,1,0,0,1,0,0,0,25,54,0,8460.87,fintech,0,0
mc_4870,mc,1,0,0,0,0,0,1,17,19,0,4184.64,retail,2,1
disc_UA,disc,0,0,1,0,0,0,0,15,45,8,3295.62,saas,1,1
visa_12.1,visa,1,1,1,0,0,0,1,45,77,8,1624.63,travel,2,0
visa_12.5,visa,1,0,1,0,1,0,0,12,49,0,5424.75,saas,0,1
rupay_1085,rupay,0,1,1,1,0,1,1,43,108,0,416.13,retail,0,0
visa_10.4,visa,0,0,1,1,1,0,0,4,32,2,807.41,travel,1,1
visa_13.4,visa,1,0,1,0,0,0,0,2,38,0,19671.66,fintech,2,1
visa_12.5,visa,1,1,0,1,0,0,0,19,62,0,1834.55,healthcare,0,1
visa_11.2,visa,1,0,0,0,0,1,1,35,3,0,3950.25,healthcare,2,1
disc_IC,disc,1,1,0,0,1,0,0,28,58,0,7236.51,healthcare,0,0
mc_4853,mc,1,0,1,1,0,0,1,23,72,0,20783.24,ecommerce,0,0
visa_10.1,visa,1,1,0,1,0,0,1,14,80,0,21825.71,fintech,2,1
visa_10.4,visa,1,1,1,1,1,0,1,18,90,3,1862.31,saas,1,1
mc_4853,mc,1,1,0,1,0,0,1,22,79,0,21018.0,saas,1,1
amex_C02,amex,0,1,1,0,1,1,0,37,71,1,100.84,ecommerce,2,0
rupay_1065,rupay,0,1,1,1,0,0,1,10,107,2,2805.28,saas,2,0
rupay_1085,rupay,0,1,0,1,1,1,0,31,9,0,2235.16,fintech,2,1
mc_4871,mc,1,1,1,1,0,0,1,35,63,0,33947.98,fintech,2,1
visa_13.7,visa,0,1,1,0,1,1,1,11,84,0,3632.47,ecommerce,2,1
visa_13.7,visa,0,1,1,1,0,0,0,3,88,2,6841.98,healthcare,2,0
mc_4850,mc,0,0,1,1,1,0,0,35,33,2,8573.73,travel,2,1
amex_M10,amex,1,1,0,1,0,0,0,16,43,0,4523.09,travel,2,1
visa_13.2,visa,1,1,1,1,0,0,0,11,91,2,9369.94,saas,0,0
rupay_ru02,rupay,0,1,1,0,1,1,0,9,90,2,1347.97,retail,2,0
rupay_1062,rupay,1,1,0,0,1,1,0,10,26,0,12069.36,retail,2,1
amex_A08,amex,1,0,0,1,1,1,0,44,33,3,23295.38,fintech,2,1
mc_4808,mc,0,1,1,0,0,0,0,7,55,0,10783.15,healthcare,2,1
rupay_ru02,rupay,1,0,0,1,1,1,0,11,100,0,11633.49,saas,1,0
mc_4870,mc,1,1,1,0,1,1,0,8,76,3,5349.06,ecommerce,2,1
mc_4855,mc,1,0,1,0,0,0,0,17,86,0,6739.52,saas,0,0
disc_UD,disc,0,0,0,1,1,0,1,17,56,2,2439.74,travel,0,0
rupay_ru02,rupay,1,1,0,0,1,0,0,24,46,2,6776.35,healthcare,1,1
visa_11.2,visa,1,0,1,1,0,0,0,20,66,0,14250.2,travel,2,1
mc_4812,mc,1,1,1,1,1,0,1,18,93,0,39843.77,fintech,2,1
visa_10.1,visa,1,1,0,1,1,0,0,44,83,0,658.79,travel,2,1
visa_13.5,visa,0,0,1,0,0,0,0,6,97,0,2973.22,travel,2,1
rupay_ru02,rupay,0,1,0,1,0,0,0,7,20,0,102.57,travel,1,1
mc_4863,mc,1,1,0,1,1,0,0,17,45,0,18153.51,retail,0,1
rupay_1062,rupay,0,0,0,1,0,0,1,43,12,0,10779.82,retail,0,0
visa_13.6,visa,1,0,0,0,1,1,0,10,97,0,15584.01,retail,2,1
mc_4850,mc,1,1,1,1,0,0,0,14,10,1,779.93,saas,2,1
rupay_ru02,rupay,1,0,1,1,1,1,0,5,70,1,8398.86,ecommerce,1,0
visa_13.6,visa,0,1,1,1,1,0,0,30,83,3,692.95,saas,2,1
rupay_ru01,rupay,1,0,0,1,1,1,0,2,23,0,17906.66,saas,1,1
mc_4812,mc,1,1,1,0,0,0,0,6,76,0,3869.8,healthcare,2,1
amex_F24,amex,1,0,1,1,1,0,0,45,26,0,2953.97,retail,1,1
rupay_1085,rupay,0,0,1,0,1,0,0,33,4,0,10638.21,retail,2,1
rupay_1085,rupay,1,0,1,0,0,0,0,41,106,0,553.85,healthcare,0,0
rupay_ru02,rupay,1,1,1,1,0,0,1,40,8,0,2327.52,saas,1,1
visa_13.5,visa,1,0,1,1,1,1,0,26,120,0,1968.73,saas,2,1
mc_4812,mc,0,1,0,0,0,0,1,27,26,0,6160.09,saas,2,1
rupay_1065,rupay,1,1,0,0,1,0,0,20,109,0,10850.21,ecommerce,2,1
mc_4837,mc,0,0,1,0,1,0,0,24,99,4,4601.58,saas,1,0
visa_11.2,visa,1,1,1,1,1,1,0,18,87,1,3253.18,fintech,2,1
rupay_1062,rupay,1,0,0,1,1,0,1,20,84,0,8136.14,travel,1,1
visa_10.2,visa,1,1,1,1,0,0,0,14,91,0,1537.8,saas,2,1
amex_F31,amex,1,0,1,0,1,0,1,10,98,0,29339.73,fintech,2,1
visa_12.6.1,visa,1,0,0,1,0,0,0,6,38,4,3728.84,travel,2,0
amex_F24,amex,0,1,1,0,1,0,1,15,86,1,2506.25,retail,1,1
rupay_1085,rupay,1,1,1,1,0,0,0,19,18,0,6015.08,saas,0,0
mc_4850,mc,1,0,1,0,1,0,0,6,110,5,21057.05,travel,2,0
amex_A01,amex,1,1,1,0,1,1,0,30,79,0,9713.2,retail,2,1
disc_DP,disc,1,0,0,1,1,0,0,35,31,1,2299.46,healthcare,2,1
visa_11.1,visa,1,1,0,1,1,1,0,45,48,0,10190.21,healthcare,2,1
amex_F29,amex,1,0,1,1,0,0,0,13,49,4,1445.76,travel,1,0
visa_12.6.1,visa,0,1,1,0,0,1,0,37,30,0,6262.36,healthcare,2,1
rupay_1085,rupay,1,1,0,1,0,1,0,18,57,0,4665.75,retail,0,0
visa_13.3,visa,0,0,0,0,0,0,0,25,30,1,4394.11,fintech,0,0
rupay_ru01,rupay,1,0,1,0,0,0,0,1,99,0,26819.08,saas,1,1
rupay_1085,rupay,1,0,0,1,1,0,0,37,98,0,1804.1,saas,2,1
visa_13.7,visa,1,0,1,1,0,0,1,14,3,0,18101.51,travel,2,1
visa_12.6.1,visa,0,1,1,0,0,0,0,20,71,0,5905.4,travel,2,1
rupay_ru01,rupay,0,1,1,0,0,0,0,17,93,2,2859.03,retail,1,0
amex_M49,amex,0,0,1,1,0,0,1,37,89,1,7651.29,travel,2,1
rupay_1065,rupay,1,0,0,1,0,0,0,7,14,0,11671.49,ecommerce,2,0
mc_4841,mc,0,1,0,1,1,0,0,2,14,0,1636.57,travel,1,0
rupay_1085,rupay,0,1,0,1,1,0,1,25,66,1,941.67,ecommerce,2,1
rupay_1065,rupay,1,0,0,1,1,0,1,37,96,1,6135.72,retail,2,0
visa_12.1,visa,1,0,0,0,0,0,0,29,32,1,1700.87,saas,2,1
visa_13.4,visa,1,0,1,1,1,0,0,32,21,1,2514.77,ecommerce,2,1
visa_10.4,visa,0,0,1,0,1,0,0,17,11,0,11240.07,retail,1,0
amex_C04,amex,0,1,0,1,0,0,1,1,91,3,1490.49,healthcare,0,0
rupay_ru02,rupay,1,1,0,1,0,1,1,38,76,1,33085.42,ecommerce,2,1
rupay_ru01,rupay,1,1,1,1,0,0,0,1,16,2,15867.15,ecommerce,2,1
visa_10.3,visa,1,0,0,1,0,0,1,2,67,2,6908.38,travel,0,0
rupay_1085,rupay,1,0,1,1,0,0,1,34,99,0,410.0,travel,0,0
visa_13.3,visa,1,1,1,0,1,0,0,14,104,0,15690.94,healthcare,2,1
rupay_ru01,rupay,1,0,1,1,1,0,0,29,78,4,653.87,travel,1,0
mc_4808,mc,0,1,0,1,0,0,1,7,92,0,2124.63,healthcare,2,1
mc_4812,mc,1,1,1,0,0,0,0,36,14,2,21343.28,healthcare,2,0
visa_10.5,visa,1,0,0,0,0,1,1,7,82,0,8914.94,ecommerce,0,0
mc_4863,mc,0,1,1,0,1,0,1,45,70,1,5645.1,fintech,0,0
mc_4850,mc,1,0,1,1,1,1,0,8,114,3,10847.57,ecommerce,2,1
amex_C14,amex,1,0,0,0,1,0,0,32,87,1,7349.94,saas,2,1
visa_10.1,visa,1,1,1,1,1,1,0,8,54,0,26717.45,saas,2,1
amex_F10,amex,1,1,1,1,1,0,0,3,56,0,2379.34,retail,0,1
visa_10.5,visa,0,1,1,0,0,0,0,43,96,0,5722.21,fintech,1,1
rupay_ru01,rupay,0,0,1,1,1,0,0,11,39,0,11710.87,travel,1,1
amex_F30,amex,1,0,1,1,0,0,0,22,56,0,3187.26,ecommerce,2,1
visa_13.8,visa,0,0,0,1,0,1,1,4,11,1,2324.13,healthcare,0,1
rupay_1065,rupay,1,0,1,1,0,0,1,42,114,0,10693.64,ecommerce,2,1
visa_10.1,visa,0,1,0,1,0,0,0,35,68,0,3239.47,saas,2,1
visa_13.2,visa,1,1,1,1,1,0,1,15,119,1,3772.2,travel,2,1
amex_F29,amex,0,0,0,0,0,1,0,28,34,0,3079.03,saas,0,0
mc_4834,mc,1,0,1,0,0,1,1,43,48,2,4097.95,healthcare,2,1
visa_10.1,visa,1,0,1,1,0,0,1,34,96,0,4241.56,healthcare,2,1
mc_4841,mc,0,0,0,1,1,0,1,1,42,0,3787.65,healthcare,2,1
amex_P05,amex,1,1,1,1,0,1,0,3,5,2,1263.61,healthcare,2,0
rupay_ru02,rupay,1,0,0,1,1,0,0,40,8,0,6158.99,travel,0,1
visa_13.7,visa,0,0,1,1,0,0,1,22,27,0,3464.17,saas,2,1
mc_4812,mc,1,0,1,0,1,0,0,41,61,1,2039.91,travel,2,1
rupay_ru02,rupay,1,1,1,1,1,0,1,39,94,0,15416.81,travel,1,0
amex_C05,amex,1,1,1,0,0,1,0,26,11,4,7743.61,travel,0,0
mc_4870,mc,1,0,1,0,0,0,0,27,118,1,1608.73,travel,2,1
mc_4808,mc,1,1,0,0,1,0,0,24,72,3,8759.43,retail,2,1
amex_M49,amex,1,1,1,1,0,0,1,43,1,2,5542.15,retail,2,1
mc_4850,mc,1,1,0,0,0,0,0,14,62,1,26417.42,healthcare,2,1
visa_10.3,visa,0,0,0,1,0,1,1,16,9,5,35801.07,retail,2,0
mc_4871,mc,0,0,1,0,0,0,0,26,76,0,24645.01,retail,2,1
disc_AA,disc,0,1,0,1,1,0,1,1,45,5,16100.78,travel,1,0
amex_R03,amex,1,0,0,1,1,0,1,22,29,8,4194.96,travel,0,0
visa_10.5,visa,0,1,1,0,0,0,1,11,59,0,1468.46,retail,1,0
mc_4841,mc,1,1,1,1,1,0,0,44,31,0,9061.08,ecommerce,1,1
visa_13.3,visa,1,1,1,0,1,0,0,9,58,1,7118.46,travel,2,1
visa_13.6,visa,1,1,1,0,1,1,0,34,40,0,7455.3,ecommerce,2,0
mc_4871,mc,1,0,1,1,0,0,0,36,118,3,10579.19,healthcare,2,1
mc_4870,mc,0,0,0,0,0,0,0,14,99,0,1275.02,saas,2,1
visa_12.5,visa,0,1,1,0,1,0,0,18,89,0,3584.02,travel,0,0
mc_4850,mc,1,0,1,1,0,0,1,33,103,0,19539.58,retail,2,0
visa_12.5,visa,1,0,1,1,0,0,0,12,10,0,4634.61,healthcare,0,1
mc_4808,mc,0,1,0,1,1,0,1,12,50,0,602.6,ecommerce,2,1
visa_12.1,visa,1,0,1,1,1,0,0,36,48,4,644.8,travel,2,1
amex_C02,amex,1,1,0,1,1,0,0,7,85,0,19272.47,saas,2,0
mc_4841,mc,0,0,1,1,0,0,0,16,110,2,8245.8,saas,0,0
rupay_ru02,rupay,1,0,0,1,1,0,1,37,39,0,24480.19,ecommerce,0,0
visa_13.9,visa,1,1,1,1,1,0,0,18,106,0,9693.22,fintech,2,1
rupay_1065,rupay,1,0,0,1,1,0,0,21,91,0,3454.63,healthcare,2,1
rupay_ru02,rupay,1,1,1,1,0,0,0,32,20,0,3427.33,travel,1,0
visa_13.9,visa,1,1,1,0,1,0,1,13,107,0,10278.87,travel,2,1
rupay_1065,rupay,0,1,1,0,0,1,0,16,7,0,4386.3,travel,2,1
visa_13.5,visa,1,1,1,1,0,0,1,19,53,2,3383.97,retail,2,1
visa_11.1,visa,0,1,1,1,1,1,1,31,104,0,20556.12,travel,2,0
mc_4863,mc,1,1,1,0,0,0,1,44,32,1,610.08,retail,0,1
visa_10.5,visa,1,1,1,1,0,0,0,35,32,2,2851.79,saas,2,1
rupay_1085,rupay,1,0,1,1,0,0,0,16,49,1,27999.55,healthcare,0,0
visa_13.3,visa,1,0,1,1,0,1,1,9,15,1,10426.92,retail,0,0
disc_RM,disc,1,0,1,1,1,1,0,38,77,4,8007.02,healthcare,2,1
visa_10.3,visa,1,0,1,1,0,0,0,9,6,1,4196.93,ecommerce,0,1
rupay_ru02,rupay,1,0,1,0,0,0,0,41,51,0,161.14,travel,0,0
mc_4855,mc,1,1,1,1,0,0,0,26,73,0,226.93,fintech,1,1
visa_13.1,visa,1,0,1,1,0,0,1,36,75,1,8526.47,saas,1,0
visa_13.7,visa,0,1,1,1,0,0,1,9,68,0,9314.16,travel,2,1
visa_13.5,visa,0,0,1,0,1,0,0,26,74,0,8215.06,saas,2,1
rupay_ru02,rupay,0,1,1,0,0,1,1,24,96,0,141.48,saas,2,1
rupay_1062,rupay,0,1,0,1,0,1,0,38,64,2,11439.12,ecommerce,1,0
mc_4808,mc,1,1,1,1,0,0,0,41,50,2,181.33,ecommerce,2,1
visa_11.3,visa,1,1,0,1,0,0,0,39,61,1,292.91,healthcare,2,1
visa_12.1,visa,1,0,1,1,1,0,0,29,16,0,3487.44,healthcare,2,1
rupay_1065,rupay,0,0,1,1,1,1,0,28,38,1,5032.83,healthcare,2,1
amex_C02,amex,0,0,0,0,1,0,0,40,83,0,4325.8,fintech,2,1
visa_13.1,visa,1,1,0,0,1,0,1,30,108,0,2474.86,fintech,1,0
amex_F14,amex,1,0,0,1,0,0,1,28,42,5,15229.25,healthcare,0,0
amex_A01,amex,0,0,1,0,0,0,0,45,25,0,1700.12,retail,2,1
visa_10.1,visa,1,1,1,1,0,0,0,4,95,1,2886.82,travel,2,1
visa_13.8,visa,1,1,1,0,0,0,0,8,88,1,2048.63,ecommerce,0,1
rupay_1085,rupay,1,0,1,0,1,1,1,36,47,0,3703.72,saas,2,1
visa_12.6.1,visa,1,1,0,1,1,0,1,35,33,3,19658.77,travel,2,1
rupay_ru01,rupay,0,1,1,0,0,0,1,13,84,0,1651.08,retail,1,1
amex_F31,amex,0,1,0,1,0,1,0,23,76,1,36628.66,ecommerce,2,1
mc_4855,mc,1,1,1,0,1,1,1,23,5,0,9198.13,fintech,2,1
rupay_ru02,rupay,1,1,1,0,0,1,0,13,116,2,4632.05,travel,2,0
rupay_1062,rupay,1,1,1,1,0,1,0,19,58,0,6198.05,fintech,1,0
mc_4863,mc,1,0,0,0,0,0,0,40,19,4,1842.51,saas,0,1
visa_11.3,visa,1,1,0,0,0,1,0,41,67,3,5726.74,healthcare,2,0
mc_4837,mc,0,0,1,1,1,0,1,11,78,3,5092.86,travel,1,0
mc_4863,mc,0,0,1,1,0,0,0,39,92,2,7148.35,saas,0,0
visa_10.5,visa,1,0,0,0,1,1,0,36,39,0,627.67,ecommerce,0,1
visa_10.1,visa,1,1,0,1,1,1,1,1,21,1,4766.88,travel,2,1
mc_4853,mc,0,0,0,0,0,1,1,15,79,1,13355.05,healthcare,0,0
mc_4837,mc,0,1,1,1,1,0,0,14,47,0,15216.47,saas,2,1
rupay_1085,rupay,1,0,0,1,0,1,0,44,65,0,38760.23,retail,0,0
amex_A02,amex,0,1,1,1,0,1,0,24,1,0,13227.32,ecommerce,2,1
mc_4850,mc,0,1,1,1,0,1,0,2,5,4,2437.05,fintech,2,0
visa_10.3,visa,1,1,1,1,1,0,1,29,24,2,1616.54,travel,0,1
mc_4850,mc,0,0,0,1,0,0,1,29,120,0,4858.83,ecommerce,2,1
rupay_1065,rupay,0,1,1,1,1,0,1,19,22,0,299.26,retail,2,1
rupay_1065,rupay,1,1,1,1,1,0,1,29,61,0,414.45,healthcare,2,1
rupay_1085,rupay,0,1,1,1,1,1,1,26,40,0,7800.01,travel,2,1
rupay_ru02,rupay,1,1,1,0,1,1,0,23,36,1,2996.35,fintech,2,1
visa_11.3,visa,1,1,0,1,0,0,1,37,99,0,3850.12,healthcare,2,1
visa_10.4,visa,1,0,1,1,0,1,0,21,48,1,13763.21,travel,1,1
mc_4812,mc,1,0,1,1,0,1,1,31,91,0,19403.0,travel,2,1
rupay_1085,rupay,0,0,0,1,1,0,0,17,38,0,7096.3,healthcare,2,1
mc_4863,mc,1,0,1,1,0,1,1,12,94,0,3669.8,ecommerce,2,1
amex_C08,amex,1,0,1,0,0,0,1,38,17,3,6941.81,ecommerce,1,0
visa_11.2,visa,1,0,1,0,0,0,0,37,88,0,2726.95,travel,2,1
visa_13.9,visa,1,1,1,1,1,0,0,36,100,0,7352.01,healthcare,2,1
mc_4863,mc,1,0,0,0,0,0,0,23,78,1,10958.71,travel,0,1
rupay_ru01,rupay,1,0,0,1,0,1,0,21,96,0,9517.25,retail,1,1
visa_13.7,visa,1,1,0,0,0,0,1,10,116,4,3589.27,travel,2,0
rupay_1065,rupay,1,0,1,1,1,1,1,7,119,1,6992.44,travel,2,1
mc_4837,mc,1,0,1,1,1,0,1,10,89,0,16126.17,retail,1,1
amex_C08,amex,0,1,0,1,0,0,0,44,32,2,12289.09,retail,1,0
mc_4834,mc,0,1,1,0,0,0,1,19,60,4,7096.94,saas,2,1
visa_10.2,visa,1,0,1,0,0,0,0,6,97,0,8806.06,saas,2,1
rupay_1065,rupay,1,0,0,1,1,1,0,15,93,2,3386.95,fintech,2,0
disc_AP,disc,1,1,1,1,1,0,0,1,12,0,4889.16,fintech,1,1
mc_4834,mc,1,1,1,1,1,1,0,4,115,1,18330.78,healthcare,2,0
mc_4812,mc,1,0,1,0,1,0,0,16,30,0,4244.79,fintech,2,1
visa_12.5,visa,0,0,1,0,0,0,0,36,40,0,2904.55,travel,0,1
visa_13.9,visa,0,1,1,1,0,0,0,36,13,0,1283.69,healthcare,2,1
mc_4853,mc,0,1,1,0,0,0,1,9,46,3,4166.98,fintech,1,0
visa_10.1,visa,1,1,1,0,0,0,0,24,103,4,19930.43,travel,2,0
mc_4841,mc,0,0,1,1,0,0,1,26,99,3,6463.95,fintech,1,0
mc_4855,mc,0,1,1,1,0,0,0,40,102,3,3621.53,healthcare,1,0
visa_10.1,visa,1,0,1,1,0,0,0,25,108,2,1332.6,fintech,2,1
visa_13.3,visa,0,0,1,0,0,1,1,44,30,0,6026.91,retail,0,1
visa_13.7,visa,0,1,1,1,1,1,0,2,4,0,1025.89,retail,2,1
mc_4834,mc,1,1,1,1,1,0,0,43,106,0,5014.29,healthcare,2,0
mc_4808,mc,1,1,1,1,1,0,1,27,91,1,2989.53,retail,2,1
rupay_1065,rupay,1,1,1,1,0,0,1,42,100,3,10050.4,travel,2,0
rupay_ru02,rupay,0,1,1,1,1,0,1,19,9,1,8998.56,travel,1,1
rupay_ru01,rupay,1,0,0,1,1,0,1,20,107,2,1980.05,retail,1,1
visa_13.2,visa,1,0,1,1,1,0,1,40,7,1,9135.46,healthcare,2,1
rupay_ru01,rupay,1,1,0,1,0,0,1,14,82,0,9392.98,fintech,1,1
mc_4863,mc,1,0,1,0,0,1,0,31,92,0,6273.83,healthcare,2,1
mc_4841,mc,1,1,1,0,1,0,0,19,83,0,17280.5,fintech,1,1
visa_12.5,visa,1,0,1,1,1,1,0,24,91,2,14638.64,ecommerce,2,1
visa_10.4,visa,1,0,1,1,0,0,0,33,45,2,4412.48,healthcare,1,1
visa_10.1,visa,0,1,1,1,0,0,1,34,106,1,1612.43,retail,2,1
visa_13.9,visa,1,0,1,1,1,0,0,31,40,5,2376.3,fintech,2,0
disc_UA,disc,1,1,0,1,0,0,0,24,10,1,768.73,travel,1,1
amex_A08,amex,1,1,1,0,0,0,1,11,10,0,8928.08,retail,2,1
mc_4808,mc,0,1,1,1,0,0,1,9,85,1,972.58,travel,2,1
visa_11.2,visa,0,1,1,1,1,0,0,7,115,0,8673.77,saas,2,1
visa_12.1,visa,1,1,1,0,1,1,1,18,45,0,8898.33,saas,2,1
visa_13.2,visa,1,0,1,1,1,1,0,35,79,0,28370.62,healthcare,1,1
visa_11.3,visa,0,0,0,0,0,1,1,26,18,0,6325.86,ecommerce,2,1
rupay_1085,rupay,0,0,1,1,1,0,0,39,3,1,6792.0,ecommerce,2,1
rupay_1085,rupay,1,1,0,1,1,0,1,12,89,1,4180.25,travel,2,1
visa_10.5,visa,1,1,1,0,1,0,0,39,82,2,10828.93,travel,1,1
rupay_1062,rupay,0,0,1,0,0,0,1,42,74,0,8451.31,fintech,0,0
mc_4837,mc,1,0,0,0,1,0,1,26,54,0,32139.33,saas,0,1
amex_C05,amex,1,1,1,1,1,1,1,24,64,1,13438.35,retail,2,1
rupay_1065,rupay,0,0,1,0,0,1,1,33,40,0,1242.72,fintech,2,0
visa_10.4,visa,0,1,1,0,0,1,0,22,77,3,9214.2,travel,1,0
visa_12.1,visa,1,0,1,1,1,1,1,5,119,0,10916.01,saas,2,1
visa_13.4,visa,1,0,0,1,0,0,1,12,116,0,211.79,saas,2,1
rupay_ru01,rupay,0,0,1,0,0,0,0,22,10,1,4064.87,ecommerce,1,1
visa_13.3,visa,1,1,1,0,0,0,0,15,117,3,18765.12,ecommerce,0,0
amex_C05,amex,0,1,1,1,1,0,1,37,102,2,874.56,saas,2,0
rupay_1065,rupay,0,1,1,1,1,1,1,44,99,0,16727.89,retail,2,1
visa_13.3,visa,0,1,1,1,0,1,0,5,66,8,2618.49,fintech,0,0
disc_DP,disc,0,1,1,0,1,0,0,34,103,0,1861.48,travel,2,0
amex_M49,amex,0,1,1,0,0,0,1,3,59,0,11023.98,ecommerce,2,1
visa_12.5,visa,1,1,1,1,1,0,0,40,48,1,3683.72,retail,0,0
visa_11.3,visa,1,1,1,1,1,1,0,22,73,0,33698.29,saas,2,1
visa_12.1,visa,0,1,1,1,0,0,0,4,26,0,1702.76,fintech,2,1
amex_A02,amex,0,1,0,0,0,0,0,19,66,1,15421.18,saas,2,0
mc_4855,mc,0,0,0,0,0,0,1,14,77,0,27020.52,fintech,1,1
mc_4871,mc,1,0,1,1,1,1,1,28,87,0,8835.48,travel,2,1
visa_13.2,visa,1,0,1,1,1,1,0,45,82,2,6738.34,healthcare,1,0
mc_4863,mc,0,1,0,1,0,0,0,23,83,0,18851.38,retail,0,0
rupay_1065,rupay,0,0,0,1,1,0,0,14,48,1,956.66,fintech,2,1
rupay_ru01,rupay,1,1,1,1,0,0,0,8,97,0,992.17,retail,2,1
visa_13.9,visa,0,0,0,1,0,0,0,17,97,0,570.55,retail,2,1
disc_RG,disc,0,1,1,0,0,1,0,22,11,0,1666.52,retail,1,1
visa_11.1,visa,0,0,0,1,0,0,0,29,80,1,5958.37,ecommerce,2,1
mc_4834,mc,1,0,0,0,0,1,1,36,80,0,12835.98,saas,2,1
rupay_1065,rupay,0,0,0,0,0,0,0,8,97,1,4475.15,healthcare,2,1
visa_12.6.1,visa,1,1,0,0,1,0,0,8,16,0,8971.49,ecommerce,2,1
rupay_1065,rupay,1,1,1,0,0,0,0,1,92,0,3099.97,retail,2,0
visa_13.3,visa,1,0,0,0,0,0,0,45,65,0,6936.54,saas,0,0
rupay_ru02,rupay,1,1,1,1,1,0,1,19,115,0,4206.76,saas,1,0
rupay_ru02,rupay,0,1,1,1,1,1,0,34,74,8,11890.54,travel,2,1
visa_10.1,visa,0,0,1,0,1,1,1,20,47,4,517.36,ecommerce,2,1
rupay_1065,rupay,0,0,1,0,0,0,0,11,5,0,1501.11,fintech,2,1
rupay_1085,rupay,1,0,1,1,0,0,0,38,39,1,2469.33,fintech,0,0
visa_13.2,visa,1,0,1,1,0,1,0,44,44,1,7370.84,fintech,0,0
visa_10.2,visa,1,0,1,1,0,1,0,16,33,1,830.04,retail,2,1
mc_4855,mc,0,0,1,1,1,1,0,2,57,0,6269.3,saas,1,0
mc_4853,mc,0,1,0,1,0,0,0,41,39,1,4225.71,ecommerce,1,1
rupay_1065,rupay,1,0,1,0,1,0,0,18,110,0,3918.66,retail,2,0
visa_11.3,visa,1,1,1,0,1,0,1,24,49,2,17336.87,ecommerce,2,0
rupay_1062,rupay,1,1,1,1,0,1,1,3,54,0,751.33,healthcare,1,0
rupay_1085,rupay,0,1,1,0,0,0,0,28,72,3,18558.51,healthcare,0,0
visa_10.4,visa,1,1,1,1,0,0,0,24,65,0,419.84,fintech,1,1
mc_4837,mc,1,1,1,0,1,0,1,6,55,0,5882.14,travel,1,1
visa_10.3,visa,1,0,1,0,0,1,0,30,56,0,2654.37,travel,2,1
mc_4871,mc,1,1,1,1,1,1,0,16,113,3,13516.1,healthcare,2,1
mc_4863,mc,1,0,1,1,0,0,0,35,52,0,490.18,ecommerce,0,1
visa_13.6,visa,1,1,1,0,1,0,0,42,116,3,6179.65,retail,2,0
mc_4853,mc,0,0,1,0,1,1,0,43,83,1,2008.48,healthcare,1,0
visa_11.1,visa,1,1,1,1,1,1,0,12,43,1,1668.44,healthcare,2,1
rupay_ru02,rupay,0,1,1,1,1,0,1,35,55,1,21711.07,fintech,1,1
amex_C02,amex,0,1,0,0,1,1,0,16,70,0,3500.67,travel,2,1
mc_4853,mc,1,0,0,0,1,1,1,9,48,0,10208.17,fintech,1,0
visa_12.1,visa,1,1,1,1,0,0,1,9,6,1,4052.32,saas,2,1
mc_4808,mc,0,0,0,0,0,0,0,45,52,0,1078.88,travel,2,1
mc_4808,mc,0,1,1,1,1,0,1,42,18,3,4106.66,fintech,2,0
visa_13.8,visa,0,1,0,0,1,0,0,41,91,5,6383.43,travel,2,0
mc_4855,mc,1,0,1,0,1,0,0,28,95,0,6174.06,saas,0,0
visa_10.4,visa,0,0,1,1,1,1,0,19,115,0,30972.2,saas,1,1
disc_UA,disc,1,0,1,0,1,0,0,3,85,0,6344.6,travel,1,1
visa_13.7,visa,0,0,1,1,0,0,0,17,116,2,782.49,healthcare,2,1
mc_4850,mc,1,1,1,1,0,0,0,9,22,0,1499.88,travel,2,1
mc_4870,mc,1,0,1,1,1,0,0,26,119,2,1656.53,healthcare,2,1
visa_13.1,visa,1,1,0,1,1,0,0,36,48,2,7281.39,saas,1,0
mc_4863,mc,1,0,1,1,0,1,1,1,23,5,7686.26,travel,2,1
amex_F29,amex,1,1,1,1,1,0,1,41,95,1,1551.23,saas,2,1
mc_4855,mc,1,1,0,1,0,0,1,44,29,2,2658.02,retail,1,1
visa_12.6.1,visa,1,0,1,0,1,0,0,35,33,3,3210.1,healthcare,2,0
visa_10.5,visa,1,0,1,0,0,0,0,25,85,3,11200.67,fintech,1,0
amex_C05,amex,0,0,1,0,1,1,1,44,118,1,8639.26,travel,2,1
rupay_1085,rupay,0,0,1,1,1,0,0,28,55,8,37790.31,retail,2,0
rupay_1062,rupay,1,1,1,0,1,1,0,26,118,0,3306.32,fintech,2,0
visa_12.1,visa,1,1,1,1,0,0,0,45,25,0,972.35,healthcare,2,1
visa_10.5,visa,0,0,0,1,0,1,0,4,45,0,3660.6,fintech,1,1
visa_11.3,visa,0,1,0,0,0,0,0,20,74,2,9138.81,ecommerce,2,0
disc_RG,disc,0,1,1,1,0,1,1,14,119,0,4482.34,travel,2,1
rupay_ru02,rupay,1,0,1,1,1,0,0,26,104,2,527.61,saas,0,0
disc_UA,disc,0,1,0,0,0,0,0,20,54,0,17069.08,healthcare,1,1
mc_4850,mc,0,1,0,0,1,1,0,1,99,0,1692.89,saas,2,1
mc_4870,mc,0,0,0,0,0,0,0,10,69,0,12458.74,retail,2,1
visa_10.4,visa,1,1,1,0,1,1,0,25,78,0,10141.38,healthcare,1,1
visa_10.5,visa,1,1,1,1,0,1,0,28,84,0,3707.43,saas,2,1
rupay_1062,rupay,1,0,0,0,0,0,1,20,19,0,10412.4,healthcare,0,1
mc_4850,mc,0,0,0,1,0,0,0,42,77,3,12477.08,ecommerce,2,0
visa_10.5,visa,1,1,0,0,0,0,1,29,23,5,12974.06,ecommerce,1,0
mc_4871,mc,0,0,1,1,1,1,0,11,110,0,8900.92,healthcare,2,1
rupay_ru01,rupay,1,1,0,1,1,0,0,15,37,0,3134.65,ecommerce,1,1
visa_10.5,visa,0,0,0,1,1,0,1,2,100,3,2459.63,saas,1,0
visa_13.2,visa,0,0,1,1,0,0,1,23,114,0,9875.4,healthcare,1,0
visa_13.5,visa,1,1,1,0,0,0,0,45,15,3,15230.59,saas,2,0
mc_4870,mc,1,0,1,1,0,0,1,16,49,0,210.15,saas,2,1
visa_13.9,visa,1,1,1,0,0,1,1,12,72,0,6487.1,travel,2,1
visa_10.1,visa,0,1,1,0,0,0,1,27,62,0,6008.5,healthcare,2,1
rupay_ru01,rupay,1,1,0,0,1,0,1,23,33,0,4161.61,saas,1,1
visa_10.3,visa,0,0,1,0,1,0,0,5,24,0,7363.23,saas,0,0
disc_UA,disc,0,0,1,1,0,1,0,34,35,1,5651.96,retail,1,1
visa_10.2,visa,1,0,1,1,1,0,0,33,53,1,7381.04,retail,2,1
visa_10.3,visa,1,1,1,1,1,0,0,15,57,3,4313.68,travel,0,0
rupay_ru01,rupay,0,0,0,0,0,0,1,28,88,0,1505.55,saas,0,1
visa_11.2,visa,0,1,1,0,0,0,0,9,35,1,6913.63,ecommerce,2,1
visa_10.2,visa,1,1,1,1,0,0,0,42,73,3,9655.28,retail,2,1
visa_13.9,visa,0,1,1,1,1,0,0,33,36,1,6249.24,fintech,2,1
rupay_ru01,rupay,1,0,1,1,1,1,1,5,23,1,16036.09,retail,1,1
visa_10.2,visa,0,1,1,1,1,0,0,37,42,0,14980.15,healthcare,2,1
visa_13.3,visa,1,1,1,1,0,0,1,3,50,0,1849.58,retail,0,0
visa_13.9,visa,1,1,1,0,1,0,0,40,9,2,16454.96,fintech,2,0
visa_13.6,visa,1,1,1,0,1,1,0,20,109,0,13833.31,fintech,2,1
rupay_1065,rupay,1,0,1,0,0,0,1,17,38,2,7052.76,healthcare,2,1
visa_10.5,visa,0,1,1,0,0,0,1,44,37,2,7647.54,fintech,1,0
mc_4850,mc,1,1,1,1,1,1,0,1,74,1,3465.22,travel,2,1
visa_13.4,visa,1,0,0,0,1,0,1,15,54,4,8348.18,saas,2,1
mc_4850,mc,1,1,1,0,1,0,0,23,115,1,21085.08,retail,2,1
mc_4850,mc,1,1,1,1,0,0,0,23,75,0,8563.28,fintech,2,1
mc_4855,mc,0,1,1,0,0,1,0,38,28,0,9030.93,fintech,1,1
mc_4871,mc,1,1,0,1,0,0,0,23,52,3,32221.98,fintech,2,1
disc_RM,disc,1,1,1,1,1,0,0,17,107,0,3134.62,ecommerce,2,0
mc_4850,mc,1,1,1,1,0,0,1,39,113,0,4881.92,travel,2,1
mc_4870,mc,1,1,0,1,1,1,1,33,85,0,10904.14,travel,2,1
rupay_1085,rupay,1,0,1,1,0,1,1,27,23,0,3856.45,saas,0,1
visa_10.2,visa,0,0,0,0,0,0,1,44,119,0,4597.68,saas,2,1
mc_4871,mc,1,1,1,0,0,1,0,44,34,1,4904.33,travel,2,1
visa_10.5,visa,1,1,1,1,0,1,1,36,117,0,274.06,fintech,2,1
disc_DP,disc,1,1,1,0,1,0,0,32,57,0,12278.49,retail,2,1
amex_R03,amex,1,1,1,1,0,0,1,24,114,0,7903.64,saas,1,1
visa_13.3,visa,0,1,1,1,0,0,1,20,42,4,9368.28,fintech,0,0
visa_13.2,visa,0,1,1,0,1,0,0,24,60,0,46405.89,retail,1,0
rupay_1062,rupay,0,0,1,1,0,0,0,32,21,0,12316.39,retail,0,0
visa_13.9,visa,1,0,1,0,0,1,0,28,54,1,1400.18,fintech,2,1
rupay_1062,rupay,0,1,1,0,1,1,0,7,118,0,1652.67,saas,2,0
visa_12.1,visa,1,1,1,1,1,0,0,31,25,8,6605.33,travel,2,0
rupay_1062,rupay,1,1,0,0,1,0,0,32,7,0,16724.05,travel,2,1
amex_F24,amex,0,1,1,1,1,0,0,26,79,2,14873.2,fintech,2,1
rupay_1085,rupay,0,0,1,0,0,0,1,13,62,0,9616.53,fintech,0,0
visa_10.4,visa,1,0,1,1,0,0,0,9,13,0,8172.62,fintech,1,1
mc_4863,mc,1,0,1,0,1,0,1,18,16,0,8817.96,travel,0,1
visa_13.1,visa,1,1,1,0,0,0,1,23,20,0,7259.76,fintech,1,0
visa_10.4,visa,1,0,1,0,1,0,0,7,70,2,5067.55,healthcare,1,1
rupay_1062,rupay,1,0,1,1,0,0,0,3,59,2,5301.52,travel,0,0
visa_10.4,visa,1,0,1,1,0,1,1,25,46,8,1744.33,travel,1,1
rupay_1065,rupay,1,1,1,0,0,0,0,2,44,0,26374.08,travel,2,0
visa_13.3,visa,1,1,1,0,0,1,1,34,93,0,22685.46,saas,0,0
rupay_1065,rupay,0,1,1,0,0,0,0,32,105,0,12014.4,travel,2,1
visa_13.5,visa,0,0,0,0,0,1,1,45,111,1,5333.35,saas,2,1
amex_A08,amex,1,0,1,1,0,0,0,22,27,1,4233.98,healthcare,2,1
visa_10.3,visa,1,1,0,1,0,0,1,37,98,0,36412.86,healthcare,0,0
rupay_1065,rupay,1,0,1,1,0,0,0,2,107,3,4266.52,saas,2,0
visa_13.9,visa,1,0,0,0,0,0,1,36,6,0,1732.61,retail,2,1
visa_10.2,visa,1,1,1,1,1,0,0,35,109,5,533.23,ecommerce,2,1
visa_13.6,visa,1,0,0,1,1,0,0,37,89,2,4645.43,retail,2,1
mc_4841,mc,1,1,0,1,0,1,1,9,87,3,2797.38,ecommerce,1,0
mc_4853,mc,1,1,0,0,1,1,0,2,104,2,14881.18,travel,2,0
mc_4863,mc,1,1,0,1,1,0,1,7,60,4,16033.64,saas,0,0
visa_13.8,visa,1,0,0,0,1,0,0,18,120,0,2255.66,travel,2,1
rupay_1085,rupay,0,1,0,1,0,0,1,45,28,0,1468.69,ecommerce,0,0
rupay_1062,rupay,1,0,0,1,1,0,1,12,67,1,3810.34,retail,1,1
visa_13.6,visa,0,1,0,1,1,0,0,25,111,1,9428.75,retail,2,1
visa_13.7,visa,1,0,1,1,1,1,1,29,106,3,495.24,healthcare,2,1
mc_4853,mc,1,1,1,1,1,1,0,17,53,0,5657.59,healthcare,2,1
visa_12.5,visa,1,0,1,1,0,1,0,44,100,0,5993.16,travel,2,0
mc_4870,mc,0,1,0,0,0,0,0,42,26,1,1147.2,healthcare,2,1
rupay_ru02,rupay,1,0,1,0,0,0,0,13,12,1,1491.01,travel,0,0
rupay_1065,rupay,1,1,1,1,1,0,0,33,45,2,8631.96,travel,2,1
visa_13.6,visa,1,0,1,0,0,1,0,25,34,1,4891.06,travel,0,0
mc_4837,mc,1,0,0,1,0,0,1,33,42,0,10709.69,saas,1,1
rupay_1065,rupay,1,1,1,1,0,0,1,10,54,0,9899.95,fintech,2,1
disc_nan,disc,1,1,1,0,0,1,0,28,93,0,2533.55,ecommerce,2,0
mc_4837,mc,0,0,1,0,1,0,0,33,68,0,282.18,retail,1,1
visa_13.8,visa,1,1,1,0,0,0,0,29,61,0,2565.87,fintech,0,0
visa_10.5,visa,1,0,0,0,0,0,0,21,3,2,5489.28,travel,0,0
visa_12.1,visa,1,1,0,1,1,0,0,11,35,0,2679.51,travel,2,1
rupay_ru01,rupay,1,1,0,0,0,0,1,38,43,0,2830.28,healthcare,1,1
visa_10.1,visa,1,1,1,0,1,0,0,5,72,0,13941.77,retail,2,1
amex_C18,amex,1,0,1,1,0,0,0,5,119,2,6035.23,saas,2,0
disc_RG,disc,0,0,1,1,0,0,0,31,65,0,9748.05,retail,0,0
mc_4812,mc,1,0,1,0,1,0,1,33,2,0,6650.88,healthcare,2,0
rupay_ru01,rupay,1,1,1,0,1,0,1,1,23,0,585.23,healthcare,1,1
visa_13.6,visa,1,1,0,1,0,0,1,1,59,1,4859.66,fintech,0,0
rupay_ru02,rupay,1,0,1,1,0,1,1,33,51,5,1230.87,healthcare,1,0
mc_4855,mc,1,0,1,1,1,0,1,32,120,0,1566.25,healthcare,1,0
visa_11.2,visa,1,1,0,1,1,1,0,25,76,0,8533.65,retail,2,1
rupay_1065,rupay,1,0,0,1,1,1,1,22,17,0,16085.72,ecommerce,2,1
rupay_1062,rupay,1,0,1,1,1,0,0,30,74,1,8456.61,ecommerce,1,1
rupay_1065,rupay,1,1,1,1,1,0,0,37,68,0,19192.59,ecommerce,2,1
mc_4808,mc,1,1,1,1,0,1,1,16,13,2,3914.74,fintech,2,1
rupay_ru02,rupay,1,1,1,1,0,0,1,31,81,0,2380.12,retail,1,0
visa_12.5,visa,1,0,0,1,0,1,0,27,20,1,11038.82,retail,2,1
visa_13.3,visa,0,1,1,0,0,0,0,43,26,2,17525.83,retail,0,0
mc_4812,mc,1,0,0,1,1,0,1,13,69,0,974.22,saas,2,1
visa_13.1,visa,1,1,1,1,0,0,1,40,95,1,9584.75,saas,1,1
visa_10.2,visa,1,0,1,0,1,0,0,38,102,0,1453.11,ecommerce,2,1
mc_4837,mc,1,0,1,1,0,0,1,11,113,0,14069.35,saas,1,1
visa_10.1,visa,1,0,1,0,1,0,1,22,39,3,3048.53,travel,2,1
disc_CD,disc,1,0,0,1,0,0,0,14,8,0,4232.71,healthcare,2,1
rupay_1062,rupay,1,0,1,1,1,0,0,6,44,0,6691.45,saas,1,1
disc_DP,disc,1,0,1,0,0,0,0,9,97,1,8919.77,saas,2,0
mc_4834,mc,1,1,0,1,0,0,0,18,37,0,5412.02,travel,2,1
amex_A02,amex,0,0,1,0,0,0,0,12,9,0,29425.71,ecommerce,2,1
visa_11.3,visa,1,1,1,0,0,0,0,4,90,0,5225.98,ecommerce,2,1
amex_P05,amex,1,0,1,1,0,0,1,32,41,2,4411.56,fintech,0,1
visa_11.2,visa,1,0,0,0,0,0,0,26,87,0,6231.7,fintech,2,1
visa_11.3,visa,1,1,1,1,1,1,0,15,20,0,1792.54,retail,2,1
rupay_ru01,rupay,0,0,0,0,1,0,0,9,42,4,2958.02,saas,0,0
visa_13.8,visa,1,1,1,0,0,0,0,11,84,0,36771.79,healthcare,0,0
rupay_ru02,rupay,0,0,1,1,0,1,1,25,66,1,3112.91,saas,1,1
visa_12.1,visa,1,0,1,1,0,1,1,13,59,0,15895.01,healthcare,2,1
mc_4808,mc,0,1,0,1,0,0,0,15,106,0,6217.2,fintech,2,1
rupay_ru01,rupay,0,1,1,1,0,1,0,15,75,0,11177.85,retail,2,1
disc_DP,disc,1,0,1,1,1,1,0,17,33,0,9802.43,retail,2,1
rupay_1065,rupay,1,0,1,1,0,0,0,34,33,1,4618.9,ecommerce,2,1
rupay_1065,rupay,1,0,1,0,1,0,0,10,102,0,3243.09,fintech,2,0
rupay_ru01,rupay,0,1,1,0,0,0,1,8,110,0,7642.64,travel,1,1
rupay_1062,rupay,0,1,0,1,1,0,1,18,8,1,5123.6,ecommerce,2,1
amex_M49,amex,0,1,1,1,0,1,0,23,112,1,6670.78,travel,2,1
visa_10.1,visa,1,0,1,1,0,1,0,45,99,0,7471.21,healthcare,2,1
mc_4863,mc,0,0,1,0,0,0,0,9,4,0,13475.96,fintech,0,1
rupay_1062,rupay,0,1,1,0,0,1,0,19,86,1,20884.8,healthcare,1,0
mc_4808,mc,0,1,1,1,0,0,1,8,13,0,27794.92,ecommerce,2,1
mc_4834,mc,1,1,1,1,0,0,1,13,82,1,799.17,saas,2,1
rupay_ru02,rupay,1,0,1,1,0,0,1,20,25,0,2319.07,retail,0,1
visa_12.1,visa,1,1,0,0,1,0,1,22,27,0,2016.52,ecommerce,2,1
visa_13.3,visa,1,1,1,0,1,0,1,39,114,0,32643.96,healthcare,2,1
visa_12.6.1,visa,0,0,0,0,1,0,0,32,90,3,7785.58,retail,2,0
disc_RM,disc,1,0,0,1,1,0,1,29,51,0,5993.98,fintech,2,1
mc_4871,mc,1,1,1,1,0,1,0,27,21,0,8183.89,saas,2,1
visa_13.2,visa,1,0,1,0,0,0,1,5,38,3,3094.48,travel,1,0
rupay_ru01,rupay,1,0,0,0,0,0,0,17,98,0,1269.36,saas,0,1
rupay_ru02,rupay,0,0,1,1,0,0,1,38,25,0,10141.54,travel,0,0
visa_12.6.1,visa,1,1,1,0,1,0,0,15,69,5,1423.28,travel,2,0
disc_UD,disc,1,0,0,0,1,0,1,22,37,1,8485.49,ecommerce,0,1
visa_12.1,visa,0,1,1,1,0,0,1,3,11,0,3479.67,ecommerce,2,1
mc_4855,mc,1,1,1,1,1,1,0,22,31,0,4017.59,fintech,1,1
mc_4863,mc,1,0,1,1,0,0,0,9,5,0,5512.28,retail,0,1
mc_4855,mc,1,0,1,0,0,0,0,21,80,4,2546.35,saas,0,0
mc_4808,mc,0,1,1,0,0,1,0,15,28,4,16419.35,saas,2,1
rupay_ru01,rupay,1,1,0,1,1,1,1,41,116,1,30657.92,ecommerce,1,0
amex_A02,amex,0,0,1,0,0,0,1,18,78,0,2422.38,fintech,2,1
rupay_1085,rupay,0,1,0,1,0,1,0,7,50,1,5926.59,fintech,0,1
mc_4812,mc,0,1,0,1,0,1,0,10,30,1,8074.2,healthcare,2,1
rupay_1065,rupay,1,1,1,1,0,0,0,11,15,0,1828.62,fintech,2,0
mc_4841,mc,1,1,1,1,0,1,0,13,17,0,198.89,saas,0,0
mc_4871,mc,1,1,1,1,1,0,0,9,14,0,2778.48,travel,2,1
visa_10.2,visa,1,1,0,0,0,0,0,41,67,2,5462.01,fintech,2,1
visa_13.8,visa,1,0,1,0,1,0,0,32,5,0,8656.72,saas,2,1
rupay_1085,rupay,1,1,0,0,1,0,0,16,76,0,10448.26,saas,2,1
mc_4855,mc,1,0,1,0,1,1,0,26,19,0,21525.14,saas,1,0
rupay_ru01,rupay,1,0,1,0,0,0,0,31,52,0,1033.39,healthcare,1,1
rupay_1085,rupay,1,0,1,0,1,1,0,34,73,0,12375.91,ecommerce,2,1
visa_13.6,visa,1,1,1,0,1,0,1,11,93,1,14882.07,saas,2,0
mc_4841,mc,0,0,1,1,1,1,0,12,1,0,486.42,travel,1,0
visa_11.2,visa,1,1,1,0,0,0,0,12,96,0,2124.38,healthcare,2,1
amex_C14,amex,0,0,1,1,0,0,0,31,22,1,981.91,retail,2,0
disc_DP,disc,0,1,1,1,1,0,0,2,63,0,1713.93,saas,2,1
visa_12.6.1,visa,1,1,0,0,1,1,0,10,120,0,2420.65,healthcare,2,1
rupay_ru01,rupay,0,1,1,0,0,1,1,32,39,3,264.49,healthcare,1,0
visa_11.3,visa,0,0,0,1,1,0,1,38,84,1,10066.52,healthcare,2,1
mc_4834,mc,1,0,1,0,1,0,1,22,89,2,2548.98,saas,2,1
mc_4850,mc,1,0,0,0,0,0,0,44,99,1,6097.68,ecommerce,2,0
rupay_ru02,rupay,1,0,1,1,1,1,0,44,64,2,17386.93,saas,1,0
disc_UD,disc,1,0,0,1,0,0,0,31,77,0,7632.47,retail,0,1
mc_4808,mc,0,1,1,0,1,0,1,38,54,1,17692.99,saas,2,1
visa_13.8,visa,1,0,1,0,0,0,0,26,36,0,179.3,fintech,0,0
disc_CD,disc,0,1,1,1,1,0,1,28,17,1,2789.18,fintech,2,1
mc_4871,mc,0,0,0,0,0,0,1,21,84,0,1394.37,fintech,2,1
rupay_1062,rupay,0,1,1,0,1,0,0,22,79,0,20421.05,healthcare,2,1
mc_4808,mc,0,1,1,0,1,0,0,41,107,0,12520.8,travel,2,0
rupay_ru02,rupay,1,0,0,0,1,1,0,28,27,0,12432.2,travel,1,1
mc_4870,mc,1,1,1,1,1,1,0,26,83,1,10794.22,retail,2,1
rupay_ru01,rupay,0,1,1,0,1,0,0,24,69,0,666.23,healthcare,1,0
mc_4871,mc,1,0,0,1,1,0,1,40,96,1,16280.71,travel,2,1
amex_F30,amex,1,1,1,1,0,0,1,32,91,0,4952.57,fintech,2,1
rupay_1085,rupay,1,1,1,0,1,0,0,36,84,1,6315.71,saas,2,1
rupay_1065,rupay,0,0,1,1,1,0,0,43,96,0,22335.86,ecommerce,2,1
visa_13.7,visa,0,0,1,1,0,0,0,28,22,1,4169.68,saas,2,1
rupay_1062,rupay,1,1,1,1,0,0,0,13,84,0,13890.95,fintech,1,1
mc_4853,mc,0,1,1,1,0,1,0,25,97,0,1153.27,retail,1,1
visa_10.5,visa,0,1,1,0,0,0,1,2,84,1,15415.92,saas,1,0
amex_R03,amex,1,1,0,0,0,0,1,1,104,1,21998.35,saas,1,0
visa_13.3,visa,1,1,1,1,1,0,1,13,26,1,8443.73,healthcare,2,1
mc_4871,mc,0,1,1,0,0,0,0,43,105,0,8165.43,retail,2,0
rupay_1085,rupay,1,1,0,0,0,0,1,4,109,1,705.24,retail,0,0
rupay_1085,rupay,1,0,0,1,0,0,1,10,113,1,857.31,travel,0,0
rupay_1085,rupay,1,1,1,0,1,0,0,45,85,0,590.12,saas,2,1
amex_C02,amex,1,1,1,0,0,1,0,32,83,8,9498.6,healthcare,2,0
visa_13.9,visa,1,0,1,0,1,0,0,43,21,0,12820.84,saas,2,1
rupay_ru02,rupay,1,0,0,1,0,0,1,45,15,1,2468.15,retail,0,0
visa_13.9,visa,1,1,1,0,1,0,0,29,41,0,1585.88,fintech,2,1
amex_F10,amex,1,1,1,0,0,0,0,28,96,1,573.41,ecommerce,0,0
mc_4863,mc,0,0,0,1,0,0,1,25,70,5,1913.83,travel,0,0
visa_10.5,visa,0,0,1,1,0,0,0,16,56,1,7450.97,fintech,1,0
visa_11.2,visa,1,1,1,1,0,0,1,7,52,1,576.99,travel,2,1
rupay_1062,rupay,0,0,1,1,1,0,0,17,38,1,13207.42,ecommerce,1,1
visa_13.4,visa,1,1,1,1,0,0,0,40,14,0,2353.49,healthcare,2,1
visa_13.9,visa,1,1,1,0,0,0,0,1,26,0,16519.6,retail,2,0
visa_10.3,visa,1,0,0,1,0,0,0,23,17,4,4458.89,fintech,0,0
visa_12.1,visa,1,0,1,1,1,0,0,13,110,8,3873.64,saas,2,0
visa_13.5,visa,1,0,1,1,1,1,0,33,33,1,371.45,fintech,2,1
visa_11.1,visa,0,1,1,0,1,0,1,2,65,3,6234.3,fintech,2,0
mc_4834,mc,1,1,1,1,1,1,0,8,57,0,2467.12,travel,2,1
amex_F10,amex,1,0,1,0,1,0,0,9,118,0,4672.19,saas,0,0
mc_4853,mc,1,1,1,0,0,0,0,33,42,1,33794.9,healthcare,1,1
rupay_ru02,rupay,1,1,1,1,0,1,0,26,18,0,1114.72,saas,2,1
rupay_1062,rupay,1,0,1,1,1,0,1,26,41,1,16423.19,travel,1,1
visa_10.2,visa,1,0,1,0,1,1,1,4,101,1,10003.47,retail,2,1
visa_10.2,visa,1,1,0,0,0,0,0,20,15,0,339.53,healthcare,2,1
rupay_ru02,rupay,0,1,0,0,0,0,1,25,49,0,1478.4,healthcare,1,1
disc_RG,disc,0,0,0,0,0,1,0,39,109,0,7589.25,retail,0,0
mc_4870,mc,1,1,1,0,1,0,1,27,56,1,5837.42,saas,2,1
visa_12.5,visa,1,1,1,0,0,0,1,12,10,3,704.47,travel,0,0
rupay_ru01,rupay,1,0,1,0,1,0,1,2,19,1,30071.82,fintech,1,1
visa_13.6,visa,1,0,1,0,0,0,1,26,55,0,11563.21,ecommerce,0,0
mc_4863,mc,0,1,1,1,1,0,1,20,26,4,9228.43,retail,0,0
visa_12.1,visa,1,1,0,0,1,0,0,29,52,2,1662.21,travel,2,1
visa_10.2,visa,0,1,0,1,0,0,1,13,24,0,10706.44,ecommerce,2,0
visa_13.9,visa,0,1,1,0,1,1,1,6,49,0,5275.06,retail,2,1
rupay_ru02,rupay,0,1,1,0,1,1,1,12,115,1,9986.83,healthcare,2,1
rupay_1065,rupay,0,0,1,0,1,1,1,17,35,2,1765.63,fintech,2,1
visa_10.2,visa,1,1,1,1,0,1,0,25,18,0,5895.5,travel,2,1
visa_13.6,visa,1,0,0,1,0,0,0,24,10,0,5553.85,travel,0,0
visa_12.5,visa,1,0,1,1,1,0,0,3,55,8,11460.51,fintech,0,0
disc_DP,disc,0,1,1,0,0,0,1,41,13,0,12035.97,travel,2,1
rupay_ru01,rupay,1,1,1,1,1,1,0,14,117,1,8873.65,healthcare,2,1
mc_4834,mc,1,0,0,1,1,0,1,32,103,2,14511.74,retail,2,0
rupay_1085,rupay,0,1,1,1,0,0,0,39,11,1,1927.9,fintech,0,0
rupay_ru01,rupay,1,1,0,1,1,0,1,21,60,0,4008.97,healthcare,1,1
rupay_1085,rupay,1,1,1,1,0,0,1,1,4,0,34462.78,retail,0,0
visa_10.5,visa,0,1,0,0,0,0,0,45,98,0,3241.97,healthcare,1,0
visa_13.9,visa,1,0,1,1,1,1,1,33,15,0,7262.66,ecommerce,2,1
disc_RG,disc,0,0,0,0,0,0,1,2,68,3,1192.86,retail,1,0
visa_13.5,visa,1,1,1,1,1,0,0,34,87,3,18002.13,travel,2,0
visa_13.9,visa,1,0,1,1,1,0,1,6,93,0,19806.43,fintech,2,0
mc_4837,mc,1,0,1,1,1,0,1,19,45,2,294.47,travel,1,1
rupay_1065,rupay,1,0,1,0,1,0,0,31,97,0,111.18,fintech,2,1
visa_10.5,visa,1,0,0,1,1,0,1,2,60,0,20251.98,ecommerce,1,0
mc_4850,mc,0,1,1,0,1,0,0,44,61,0,4173.79,healthcare,2,1
amex_R03,amex,0,1,1,1,0,0,0,39,84,0,7597.97,ecommerce,1,1
rupay_ru02,rupay,1,1,1,1,0,0,1,15,66,2,1041.58,ecommerce,1,0
mc_4808,mc,1,1,0,0,0,0,0,34,19,0,18855.13,ecommerce,2,1
rupay_1065,rupay,1,0,1,1,0,0,0,7,12,0,3586.77,ecommerce,2,1
visa_13.6,visa,1,0,1,1,0,0,0,21,108,0,9490.08,travel,0,0
disc_AP,disc,1,0,1,0,0,1,1,33,114,3,2276.34,travel,1,0
amex_P08,amex,1,0,1,1,0,1,0,22,108,0,4204.72,travel,2,1
mc_4837,mc,1,1,0,1,0,0,1,19,13,0,7283.07,travel,1,1
mc_4850,mc,0,0,1,1,1,0,0,13,34,1,1413.69,travel,2,1
visa_13.2,visa,1,0,1,1,1,0,1,35,32,0,7225.15,saas,2,1
rupay_1085,rupay,1,1,0,1,1,1,0,45,20,5,392.1,healthcare,2,1
rupay_1065,rupay,1,0,1,1,0,0,0,37,41,0,18475.4,travel,2,1
visa_13.2,visa,0,0,1,1,0,1,0,38,2,1,17451.96,fintech,0,0
rupay_1062,rupay,1,1,0,0,0,0,1,33,64,0,9643.35,travel,1,1
disc_CD,disc,1,1,1,1,0,0,0,6,120,0,5843.18,travel,2,0
disc_RG,disc,0,0,0,0,1,0,1,33,110,0,3410.25,healthcare,1,1
rupay_1065,rupay,1,1,1,1,1,1,1,17,76,1,8921.72,travel,2,1
mc_4850,mc,0,1,0,1,0,0,1,38,112,0,31335.72,saas,2,0
rupay_ru02,rupay,0,0,1,0,0,0,0,28,98,0,346.58,travel,0,0
visa_12.1,visa,1,0,1,1,0,0,0,16,49,3,7994.75,travel,2,1
mc_4870,mc,1,0,1,1,1,0,1,10,72,0,7661.74,travel,2,1
rupay_ru02,rupay,1,1,1,0,0,0,1,29,109,1,1409.41,travel,1,1
visa_13.3,visa,1,0,1,1,0,1,1,43,23,0,461.39,retail,0,0
amex_C14,amex,1,1,1,1,0,1,0,31,49,0,11065.54,healthcare,2,1
mc_4841,mc,1,1,1,0,1,0,0,18,112,0,8588.49,retail,1,0
visa_11.3,visa,0,1,0,1,1,1,0,40,11,1,5270.32,retail,2,1
mc_4834,mc,1,1,1,1,1,0,0,39,13,1,243.22,ecommerce,2,1
rupay_1085,rupay,1,0,1,0,0,0,0,4,87,0,784.6,healthcare,0,0
visa_13.6,visa,0,0,0,1,0,0,0,38,116,4,5632.22,saas,0,0
mc_4871,mc,0,0,1,1,1,0,0,7,118,0,4392.13,travel,2,1
disc_AA,disc,1,0,0,1,1,0,1,7,65,0,18157.75,ecommerce,0,0
mc_4841,mc,1,0,1,1,1,0,1,16,12,0,431.51,retail,2,1
rupay_ru01,rupay,1,0,1,1,0,1,1,9,66,1,1000.35,travel,1,0
rupay_1065,rupay,1,0,0,1,0,1,1,11,105,0,8422.15,ecommerce,2,1
visa_13.1,visa,1,0,0,0,1,0,0,29,47,0,43397.5,healthcare,0,0
mc_4837,mc,0,1,1,0,0,1,0,43,85,0,15873.4,fintech,1,1
amex_R13,amex,0,1,1,1,1,0,0,19,103,1,13383.66,saas,2,1
amex_P08,amex,0,0,1,0,0,1,0,31,94,2,8463.68,fintech,2,0
visa_13.3,visa,1,1,1,0,0,0,1,3,4,4,5657.98,saas,0,1
mc_4834,mc,0,1,1,0,0,1,1,43,79,0,12429.04,ecommerce,2,0
mc_4870,mc,1,0,1,1,0,1,1,21,115,0,7101.01,fintech,2,1
visa_13.4,visa,1,1,1,1,1,1,0,31,65,4,19756.3,retail,2,1
rupay_ru02,rupay,1,1,0,0,1,1,0,36,35,0,9006.86,retail,2,1
visa_13.8,visa,0,1,1,0,1,0,1,18,26,1,12682.53,fintech,2,1
visa_12.6.1,visa,1,0,1,1,0,0,1,41,118,0,1955.93,travel,2,1
rupay_1062,rupay,0,0,1,1,1,0,1,19,21,0,3321.36,saas,1,1
amex_F30,amex,1,1,0,1,1,1,0,5,91,2,7011.88,ecommerce,2,0
mc_4855,mc,1,1,1,1,1,1,0,6,99,3,9430.91,travel,1,0
mc_4834,mc,0,0,1,0,0,0,0,33,65,0,3949.61,retail,2,1
mc_4853,mc,1,1,0,1,1,1,0,12,23,1,5637.12,retail,2,1
amex_C18,amex,1,0,0,1,1,0,0,34,83,1,14958.19,travel,2,1
visa_13.9,visa,0,1,1,0,0,0,0,21,99,0,971.18,saas,2,1
mc_4850,mc,1,0,0,1,0,0,0,40,82,0,2396.89,retail,2,1
visa_13.5,visa,0,0,1,1,0,1,0,29,60,0,1384.76,fintech,2,1
rupay_ru01,rupay,1,0,1,1,1,0,0,28,34,1,158.84,fintech,1,1
visa_12.1,visa,1,1,1,1,1,1,0,11,86,5,1246.88,retail,2,0
mc_4855,mc,1,0,0,1,1,0,0,11,73,0,673.9,ecommerce,0,0
mc_4871,mc,0,1,1,1,1,0,0,41,91,0,6429.13,healthcare,2,1
visa_12.6.1,visa,1,0,0,0,1,0,1,27,71,2,5987.89,fintech,2,0
rupay_ru02,rupay,0,0,0,1,1,0,0,30,42,0,8093.73,ecommerce,0,0
visa_10.1,visa,0,1,1,0,1,0,0,44,84,0,40880.86,healthcare,2,1
rupay_1062,rupay,0,0,1,0,1,0,0,31,93,1,6967.44,healthcare,1,1
rupay_1085,rupay,0,1,1,1,0,0,0,12,97,0,783.79,fintech,0,0
disc_RM,disc,0,0,1,0,0,0,0,24,71,4,9769.63,fintech,2,1
mc_4870,mc,1,1,1,0,1,0,1,6,102,0,361.33,travel,2,1
amex_R03,amex,1,0,1,0,0,0,1,19,8,0,1345.44,travel,0,0
disc_UA,disc,0,1,1,1,0,0,1,36,41,0,5228.57,retail,1,0
visa_13.1,visa,1,1,1,1,0,1,1,1,98,0,4052.84,retail,2,0
rupay_1085,rupay,0,0,1,1,0,0,0,22,104,1,827.55,travel,0,0
rupay_1085,rupay,1,0,1,1,0,0,1,8,67,0,10269.2,ecommerce,0,0
rupay_1062,rupay,0,1,1,1,1,1,1,6,95,2,7086.43,retail,2,1
amex_C31,amex,1,0,1,1,1,0,1,21,78,1,14416.94,retail,2,1
rupay_1065,rupay,0,1,1,0,1,0,0,28,2,3,1938.28,healthcare,2,1
mc_4834,mc,1,1,0,1,1,0,0,45,105,1,11466.06,saas,2,0
visa_13.2,visa,1,0,1,0,0,0,1,7,10,0,928.78,saas,1,1
rupay_1065,rupay,1,1,1,1,1,0,0,13,23,1,1455.77,healthcare,2,1
mc_4853,mc,1,0,0,1,1,0,0,5,113,1,5648.78,ecommerce,1,0
visa_13.8,visa,1,1,0,0,0,1,0,13,102,8,659.92,healthcare,0,0
amex_F31,amex,1,1,1,0,1,1,0,30,37,1,1202.84,fintech,2,1
visa_12.1,visa,0,0,0,1,0,0,1,16,52,2,9330.02,saas,2,0
visa_13.2,visa,1,0,1,1,1,0,1,11,56,2,2575.03,ecommerce,2,1
visa_13.2,visa,0,1,1,1,1,1,0,43,37,0,24317.46,healthcare,1,1
disc_DP,disc,0,1,1,1,0,1,1,29,38,0,2620.36,fintech,2,1
visa_13.6,visa,1,1,1,1,0,1,1,42,73,0,22286.2,fintech,0,0
visa_12.6.1,visa,0,1,0,0,0,1,1,32,8,0,2046.45,healthcare,2,1
